Name,Email,Position,Site,Main,Date,Time,Phone,Money,Shift,Avatar,
Dwayne Wells,treeves@outlook.com,Site Mgr,"Microsoft (CBRE) – Des Moines, IA",Microsoft (CBRE) – Puget Sound (CBRE),06/11/2020,9:30 PM,(000) 000-0015,"$8,488.00",Day,https://cdn.4insite.com/assets/95213175388a42e2853c7f8b7c179da6_20230417_074714_t.jpg,https://cdn.4insite.com/assets/rff66c5df069444ac97cc4c85ee906d6a_Headshot_t.png
Jazmin Lin,sacraver@mac.com,Sr Site Mgr,Abbott – Abbott Park,"Delta - LaGuardia, NY",03/23/2020,3:00 PM,(000) 000-0011,"$1,052.00",Night,https://cdn.4insite.com/assets/d59260db4c624794aa21a73c958b5e09_FB_IMG_1750046846456_t.jpg,https://cdn.4insite.com/assets/rf2863015eb7f46ea9c641eec2db424cd_Alex_Picture_t.png
Kasey Douglas,rgarcia@optonline.net,Assoc Site Mgr,"Microsoft (CBRE) – Des Moines, IA","Delta - Detroit, MI",04/14/2021,5:05 PM,(777) 777-7791,"$2,415.00",Swing,https://cdn.4insite.com/assets/rc7c1a163596546e097a3312917128ab4_be_t.jpg,https://cdn.4insite.com/assets/re212dd5e42764832b42ea1c3ee805a2d_Screenshot_20230118_203821_Gallery_t.png
Mia Moyer,ramollin@msn.com,Account Mgr,"Boeing (JLL) – O'Fallon, MO",Microsoft (CBRE) – Puget Sound (CBRE),07/01/2020,6:20 PM,(888) 888-8902,"$9,113.00",Graveyard,https://cdn.4insite.com/assets/r39179793193e423d898d1724715c3f26_Headshot20264_t.png,https://cdn.4insite.com/assets/r9caff6d0b6b04667bbfebdad11191ea7_StuKelloffsProfilePic_t.png
Maya Valenzuela,kudra@att.net,Account Dir,"GM (JLL) – Chandler, AZ","Delta - LaGuardia, NY",04/23/2021,7:50 AM,(444) 444-4446,"$9,438.00",Day,https://cdn.4insite.com/assets/61c4197397a9465383b2fa6fbb46e986_ProfessionalHeadshotCENTERED_t.jpg,https://cdn.4insite.com/assets/r9ac5ef03f70b45d98e38df6fa721a0e1_PXL_20230328_211357723.PORTRAIT3_t.png
Christina Delacruz,bulletin@msn.com,Site Mgr,"Endo Pharmaceuticals Inc – Malvern, PA","Delta - Detroit, MI",07/30/2021,5:45 PM,(111) 111-1125,"$2,544.00",Night,https://cdn.4insite.com/assets/3945ad92d52340539a4c70a4e02045bc_ahmed_t.jpg,https://cdn.4insite.com/assets/r7abc65047ed449f686779c191234a98d_temp_file_.jpg
Kasey Dunn,blixem@yahoo.com,Sr Site Mgr,DuPont – Buffalo,Microsoft (CBRE) – Puget Sound (CBRE),03/13/2021,8:35 PM,(333) 333-3349,"$9,391.00",Swing,https://cdn.4insite.com/assets/3e80ff336dac4d83aa4060231556d5e9_cropped7432398783125274680.jpg,https://cdn.4insite.com/assets/r6fa7e5e9447f412ea5d19152cd587135_Screenshot20250923111350_t.png?X-Amz-Algorithm=AWS4-HMAC-SHA256&X-Amz-Content-Sha256=UNSIGNED-PAYLOAD&X-Amz-Credential=ASIA3P5EIQBK2EAQQJGJ%2F20260612%2Fus-west-2%2Fs3%2Faws4_request&X-Amz-Date=20260612T182822Z&X-Amz-Expires=300&X-Amz-Security-Token=IQoJb3JpZ2luX2VjEFMaCXVzLXdlc3QtMiJIMEYCIQD7KMRDZFJWYkfGCdXYApkS8K5vx6Z0M%2F6glnpxwSJ0jQIhAP3ShKjrMYxejB3Nt%2B9np%2Buje6TcRvAqgNycgnVOQ3ucKu0CCBwQBBoMNzkwMDgxNjAxNjIxIgwHgLc7ZY7sW841rFEqygJy%2BOAkHJMI%2BAajjHps6ZmL%2FZiXZ8KpOCPeJcLFc2HJmV%2BkS5AS%2BO0PtVkBv3Q4n0veLZ%2FqH3fVLFXBfj4t7W0TQ85CnCnBNXv1E7VAH2dp2qr2X2x7CRChFs5BMNXuxLo1nOnhlgPPtvWy%2BZqTaiP%2FksKv7BXWKtcB2fJkIJlkHXmA66EcGkcXPeSrLJYzb8MmXHxBfpCkn5PtDPg75CGm1JRrPwRhkRojfMlhBn39YcwtXSqbMc4%2F58clKYnArfOxaaDEdV4cYA7iizEftKNKmZxMmRn3%2B9Q8YGBTtZn3UjpWFyV69rXDwg%2F6BfoGcwylsc6%2FM7wRp5wHtECG5Z7Ffuvu%2F6BXVjJjLTiFjjcl3z%2BM%2F%2FTuw5bcdDn2l3ycvSYrTEHdTQlqQpQxV0fR50tDKWklUPrgwtXp2TvdNHnvSlqXZszxTg367uAwu9uw0QY6rAKw6ejecdP8ZQ45dk73KWeJl1w8hn0aWvUHRTIVKV5FizKeOv%2FKQrQ8loAJ4v8IA4v3LA2uIolG9DKOFJfI6WA0uOkIdrcoJhI9r92t%2FG7XPE4KhnWAgAPFY3AWvo0rikBjSXc%2Fu2k9BANoqkG4tXWux6YgvS8CaeZ3p8Pei%2Fv1uLYXUyAQBDMcwv1TGYQAlef3fo9eSN8wUKo3%2FzqHHKyq%2BZFX08HAw7lVlzmUedF8P8e0nj0EK2ohDmfh5VnjDC5hBWBJvzFCugkf9ZGTljbZTyMZNRM46YMmyjmZXyqsAD1JBNce%2F3YEcTPTe54157nE1JHri3DwyFQtIReTxa%2BpJenYenfN30QJNf%2Fy3vGc0ObBk8TonskU4%2B%2F2aaU9hTdOQEmdLW6sW2UtTV8%3D&X-Amz-Signature=121177e02f8d2b8b817644508ab68b1984375780894f2e3fba0b0a944a5448b8&X-Amz-SignedHeaders=host&response-content-disposition=inline
Brendon Lee,burns@comcast.net,Assoc Site Mgr,"Micron (C&W) – Boise, ID","Delta - LaGuardia, NY",06/07/2021,8:20 PM,(000) 000-0015,"$5,099.00",Graveyard,https://cdn.4insite.com/assets/r0a1cee2e179841c9b22f813f635edc13_portrait_t.jpg,https://cdn.4insite.com/assets/r613ecdcb4b794920b91e3ba16b79e62b_44d6d6963a0a4b6cad8dc78bba16e639_t.png?X-Amz-Algorithm=AWS4-HMAC-SHA256&X-Amz-Content-Sha256=UNSIGNED-PAYLOAD&X-Amz-Credential=ASIA3P5EIQBK2EAQQJGJ%2F20260612%2Fus-west-2%2Fs3%2Faws4_request&X-Amz-Date=20260612T182822Z&X-Amz-Expires=300&X-Amz-Security-Token=IQoJb3JpZ2luX2VjEFMaCXVzLXdlc3QtMiJIMEYCIQD7KMRDZFJWYkfGCdXYApkS8K5vx6Z0M%2F6glnpxwSJ0jQIhAP3ShKjrMYxejB3Nt%2B9np%2Buje6TcRvAqgNycgnVOQ3ucKu0CCBwQBBoMNzkwMDgxNjAxNjIxIgwHgLc7ZY7sW841rFEqygJy%2BOAkHJMI%2BAajjHps6ZmL%2FZiXZ8KpOCPeJcLFc2HJmV%2BkS5AS%2BO0PtVkBv3Q4n0veLZ%2FqH3fVLFXBfj4t7W0TQ85CnCnBNXv1E7VAH2dp2qr2X2x7CRChFs5BMNXuxLo1nOnhlgPPtvWy%2BZqTaiP%2FksKv7BXWKtcB2fJkIJlkHXmA66EcGkcXPeSrLJYzb8MmXHxBfpCkn5PtDPg75CGm1JRrPwRhkRojfMlhBn39YcwtXSqbMc4%2F58clKYnArfOxaaDEdV4cYA7iizEftKNKmZxMmRn3%2B9Q8YGBTtZn3UjpWFyV69rXDwg%2F6BfoGcwylsc6%2FM7wRp5wHtECG5Z7Ffuvu%2F6BXVjJjLTiFjjcl3z%2BM%2F%2FTuw5bcdDn2l3ycvSYrTEHdTQlqQpQxV0fR50tDKWklUPrgwtXp2TvdNHnvSlqXZszxTg367uAwu9uw0QY6rAKw6ejecdP8ZQ45dk73KWeJl1w8hn0aWvUHRTIVKV5FizKeOv%2FKQrQ8loAJ4v8IA4v3LA2uIolG9DKOFJfI6WA0uOkIdrcoJhI9r92t%2FG7XPE4KhnWAgAPFY3AWvo0rikBjSXc%2Fu2k9BANoqkG4tXWux6YgvS8CaeZ3p8Pei%2Fv1uLYXUyAQBDMcwv1TGYQAlef3fo9eSN8wUKo3%2FzqHHKyq%2BZFX08HAw7lVlzmUedF8P8e0nj0EK2ohDmfh5VnjDC5hBWBJvzFCugkf9ZGTljbZTyMZNRM46YMmyjmZXyqsAD1JBNce%2F3YEcTPTe54157nE1JHri3DwyFQtIReTxa%2BpJenYenfN30QJNf%2Fy3vGc0ObBk8TonskU4%2B%2F2aaU9hTdOQEmdLW6sW2UtTV8%3D&X-Amz-Signature=21fd81431a42035a2e2ccc9ee62a4cdd8d4e44af34632e23ed19a90c378f9d80&X-Amz-SignedHeaders=host&response-content-disposition=inline
Chad Espinoza,roamer@verizon.net,Account Mgr,"Anthem – Denver, CO","Delta - Detroit, MI",05/31/2021,9:20 PM,(777) 777-7792,"$2,661.00",Day,https://cdn.4insite.com/assets/027bad2c2a994309a2f5343d78902060_Headshort_t.jpg,https://cdn.4insite.com/assets/r4449dd9505c248e89ba62e382c91f9ad_thumbnail_IMG_6398_t.png?X-Amz-Algorithm=AWS4-HMAC-SHA256&X-Amz-Content-Sha256=UNSIGNED-PAYLOAD&X-Amz-Credential=ASIA3P5EIQBK2EAQQJGJ%2F20260612%2Fus-west-2%2Fs3%2Faws4_request&X-Amz-Date=20260612T182822Z&X-Amz-Expires=300&X-Amz-Security-Token=IQoJb3JpZ2luX2VjEFMaCXVzLXdlc3QtMiJIMEYCIQD7KMRDZFJWYkfGCdXYApkS8K5vx6Z0M%2F6glnpxwSJ0jQIhAP3ShKjrMYxejB3Nt%2B9np%2Buje6TcRvAqgNycgnVOQ3ucKu0CCBwQBBoMNzkwMDgxNjAxNjIxIgwHgLc7ZY7sW841rFEqygJy%2BOAkHJMI%2BAajjHps6ZmL%2FZiXZ8KpOCPeJcLFc2HJmV%2BkS5AS%2BO0PtVkBv3Q4n0veLZ%2FqH3fVLFXBfj4t7W0TQ85CnCnBNXv1E7VAH2dp2qr2X2x7CRChFs5BMNXuxLo1nOnhlgPPtvWy%2BZqTaiP%2FksKv7BXWKtcB2fJkIJlkHXmA66EcGkcXPeSrLJYzb8MmXHxBfpCkn5PtDPg75CGm1JRrPwRhkRojfMlhBn39YcwtXSqbMc4%2F58clKYnArfOxaaDEdV4cYA7iizEftKNKmZxMmRn3%2B9Q8YGBTtZn3UjpWFyV69rXDwg%2F6BfoGcwylsc6%2FM7wRp5wHtECG5Z7Ffuvu%2F6BXVjJjLTiFjjcl3z%2BM%2F%2FTuw5bcdDn2l3ycvSYrTEHdTQlqQpQxV0fR50tDKWklUPrgwtXp2TvdNHnvSlqXZszxTg367uAwu9uw0QY6rAKw6ejecdP8ZQ45dk73KWeJl1w8hn0aWvUHRTIVKV5FizKeOv%2FKQrQ8loAJ4v8IA4v3LA2uIolG9DKOFJfI6WA0uOkIdrcoJhI9r92t%2FG7XPE4KhnWAgAPFY3AWvo0rikBjSXc%2Fu2k9BANoqkG4tXWux6YgvS8CaeZ3p8Pei%2Fv1uLYXUyAQBDMcwv1TGYQAlef3fo9eSN8wUKo3%2FzqHHKyq%2BZFX08HAw7lVlzmUedF8P8e0nj0EK2ohDmfh5VnjDC5hBWBJvzFCugkf9ZGTljbZTyMZNRM46YMmyjmZXyqsAD1JBNce%2F3YEcTPTe54157nE1JHri3DwyFQtIReTxa%2BpJenYenfN30QJNf%2Fy3vGc0ObBk8TonskU4%2B%2F2aaU9hTdOQEmdLW6sW2UtTV8%3D&X-Amz-Signature=cafa53c4a5b37c22b833dbbab4828837de83e6138f3d858442e3f9b31ea54c9e&X-Amz-SignedHeaders=host&response-content-disposition=inline
Yurem Richards,grady@verizon.net,Account Dir,"Nestle – ST. Joseph, MO - Purina ",Microsoft (CBRE) – Puget Sound (CBRE),03/04/2020,6:50 PM,(555) 555-5570,"$9,710.00",Night,https://cdn.4insite.com/assets/1598016323.0497205_CB_t.png,https://cdn.4insite.com/assets/r32c977234fe949efb2318c4db1ba0de4_ProfilePic_091056_t.png?X-Amz-Algorithm=AWS4-HMAC-SHA256&X-Amz-Content-Sha256=UNSIGNED-PAYLOAD&X-Amz-Credential=ASIA3P5EIQBK2EAQQJGJ%2F20260612%2Fus-west-2%2Fs3%2Faws4_request&X-Amz-Date=20260612T182822Z&X-Amz-Expires=300&X-Amz-Security-Token=IQoJb3JpZ2luX2VjEFMaCXVzLXdlc3QtMiJIMEYCIQD7KMRDZFJWYkfGCdXYApkS8K5vx6Z0M%2F6glnpxwSJ0jQIhAP3ShKjrMYxejB3Nt%2B9np%2Buje6TcRvAqgNycgnVOQ3ucKu0CCBwQBBoMNzkwMDgxNjAxNjIxIgwHgLc7ZY7sW841rFEqygJy%2BOAkHJMI%2BAajjHps6ZmL%2FZiXZ8KpOCPeJcLFc2HJmV%2BkS5AS%2BO0PtVkBv3Q4n0veLZ%2FqH3fVLFXBfj4t7W0TQ85CnCnBNXv1E7VAH2dp2qr2X2x7CRChFs5BMNXuxLo1nOnhlgPPtvWy%2BZqTaiP%2FksKv7BXWKtcB2fJkIJlkHXmA66EcGkcXPeSrLJYzb8MmXHxBfpCkn5PtDPg75CGm1JRrPwRhkRojfMlhBn39YcwtXSqbMc4%2F58clKYnArfOxaaDEdV4cYA7iizEftKNKmZxMmRn3%2B9Q8YGBTtZn3UjpWFyV69rXDwg%2F6BfoGcwylsc6%2FM7wRp5wHtECG5Z7Ffuvu%2F6BXVjJjLTiFjjcl3z%2BM%2F%2FTuw5bcdDn2l3ycvSYrTEHdTQlqQpQxV0fR50tDKWklUPrgwtXp2TvdNHnvSlqXZszxTg367uAwu9uw0QY6rAKw6ejecdP8ZQ45dk73KWeJl1w8hn0aWvUHRTIVKV5FizKeOv%2FKQrQ8loAJ4v8IA4v3LA2uIolG9DKOFJfI6WA0uOkIdrcoJhI9r92t%2FG7XPE4KhnWAgAPFY3AWvo0rikBjSXc%2Fu2k9BANoqkG4tXWux6YgvS8CaeZ3p8Pei%2Fv1uLYXUyAQBDMcwv1TGYQAlef3fo9eSN8wUKo3%2FzqHHKyq%2BZFX08HAw7lVlzmUedF8P8e0nj0EK2ohDmfh5VnjDC5hBWBJvzFCugkf9ZGTljbZTyMZNRM46YMmyjmZXyqsAD1JBNce%2F3YEcTPTe54157nE1JHri3DwyFQtIReTxa%2BpJenYenfN30QJNf%2Fy3vGc0ObBk8TonskU4%2B%2F2aaU9hTdOQEmdLW6sW2UtTV8%3D&X-Amz-Signature=124136e06cc14da8e82f661cf78edb492cc317153b4ffb6f018ab1a9211d77e8&X-Amz-SignedHeaders=host&response-content-disposition=inline
Kiara Gallagher,horrocks@att.net,Site Mgr,Delta (JLL) – Cargo DFW,"Delta - LaGuardia, NY",05/30/2021,4:25 PM,(888) 888-8901,$988.00,Swing,https://cdn.4insite.com/assets/61c4197397a9465383b2fa6fbb46e986_ProfessionalHeadshotCENTERED_t.jpg,https://cdn.4insite.com/assets/r2d096b1a4ca24d0ea8034d7a248f708e_78321_t.png?X-Amz-Algorithm=AWS4-HMAC-SHA256&X-Amz-Content-Sha256=UNSIGNED-PAYLOAD&X-Amz-Credential=ASIA3P5EIQBK2EAQQJGJ%2F20260612%2Fus-west-2%2Fs3%2Faws4_request&X-Amz-Date=20260612T182822Z&X-Amz-Expires=300&X-Amz-Security-Token=IQoJb3JpZ2luX2VjEFMaCXVzLXdlc3QtMiJIMEYCIQD7KMRDZFJWYkfGCdXYApkS8K5vx6Z0M%2F6glnpxwSJ0jQIhAP3ShKjrMYxejB3Nt%2B9np%2Buje6TcRvAqgNycgnVOQ3ucKu0CCBwQBBoMNzkwMDgxNjAxNjIxIgwHgLc7ZY7sW841rFEqygJy%2BOAkHJMI%2BAajjHps6ZmL%2FZiXZ8KpOCPeJcLFc2HJmV%2BkS5AS%2BO0PtVkBv3Q4n0veLZ%2FqH3fVLFXBfj4t7W0TQ85CnCnBNXv1E7VAH2dp2qr2X2x7CRChFs5BMNXuxLo1nOnhlgPPtvWy%2BZqTaiP%2FksKv7BXWKtcB2fJkIJlkHXmA66EcGkcXPeSrLJYzb8MmXHxBfpCkn5PtDPg75CGm1JRrPwRhkRojfMlhBn39YcwtXSqbMc4%2F58clKYnArfOxaaDEdV4cYA7iizEftKNKmZxMmRn3%2B9Q8YGBTtZn3UjpWFyV69rXDwg%2F6BfoGcwylsc6%2FM7wRp5wHtECG5Z7Ffuvu%2F6BXVjJjLTiFjjcl3z%2BM%2F%2FTuw5bcdDn2l3ycvSYrTEHdTQlqQpQxV0fR50tDKWklUPrgwtXp2TvdNHnvSlqXZszxTg367uAwu9uw0QY6rAKw6ejecdP8ZQ45dk73KWeJl1w8hn0aWvUHRTIVKV5FizKeOv%2FKQrQ8loAJ4v8IA4v3LA2uIolG9DKOFJfI6WA0uOkIdrcoJhI9r92t%2FG7XPE4KhnWAgAPFY3AWvo0rikBjSXc%2Fu2k9BANoqkG4tXWux6YgvS8CaeZ3p8Pei%2Fv1uLYXUyAQBDMcwv1TGYQAlef3fo9eSN8wUKo3%2FzqHHKyq%2BZFX08HAw7lVlzmUedF8P8e0nj0EK2ohDmfh5VnjDC5hBWBJvzFCugkf9ZGTljbZTyMZNRM46YMmyjmZXyqsAD1JBNce%2F3YEcTPTe54157nE1JHri3DwyFQtIReTxa%2BpJenYenfN30QJNf%2Fy3vGc0ObBk8TonskU4%2B%2F2aaU9hTdOQEmdLW6sW2UtTV8%3D&X-Amz-Signature=3b3d2aa62d2ee3d5e19d657664b7692fe6f11f1ef9e5bb2f3a772d0707cd3478&X-Amz-SignedHeaders=host&response-content-disposition=inline
Crystal Oneal,johnh@yahoo.ca,Sr Site Mgr,"Merck – Boston, MA","Delta - Detroit, MI",07/20/2021,6:55 AM,(222) 222-223,"$2,357.00",Graveyard,https://cdn.4insite.com/assets/e5b8147192464b1d978e40c4a3ea44ac_Profilepic_t.jpg,https://cdn.4insite.com/assets/r1dbcefaac33f472b8bab87d886872314_UberEE_t.png?X-Amz-Algorithm=AWS4-HMAC-SHA256&X-Amz-Content-Sha256=UNSIGNED-PAYLOAD&X-Amz-Credential=ASIA3P5EIQBK2EAQQJGJ%2F20260612%2Fus-west-2%2Fs3%2Faws4_request&X-Amz-Date=20260612T182822Z&X-Amz-Expires=300&X-Amz-Security-Token=IQoJb3JpZ2luX2VjEFMaCXVzLXdlc3QtMiJIMEYCIQD7KMRDZFJWYkfGCdXYApkS8K5vx6Z0M%2F6glnpxwSJ0jQIhAP3ShKjrMYxejB3Nt%2B9np%2Buje6TcRvAqgNycgnVOQ3ucKu0CCBwQBBoMNzkwMDgxNjAxNjIxIgwHgLc7ZY7sW841rFEqygJy%2BOAkHJMI%2BAajjHps6ZmL%2FZiXZ8KpOCPeJcLFc2HJmV%2BkS5AS%2BO0PtVkBv3Q4n0veLZ%2FqH3fVLFXBfj4t7W0TQ85CnCnBNXv1E7VAH2dp2qr2X2x7CRChFs5BMNXuxLo1nOnhlgPPtvWy%2BZqTaiP%2FksKv7BXWKtcB2fJkIJlkHXmA66EcGkcXPeSrLJYzb8MmXHxBfpCkn5PtDPg75CGm1JRrPwRhkRojfMlhBn39YcwtXSqbMc4%2F58clKYnArfOxaaDEdV4cYA7iizEftKNKmZxMmRn3%2B9Q8YGBTtZn3UjpWFyV69rXDwg%2F6BfoGcwylsc6%2FM7wRp5wHtECG5Z7Ffuvu%2F6BXVjJjLTiFjjcl3z%2BM%2F%2FTuw5bcdDn2l3ycvSYrTEHdTQlqQpQxV0fR50tDKWklUPrgwtXp2TvdNHnvSlqXZszxTg367uAwu9uw0QY6rAKw6ejecdP8ZQ45dk73KWeJl1w8hn0aWvUHRTIVKV5FizKeOv%2FKQrQ8loAJ4v8IA4v3LA2uIolG9DKOFJfI6WA0uOkIdrcoJhI9r92t%2FG7XPE4KhnWAgAPFY3AWvo0rikBjSXc%2Fu2k9BANoqkG4tXWux6YgvS8CaeZ3p8Pei%2Fv1uLYXUyAQBDMcwv1TGYQAlef3fo9eSN8wUKo3%2FzqHHKyq%2BZFX08HAw7lVlzmUedF8P8e0nj0EK2ohDmfh5VnjDC5hBWBJvzFCugkf9ZGTljbZTyMZNRM46YMmyjmZXyqsAD1JBNce%2F3YEcTPTe54157nE1JHri3DwyFQtIReTxa%2BpJenYenfN30QJNf%2Fy3vGc0ObBk8TonskU4%2B%2F2aaU9hTdOQEmdLW6sW2UtTV8%3D&X-Amz-Signature=4827ef774cf40f00787e3ceedc3b7de53a0f3e55db61f38a500b0f25a8c8197a&X-Amz-SignedHeaders=host&response-content-disposition=inline
Cortez Cook,bulletin@msn.com,Assoc Site Mgr,"Juniper (CBRE) – Sunnyvale, CA",Microsoft (CBRE) – Puget Sound (CBRE),05/05/2020,10:05 AM,(444) 444-4449,"$6,773.00",Day,https://cdn.4insite.com/assets/4a3cd2e66af74e67a86f8141db8a8c50_20240429_174001_t.jpg,https://cdn.4insite.com/assets/r0a1cee2e179841c9b22f813f635edc13_portrait_t.png?X-Amz-Algorithm=AWS4-HMAC-SHA256&X-Amz-Content-Sha256=UNSIGNED-PAYLOAD&X-Amz-Credential=ASIA3P5EIQBK2EAQQJGJ%2F20260612%2Fus-west-2%2Fs3%2Faws4_request&X-Amz-Date=20260612T182822Z&X-Amz-Expires=300&X-Amz-Security-Token=IQoJb3JpZ2luX2VjEFMaCXVzLXdlc3QtMiJIMEYCIQD7KMRDZFJWYkfGCdXYApkS8K5vx6Z0M%2F6glnpxwSJ0jQIhAP3ShKjrMYxejB3Nt%2B9np%2Buje6TcRvAqgNycgnVOQ3ucKu0CCBwQBBoMNzkwMDgxNjAxNjIxIgwHgLc7ZY7sW841rFEqygJy%2BOAkHJMI%2BAajjHps6ZmL%2FZiXZ8KpOCPeJcLFc2HJmV%2BkS5AS%2BO0PtVkBv3Q4n0veLZ%2FqH3fVLFXBfj4t7W0TQ85CnCnBNXv1E7VAH2dp2qr2X2x7CRChFs5BMNXuxLo1nOnhlgPPtvWy%2BZqTaiP%2FksKv7BXWKtcB2fJkIJlkHXmA66EcGkcXPeSrLJYzb8MmXHxBfpCkn5PtDPg75CGm1JRrPwRhkRojfMlhBn39YcwtXSqbMc4%2F58clKYnArfOxaaDEdV4cYA7iizEftKNKmZxMmRn3%2B9Q8YGBTtZn3UjpWFyV69rXDwg%2F6BfoGcwylsc6%2FM7wRp5wHtECG5Z7Ffuvu%2F6BXVjJjLTiFjjcl3z%2BM%2F%2FTuw5bcdDn2l3ycvSYrTEHdTQlqQpQxV0fR50tDKWklUPrgwtXp2TvdNHnvSlqXZszxTg367uAwu9uw0QY6rAKw6ejecdP8ZQ45dk73KWeJl1w8hn0aWvUHRTIVKV5FizKeOv%2FKQrQ8loAJ4v8IA4v3LA2uIolG9DKOFJfI6WA0uOkIdrcoJhI9r92t%2FG7XPE4KhnWAgAPFY3AWvo0rikBjSXc%2Fu2k9BANoqkG4tXWux6YgvS8CaeZ3p8Pei%2Fv1uLYXUyAQBDMcwv1TGYQAlef3fo9eSN8wUKo3%2FzqHHKyq%2BZFX08HAw7lVlzmUedF8P8e0nj0EK2ohDmfh5VnjDC5hBWBJvzFCugkf9ZGTljbZTyMZNRM46YMmyjmZXyqsAD1JBNce%2F3YEcTPTe54157nE1JHri3DwyFQtIReTxa%2BpJenYenfN30QJNf%2Fy3vGc0ObBk8TonskU4%2B%2F2aaU9hTdOQEmdLW6sW2UtTV8%3D&X-Amz-Signature=c01b808cf4b89db0d15ac5d4cdb2db34db6f636a0c09e301b33845735b38b565&X-Amz-SignedHeaders=host&response-content-disposition=inline
Hayley Frazier,zeller@live.com,Account Mgr,"Piper Aircraft Inc. – Vero Beach, FL","Delta - LaGuardia, NY",04/20/2022,7:10 PM,(000) 000-0015,"$4,060.00",Night,https://cdn.4insite.com/assets/eef3bd1dec194713a10441637b71ac70_MOMO_1739539250336_t.png,https://cdn.4insite.com/assets/fca0e506f7bf41a798f7c415a0d3833b_Pic.Med_t.png?X-Amz-Algorithm=AWS4-HMAC-SHA256&X-Amz-Content-Sha256=UNSIGNED-PAYLOAD&X-Amz-Credential=ASIA3P5EIQBK2EAQQJGJ%2F20260612%2Fus-west-2%2Fs3%2Faws4_request&X-Amz-Date=20260612T182822Z&X-Amz-Expires=300&X-Amz-Security-Token=IQoJb3JpZ2luX2VjEFMaCXVzLXdlc3QtMiJIMEYCIQD7KMRDZFJWYkfGCdXYApkS8K5vx6Z0M%2F6glnpxwSJ0jQIhAP3ShKjrMYxejB3Nt%2B9np%2Buje6TcRvAqgNycgnVOQ3ucKu0CCBwQBBoMNzkwMDgxNjAxNjIxIgwHgLc7ZY7sW841rFEqygJy%2BOAkHJMI%2BAajjHps6ZmL%2FZiXZ8KpOCPeJcLFc2HJmV%2BkS5AS%2BO0PtVkBv3Q4n0veLZ%2FqH3fVLFXBfj4t7W0TQ85CnCnBNXv1E7VAH2dp2qr2X2x7CRChFs5BMNXuxLo1nOnhlgPPtvWy%2BZqTaiP%2FksKv7BXWKtcB2fJkIJlkHXmA66EcGkcXPeSrLJYzb8MmXHxBfpCkn5PtDPg75CGm1JRrPwRhkRojfMlhBn39YcwtXSqbMc4%2F58clKYnArfOxaaDEdV4cYA7iizEftKNKmZxMmRn3%2B9Q8YGBTtZn3UjpWFyV69rXDwg%2F6BfoGcwylsc6%2FM7wRp5wHtECG5Z7Ffuvu%2F6BXVjJjLTiFjjcl3z%2BM%2F%2FTuw5bcdDn2l3ycvSYrTEHdTQlqQpQxV0fR50tDKWklUPrgwtXp2TvdNHnvSlqXZszxTg367uAwu9uw0QY6rAKw6ejecdP8ZQ45dk73KWeJl1w8hn0aWvUHRTIVKV5FizKeOv%2FKQrQ8loAJ4v8IA4v3LA2uIolG9DKOFJfI6WA0uOkIdrcoJhI9r92t%2FG7XPE4KhnWAgAPFY3AWvo0rikBjSXc%2Fu2k9BANoqkG4tXWux6YgvS8CaeZ3p8Pei%2Fv1uLYXUyAQBDMcwv1TGYQAlef3fo9eSN8wUKo3%2FzqHHKyq%2BZFX08HAw7lVlzmUedF8P8e0nj0EK2ohDmfh5VnjDC5hBWBJvzFCugkf9ZGTljbZTyMZNRM46YMmyjmZXyqsAD1JBNce%2F3YEcTPTe54157nE1JHri3DwyFQtIReTxa%2BpJenYenfN30QJNf%2Fy3vGc0ObBk8TonskU4%2B%2F2aaU9hTdOQEmdLW6sW2UtTV8%3D&X-Amz-Signature=2855d231249686bf93579edfea06cec83bae2050559ad087907a1d137b2fa658&X-Amz-SignedHeaders=host&response-content-disposition=inline
Breanna Todd,stellaau@sbcglobal.net,Account Dir,Abbott – ADD - Great America,"Delta - Detroit, MI",11/20/2021,6:25 AM,(555) 555-5555,"$207,921.05",Swing,https://cdn.4insite.com/assets/b22e865f595a4535ad2969e93bd53512_Headshot_t.jpg,https://cdn.4insite.com/assets/efefa9b9532a4182bf4b181ac1290f2e_JohnSimHeadshot_t.png?X-Amz-Algorithm=AWS4-HMAC-SHA256&X-Amz-Content-Sha256=UNSIGNED-PAYLOAD&X-Amz-Credential=ASIA3P5EIQBK2EAQQJGJ%2F20260612%2Fus-west-2%2Fs3%2Faws4_request&X-Amz-Date=20260612T182822Z&X-Amz-Expires=300&X-Amz-Security-Token=IQoJb3JpZ2luX2VjEFMaCXVzLXdlc3QtMiJIMEYCIQD7KMRDZFJWYkfGCdXYApkS8K5vx6Z0M%2F6glnpxwSJ0jQIhAP3ShKjrMYxejB3Nt%2B9np%2Buje6TcRvAqgNycgnVOQ3ucKu0CCBwQBBoMNzkwMDgxNjAxNjIxIgwHgLc7ZY7sW841rFEqygJy%2BOAkHJMI%2BAajjHps6ZmL%2FZiXZ8KpOCPeJcLFc2HJmV%2BkS5AS%2BO0PtVkBv3Q4n0veLZ%2FqH3fVLFXBfj4t7W0TQ85CnCnBNXv1E7VAH2dp2qr2X2x7CRChFs5BMNXuxLo1nOnhlgPPtvWy%2BZqTaiP%2FksKv7BXWKtcB2fJkIJlkHXmA66EcGkcXPeSrLJYzb8MmXHxBfpCkn5PtDPg75CGm1JRrPwRhkRojfMlhBn39YcwtXSqbMc4%2F58clKYnArfOxaaDEdV4cYA7iizEftKNKmZxMmRn3%2B9Q8YGBTtZn3UjpWFyV69rXDwg%2F6BfoGcwylsc6%2FM7wRp5wHtECG5Z7Ffuvu%2F6BXVjJjLTiFjjcl3z%2BM%2F%2FTuw5bcdDn2l3ycvSYrTEHdTQlqQpQxV0fR50tDKWklUPrgwtXp2TvdNHnvSlqXZszxTg367uAwu9uw0QY6rAKw6ejecdP8ZQ45dk73KWeJl1w8hn0aWvUHRTIVKV5FizKeOv%2FKQrQ8loAJ4v8IA4v3LA2uIolG9DKOFJfI6WA0uOkIdrcoJhI9r92t%2FG7XPE4KhnWAgAPFY3AWvo0rikBjSXc%2Fu2k9BANoqkG4tXWux6YgvS8CaeZ3p8Pei%2Fv1uLYXUyAQBDMcwv1TGYQAlef3fo9eSN8wUKo3%2FzqHHKyq%2BZFX08HAw7lVlzmUedF8P8e0nj0EK2ohDmfh5VnjDC5hBWBJvzFCugkf9ZGTljbZTyMZNRM46YMmyjmZXyqsAD1JBNce%2F3YEcTPTe54157nE1JHri3DwyFQtIReTxa%2BpJenYenfN30QJNf%2Fy3vGc0ObBk8TonskU4%2B%2F2aaU9hTdOQEmdLW6sW2UtTV8%3D&X-Amz-Signature=d6b8cf4f5a18812203fe106bac29e18ec7a9eb863d6d870a3079d9bae4dd8876&X-Amz-SignedHeaders=host&response-content-disposition=inline
Sonny Davies,leakin@msn.com,Site Mgr,"Discovery Labs (CBRE) – King of Prussia, PA",Microsoft (CBRE) – Puget Sound (CBRE),02/13/2021,10:05 PM,(777) 777-7793,"$7,825.00",Graveyard,https://cdn.4insite.com/assets/326b5870e3164734b1fbdba49bbda344_me_t.jpg,https://cdn.4insite.com/assets/d59260db4c624794aa21a73c958b5e09_FB_IMG_1750046846456_t.png?X-Amz-Algorithm=AWS4-HMAC-SHA256&X-Amz-Content-Sha256=UNSIGNED-PAYLOAD&X-Amz-Credential=ASIA3P5EIQBK2EAQQJGJ%2F20260612%2Fus-west-2%2Fs3%2Faws4_request&X-Amz-Date=20260612T182822Z&X-Amz-Expires=300&X-Amz-Security-Token=IQoJb3JpZ2luX2VjEFMaCXVzLXdlc3QtMiJIMEYCIQD7KMRDZFJWYkfGCdXYApkS8K5vx6Z0M%2F6glnpxwSJ0jQIhAP3ShKjrMYxejB3Nt%2B9np%2Buje6TcRvAqgNycgnVOQ3ucKu0CCBwQBBoMNzkwMDgxNjAxNjIxIgwHgLc7ZY7sW841rFEqygJy%2BOAkHJMI%2BAajjHps6ZmL%2FZiXZ8KpOCPeJcLFc2HJmV%2BkS5AS%2BO0PtVkBv3Q4n0veLZ%2FqH3fVLFXBfj4t7W0TQ85CnCnBNXv1E7VAH2dp2qr2X2x7CRChFs5BMNXuxLo1nOnhlgPPtvWy%2BZqTaiP%2FksKv7BXWKtcB2fJkIJlkHXmA66EcGkcXPeSrLJYzb8MmXHxBfpCkn5PtDPg75CGm1JRrPwRhkRojfMlhBn39YcwtXSqbMc4%2F58clKYnArfOxaaDEdV4cYA7iizEftKNKmZxMmRn3%2B9Q8YGBTtZn3UjpWFyV69rXDwg%2F6BfoGcwylsc6%2FM7wRp5wHtECG5Z7Ffuvu%2F6BXVjJjLTiFjjcl3z%2BM%2F%2FTuw5bcdDn2l3ycvSYrTEHdTQlqQpQxV0fR50tDKWklUPrgwtXp2TvdNHnvSlqXZszxTg367uAwu9uw0QY6rAKw6ejecdP8ZQ45dk73KWeJl1w8hn0aWvUHRTIVKV5FizKeOv%2FKQrQ8loAJ4v8IA4v3LA2uIolG9DKOFJfI6WA0uOkIdrcoJhI9r92t%2FG7XPE4KhnWAgAPFY3AWvo0rikBjSXc%2Fu2k9BANoqkG4tXWux6YgvS8CaeZ3p8Pei%2Fv1uLYXUyAQBDMcwv1TGYQAlef3fo9eSN8wUKo3%2FzqHHKyq%2BZFX08HAw7lVlzmUedF8P8e0nj0EK2ohDmfh5VnjDC5hBWBJvzFCugkf9ZGTljbZTyMZNRM46YMmyjmZXyqsAD1JBNce%2F3YEcTPTe54157nE1JHri3DwyFQtIReTxa%2BpJenYenfN30QJNf%2Fy3vGc0ObBk8TonskU4%2B%2F2aaU9hTdOQEmdLW6sW2UtTV8%3D&X-Amz-Signature=971ed70553b0464c2b817cf5b3eceb6b68d881c62449ceb50272a042c7160a7e&X-Amz-SignedHeaders=host&response-content-disposition=inline
Adolfo Choi,jtorkbob@aol.com,Sr Site Mgr,"Mercedes Benz – Ann Arbor, MI","Delta - LaGuardia, NY",01/31/2021,10:30 AM,(000) 000-0005,$170.00,Day,https://cdn.4insite.com/assets/rb5e8bb61592040a2ae8e8b99ec402783_Kimball_t.jpg,https://cdn.4insite.com/assets/cca80b92793e43c79e40e57a6d83311c_Headshot_t.png?X-Amz-Algorithm=AWS4-HMAC-SHA256&X-Amz-Content-Sha256=UNSIGNED-PAYLOAD&X-Amz-Credential=ASIA3P5EIQBK2EAQQJGJ%2F20260612%2Fus-west-2%2Fs3%2Faws4_request&X-Amz-Date=20260612T182822Z&X-Amz-Expires=300&X-Amz-Security-Token=IQoJb3JpZ2luX2VjEFMaCXVzLXdlc3QtMiJIMEYCIQD7KMRDZFJWYkfGCdXYApkS8K5vx6Z0M%2F6glnpxwSJ0jQIhAP3ShKjrMYxejB3Nt%2B9np%2Buje6TcRvAqgNycgnVOQ3ucKu0CCBwQBBoMNzkwMDgxNjAxNjIxIgwHgLc7ZY7sW841rFEqygJy%2BOAkHJMI%2BAajjHps6ZmL%2FZiXZ8KpOCPeJcLFc2HJmV%2BkS5AS%2BO0PtVkBv3Q4n0veLZ%2FqH3fVLFXBfj4t7W0TQ85CnCnBNXv1E7VAH2dp2qr2X2x7CRChFs5BMNXuxLo1nOnhlgPPtvWy%2BZqTaiP%2FksKv7BXWKtcB2fJkIJlkHXmA66EcGkcXPeSrLJYzb8MmXHxBfpCkn5PtDPg75CGm1JRrPwRhkRojfMlhBn39YcwtXSqbMc4%2F58clKYnArfOxaaDEdV4cYA7iizEftKNKmZxMmRn3%2B9Q8YGBTtZn3UjpWFyV69rXDwg%2F6BfoGcwylsc6%2FM7wRp5wHtECG5Z7Ffuvu%2F6BXVjJjLTiFjjcl3z%2BM%2F%2FTuw5bcdDn2l3ycvSYrTEHdTQlqQpQxV0fR50tDKWklUPrgwtXp2TvdNHnvSlqXZszxTg367uAwu9uw0QY6rAKw6ejecdP8ZQ45dk73KWeJl1w8hn0aWvUHRTIVKV5FizKeOv%2FKQrQ8loAJ4v8IA4v3LA2uIolG9DKOFJfI6WA0uOkIdrcoJhI9r92t%2FG7XPE4KhnWAgAPFY3AWvo0rikBjSXc%2Fu2k9BANoqkG4tXWux6YgvS8CaeZ3p8Pei%2Fv1uLYXUyAQBDMcwv1TGYQAlef3fo9eSN8wUKo3%2FzqHHKyq%2BZFX08HAw7lVlzmUedF8P8e0nj0EK2ohDmfh5VnjDC5hBWBJvzFCugkf9ZGTljbZTyMZNRM46YMmyjmZXyqsAD1JBNce%2F3YEcTPTe54157nE1JHri3DwyFQtIReTxa%2BpJenYenfN30QJNf%2Fy3vGc0ObBk8TonskU4%2B%2F2aaU9hTdOQEmdLW6sW2UtTV8%3D&X-Amz-Signature=0c0a530f44261bdc038a463cae6216610b526f24c1f66dac578b62f16d86971d&X-Amz-SignedHeaders=host&response-content-disposition=inline
Alejandro Chung,augusto@outlook.com,Assoc Site Mgr,Asurion (JLL) – Gulch,"Delta - Detroit, MI",12/28/2021,9:45 PM,(333) 333-3349,"$6,122.00",Night,https://cdn.4insite.com/assets/fca0e506f7bf41a798f7c415a0d3833b_Pic.Med_t.jpg,https://cdn.4insite.com/assets/c13088edc05c450eb6aaf9e409785659_thumbnail_image0_t.png?X-Amz-Algorithm=AWS4-HMAC-SHA256&X-Amz-Content-Sha256=UNSIGNED-PAYLOAD&X-Amz-Credential=ASIA3P5EIQBK2EAQQJGJ%2F20260612%2Fus-west-2%2Fs3%2Faws4_request&X-Amz-Date=20260612T182822Z&X-Amz-Expires=300&X-Amz-Security-Token=IQoJb3JpZ2luX2VjEFMaCXVzLXdlc3QtMiJIMEYCIQD7KMRDZFJWYkfGCdXYApkS8K5vx6Z0M%2F6glnpxwSJ0jQIhAP3ShKjrMYxejB3Nt%2B9np%2Buje6TcRvAqgNycgnVOQ3ucKu0CCBwQBBoMNzkwMDgxNjAxNjIxIgwHgLc7ZY7sW841rFEqygJy%2BOAkHJMI%2BAajjHps6ZmL%2FZiXZ8KpOCPeJcLFc2HJmV%2BkS5AS%2BO0PtVkBv3Q4n0veLZ%2FqH3fVLFXBfj4t7W0TQ85CnCnBNXv1E7VAH2dp2qr2X2x7CRChFs5BMNXuxLo1nOnhlgPPtvWy%2BZqTaiP%2FksKv7BXWKtcB2fJkIJlkHXmA66EcGkcXPeSrLJYzb8MmXHxBfpCkn5PtDPg75CGm1JRrPwRhkRojfMlhBn39YcwtXSqbMc4%2F58clKYnArfOxaaDEdV4cYA7iizEftKNKmZxMmRn3%2B9Q8YGBTtZn3UjpWFyV69rXDwg%2F6BfoGcwylsc6%2FM7wRp5wHtECG5Z7Ffuvu%2F6BXVjJjLTiFjjcl3z%2BM%2F%2FTuw5bcdDn2l3ycvSYrTEHdTQlqQpQxV0fR50tDKWklUPrgwtXp2TvdNHnvSlqXZszxTg367uAwu9uw0QY6rAKw6ejecdP8ZQ45dk73KWeJl1w8hn0aWvUHRTIVKV5FizKeOv%2FKQrQ8loAJ4v8IA4v3LA2uIolG9DKOFJfI6WA0uOkIdrcoJhI9r92t%2FG7XPE4KhnWAgAPFY3AWvo0rikBjSXc%2Fu2k9BANoqkG4tXWux6YgvS8CaeZ3p8Pei%2Fv1uLYXUyAQBDMcwv1TGYQAlef3fo9eSN8wUKo3%2FzqHHKyq%2BZFX08HAw7lVlzmUedF8P8e0nj0EK2ohDmfh5VnjDC5hBWBJvzFCugkf9ZGTljbZTyMZNRM46YMmyjmZXyqsAD1JBNce%2F3YEcTPTe54157nE1JHri3DwyFQtIReTxa%2BpJenYenfN30QJNf%2Fy3vGc0ObBk8TonskU4%2B%2F2aaU9hTdOQEmdLW6sW2UtTV8%3D&X-Amz-Signature=645984a83ef9952fde2c9f5f96fb368e6a1a83dafa7fbd9f1886eb434d0311f4&X-Amz-SignedHeaders=host&response-content-disposition=inline
Jaelynn Solomon,fangorn@hotmail.com,Account Mgr,GE Aviation – Additive (West Chester),Microsoft (CBRE) – Puget Sound (CBRE),07/29/2021,3:20 PM,(444) 444-4456,"$6,034.00",Swing,https://cdn.4insite.com/assets/33e587c6abc74a46936483a11efa9669_ValdesJeremy_t.jpg,https://cdn.4insite.com/assets/b8b0155003b141ec97c94c251ecbf1ad_b0d2d80c36974c318013ee5b1d157348_t.png?X-Amz-Algorithm=AWS4-HMAC-SHA256&X-Amz-Content-Sha256=UNSIGNED-PAYLOAD&X-Amz-Credential=ASIA3P5EIQBK2EAQQJGJ%2F20260612%2Fus-west-2%2Fs3%2Faws4_request&X-Amz-Date=20260612T182822Z&X-Amz-Expires=300&X-Amz-Security-Token=IQoJb3JpZ2luX2VjEFMaCXVzLXdlc3QtMiJIMEYCIQD7KMRDZFJWYkfGCdXYApkS8K5vx6Z0M%2F6glnpxwSJ0jQIhAP3ShKjrMYxejB3Nt%2B9np%2Buje6TcRvAqgNycgnVOQ3ucKu0CCBwQBBoMNzkwMDgxNjAxNjIxIgwHgLc7ZY7sW841rFEqygJy%2BOAkHJMI%2BAajjHps6ZmL%2FZiXZ8KpOCPeJcLFc2HJmV%2BkS5AS%2BO0PtVkBv3Q4n0veLZ%2FqH3fVLFXBfj4t7W0TQ85CnCnBNXv1E7VAH2dp2qr2X2x7CRChFs5BMNXuxLo1nOnhlgPPtvWy%2BZqTaiP%2FksKv7BXWKtcB2fJkIJlkHXmA66EcGkcXPeSrLJYzb8MmXHxBfpCkn5PtDPg75CGm1JRrPwRhkRojfMlhBn39YcwtXSqbMc4%2F58clKYnArfOxaaDEdV4cYA7iizEftKNKmZxMmRn3%2B9Q8YGBTtZn3UjpWFyV69rXDwg%2F6BfoGcwylsc6%2FM7wRp5wHtECG5Z7Ffuvu%2F6BXVjJjLTiFjjcl3z%2BM%2F%2FTuw5bcdDn2l3ycvSYrTEHdTQlqQpQxV0fR50tDKWklUPrgwtXp2TvdNHnvSlqXZszxTg367uAwu9uw0QY6rAKw6ejecdP8ZQ45dk73KWeJl1w8hn0aWvUHRTIVKV5FizKeOv%2FKQrQ8loAJ4v8IA4v3LA2uIolG9DKOFJfI6WA0uOkIdrcoJhI9r92t%2FG7XPE4KhnWAgAPFY3AWvo0rikBjSXc%2Fu2k9BANoqkG4tXWux6YgvS8CaeZ3p8Pei%2Fv1uLYXUyAQBDMcwv1TGYQAlef3fo9eSN8wUKo3%2FzqHHKyq%2BZFX08HAw7lVlzmUedF8P8e0nj0EK2ohDmfh5VnjDC5hBWBJvzFCugkf9ZGTljbZTyMZNRM46YMmyjmZXyqsAD1JBNce%2F3YEcTPTe54157nE1JHri3DwyFQtIReTxa%2BpJenYenfN30QJNf%2Fy3vGc0ObBk8TonskU4%2B%2F2aaU9hTdOQEmdLW6sW2UtTV8%3D&X-Amz-Signature=0c3b86b05f0b324ad05b9ec390f353a1ad054f5f7916cb91244f30c8b3d87831&X-Amz-SignedHeaders=host&response-content-disposition=inline
Hailee Boone,maneesh@verizon.net,Account Dir,"Piper Aircraft Inc. – Vero Beach, FL","Delta - LaGuardia, NY",03/05/2021,2:45 PM,(666) 666-6677,"$9,686.00",Graveyard,https://cdn.4insite.com/assets/2b8208b753c942b48b37cf1b7475e89e_Image14_t.jpg,https://cdn.4insite.com/assets/b410b7defaf74300a45a5d7613d4d26e_1000001389_t.png?X-Amz-Algorithm=AWS4-HMAC-SHA256&X-Amz-Content-Sha256=UNSIGNED-PAYLOAD&X-Amz-Credential=ASIA3P5EIQBK2EAQQJGJ%2F20260612%2Fus-west-2%2Fs3%2Faws4_request&X-Amz-Date=20260612T182822Z&X-Amz-Expires=300&X-Amz-Security-Token=IQoJb3JpZ2luX2VjEFMaCXVzLXdlc3QtMiJIMEYCIQD7KMRDZFJWYkfGCdXYApkS8K5vx6Z0M%2F6glnpxwSJ0jQIhAP3ShKjrMYxejB3Nt%2B9np%2Buje6TcRvAqgNycgnVOQ3ucKu0CCBwQBBoMNzkwMDgxNjAxNjIxIgwHgLc7ZY7sW841rFEqygJy%2BOAkHJMI%2BAajjHps6ZmL%2FZiXZ8KpOCPeJcLFc2HJmV%2BkS5AS%2BO0PtVkBv3Q4n0veLZ%2FqH3fVLFXBfj4t7W0TQ85CnCnBNXv1E7VAH2dp2qr2X2x7CRChFs5BMNXuxLo1nOnhlgPPtvWy%2BZqTaiP%2FksKv7BXWKtcB2fJkIJlkHXmA66EcGkcXPeSrLJYzb8MmXHxBfpCkn5PtDPg75CGm1JRrPwRhkRojfMlhBn39YcwtXSqbMc4%2F58clKYnArfOxaaDEdV4cYA7iizEftKNKmZxMmRn3%2B9Q8YGBTtZn3UjpWFyV69rXDwg%2F6BfoGcwylsc6%2FM7wRp5wHtECG5Z7Ffuvu%2F6BXVjJjLTiFjjcl3z%2BM%2F%2FTuw5bcdDn2l3ycvSYrTEHdTQlqQpQxV0fR50tDKWklUPrgwtXp2TvdNHnvSlqXZszxTg367uAwu9uw0QY6rAKw6ejecdP8ZQ45dk73KWeJl1w8hn0aWvUHRTIVKV5FizKeOv%2FKQrQ8loAJ4v8IA4v3LA2uIolG9DKOFJfI6WA0uOkIdrcoJhI9r92t%2FG7XPE4KhnWAgAPFY3AWvo0rikBjSXc%2Fu2k9BANoqkG4tXWux6YgvS8CaeZ3p8Pei%2Fv1uLYXUyAQBDMcwv1TGYQAlef3fo9eSN8wUKo3%2FzqHHKyq%2BZFX08HAw7lVlzmUedF8P8e0nj0EK2ohDmfh5VnjDC5hBWBJvzFCugkf9ZGTljbZTyMZNRM46YMmyjmZXyqsAD1JBNce%2F3YEcTPTe54157nE1JHri3DwyFQtIReTxa%2BpJenYenfN30QJNf%2Fy3vGc0ObBk8TonskU4%2B%2F2aaU9hTdOQEmdLW6sW2UtTV8%3D&X-Amz-Signature=468514fb9163c1d963a2fac243e50cbff7fdd6966494be25c5af4c224d9a81c9&X-Amz-SignedHeaders=host&response-content-disposition=inline
Yosef Ritter,jschauma@mac.com,Site Mgr,Delta (JLL) – Cargo DFW,"Delta - Detroit, MI",12/18/2020,7:35 AM,(111) 111-1113,"$1,753.00",Day,https://cdn.4insite.com/assets/r9caff6d0b6b04667bbfebdad11191ea7_StuKelloffsProfilePic_t.png,https://cdn.4insite.com/assets/b285f90a676f4b62b0d2fb74a940bae3_REALESTATEPIC_t.png?X-Amz-Algorithm=AWS4-HMAC-SHA256&X-Amz-Content-Sha256=UNSIGNED-PAYLOAD&X-Amz-Credential=ASIA3P5EIQBK2EAQQJGJ%2F20260612%2Fus-west-2%2Fs3%2Faws4_request&X-Amz-Date=20260612T182822Z&X-Amz-Expires=300&X-Amz-Security-Token=IQoJb3JpZ2luX2VjEFMaCXVzLXdlc3QtMiJIMEYCIQD7KMRDZFJWYkfGCdXYApkS8K5vx6Z0M%2F6glnpxwSJ0jQIhAP3ShKjrMYxejB3Nt%2B9np%2Buje6TcRvAqgNycgnVOQ3ucKu0CCBwQBBoMNzkwMDgxNjAxNjIxIgwHgLc7ZY7sW841rFEqygJy%2BOAkHJMI%2BAajjHps6ZmL%2FZiXZ8KpOCPeJcLFc2HJmV%2BkS5AS%2BO0PtVkBv3Q4n0veLZ%2FqH3fVLFXBfj4t7W0TQ85CnCnBNXv1E7VAH2dp2qr2X2x7CRChFs5BMNXuxLo1nOnhlgPPtvWy%2BZqTaiP%2FksKv7BXWKtcB2fJkIJlkHXmA66EcGkcXPeSrLJYzb8MmXHxBfpCkn5PtDPg75CGm1JRrPwRhkRojfMlhBn39YcwtXSqbMc4%2F58clKYnArfOxaaDEdV4cYA7iizEftKNKmZxMmRn3%2B9Q8YGBTtZn3UjpWFyV69rXDwg%2F6BfoGcwylsc6%2FM7wRp5wHtECG5Z7Ffuvu%2F6BXVjJjLTiFjjcl3z%2BM%2F%2FTuw5bcdDn2l3ycvSYrTEHdTQlqQpQxV0fR50tDKWklUPrgwtXp2TvdNHnvSlqXZszxTg367uAwu9uw0QY6rAKw6ejecdP8ZQ45dk73KWeJl1w8hn0aWvUHRTIVKV5FizKeOv%2FKQrQ8loAJ4v8IA4v3LA2uIolG9DKOFJfI6WA0uOkIdrcoJhI9r92t%2FG7XPE4KhnWAgAPFY3AWvo0rikBjSXc%2Fu2k9BANoqkG4tXWux6YgvS8CaeZ3p8Pei%2Fv1uLYXUyAQBDMcwv1TGYQAlef3fo9eSN8wUKo3%2FzqHHKyq%2BZFX08HAw7lVlzmUedF8P8e0nj0EK2ohDmfh5VnjDC5hBWBJvzFCugkf9ZGTljbZTyMZNRM46YMmyjmZXyqsAD1JBNce%2F3YEcTPTe54157nE1JHri3DwyFQtIReTxa%2BpJenYenfN30QJNf%2Fy3vGc0ObBk8TonskU4%2B%2F2aaU9hTdOQEmdLW6sW2UtTV8%3D&X-Amz-Signature=4785d93360f0a68cca74cfa54bdb2e0c025ae6b2dbfd86bd8ba86269ab87a018&X-Amz-SignedHeaders=host&response-content-disposition=inline
June Esparza,mobileip@gmail.com,Sr Site Mgr,"Textron – Sacramento, CA",Microsoft (CBRE) – Puget Sound (CBRE),03/01/2021,6:35 PM,(222) 222-237,"$5,821.00",Night,https://cdn.4insite.com/assets/1596129880.2201388_LIProfilePic_t.jpg,https://cdn.4insite.com/assets/b023bd3e186f4a198bc6a16b8730b43e_IMG_4897_t.png?X-Amz-Algorithm=AWS4-HMAC-SHA256&X-Amz-Content-Sha256=UNSIGNED-PAYLOAD&X-Amz-Credential=ASIA3P5EIQBK2EAQQJGJ%2F20260612%2Fus-west-2%2Fs3%2Faws4_request&X-Amz-Date=20260612T182822Z&X-Amz-Expires=300&X-Amz-Security-Token=IQoJb3JpZ2luX2VjEFMaCXVzLXdlc3QtMiJIMEYCIQD7KMRDZFJWYkfGCdXYApkS8K5vx6Z0M%2F6glnpxwSJ0jQIhAP3ShKjrMYxejB3Nt%2B9np%2Buje6TcRvAqgNycgnVOQ3ucKu0CCBwQBBoMNzkwMDgxNjAxNjIxIgwHgLc7ZY7sW841rFEqygJy%2BOAkHJMI%2BAajjHps6ZmL%2FZiXZ8KpOCPeJcLFc2HJmV%2BkS5AS%2BO0PtVkBv3Q4n0veLZ%2FqH3fVLFXBfj4t7W0TQ85CnCnBNXv1E7VAH2dp2qr2X2x7CRChFs5BMNXuxLo1nOnhlgPPtvWy%2BZqTaiP%2FksKv7BXWKtcB2fJkIJlkHXmA66EcGkcXPeSrLJYzb8MmXHxBfpCkn5PtDPg75CGm1JRrPwRhkRojfMlhBn39YcwtXSqbMc4%2F58clKYnArfOxaaDEdV4cYA7iizEftKNKmZxMmRn3%2B9Q8YGBTtZn3UjpWFyV69rXDwg%2F6BfoGcwylsc6%2FM7wRp5wHtECG5Z7Ffuvu%2F6BXVjJjLTiFjjcl3z%2BM%2F%2FTuw5bcdDn2l3ycvSYrTEHdTQlqQpQxV0fR50tDKWklUPrgwtXp2TvdNHnvSlqXZszxTg367uAwu9uw0QY6rAKw6ejecdP8ZQ45dk73KWeJl1w8hn0aWvUHRTIVKV5FizKeOv%2FKQrQ8loAJ4v8IA4v3LA2uIolG9DKOFJfI6WA0uOkIdrcoJhI9r92t%2FG7XPE4KhnWAgAPFY3AWvo0rikBjSXc%2Fu2k9BANoqkG4tXWux6YgvS8CaeZ3p8Pei%2Fv1uLYXUyAQBDMcwv1TGYQAlef3fo9eSN8wUKo3%2FzqHHKyq%2BZFX08HAw7lVlzmUedF8P8e0nj0EK2ohDmfh5VnjDC5hBWBJvzFCugkf9ZGTljbZTyMZNRM46YMmyjmZXyqsAD1JBNce%2F3YEcTPTe54157nE1JHri3DwyFQtIReTxa%2BpJenYenfN30QJNf%2Fy3vGc0ObBk8TonskU4%2B%2F2aaU9hTdOQEmdLW6sW2UtTV8%3D&X-Amz-Signature=e76427c803b53beb74b7e25aca6a664ede4bcfe94fa3d255f2bbf3b79135b630&X-Amz-SignedHeaders=host&response-content-disposition=inline
Charlee Hansen,magusnet@outlook.com,Assoc Site Mgr,GE Aviation – Additive (West Chester),"Delta - LaGuardia, NY",06/11/2021,6:30 AM,(666) 666-0001,"$795,093.39",Swing,https://cdn.4insite.com/assets/01d82a9297d94fc598e3c7e0f4829bb5_Facetune_27102024070554_t.jpg,https://cdn.4insite.com/assets/a750b029139a49e483b90d485b951f26_IMG_2981_t.png?X-Amz-Algorithm=AWS4-HMAC-SHA256&X-Amz-Content-Sha256=UNSIGNED-PAYLOAD&X-Amz-Credential=ASIA3P5EIQBK2EAQQJGJ%2F20260612%2Fus-west-2%2Fs3%2Faws4_request&X-Amz-Date=20260612T182822Z&X-Amz-Expires=300&X-Amz-Security-Token=IQoJb3JpZ2luX2VjEFMaCXVzLXdlc3QtMiJIMEYCIQD7KMRDZFJWYkfGCdXYApkS8K5vx6Z0M%2F6glnpxwSJ0jQIhAP3ShKjrMYxejB3Nt%2B9np%2Buje6TcRvAqgNycgnVOQ3ucKu0CCBwQBBoMNzkwMDgxNjAxNjIxIgwHgLc7ZY7sW841rFEqygJy%2BOAkHJMI%2BAajjHps6ZmL%2FZiXZ8KpOCPeJcLFc2HJmV%2BkS5AS%2BO0PtVkBv3Q4n0veLZ%2FqH3fVLFXBfj4t7W0TQ85CnCnBNXv1E7VAH2dp2qr2X2x7CRChFs5BMNXuxLo1nOnhlgPPtvWy%2BZqTaiP%2FksKv7BXWKtcB2fJkIJlkHXmA66EcGkcXPeSrLJYzb8MmXHxBfpCkn5PtDPg75CGm1JRrPwRhkRojfMlhBn39YcwtXSqbMc4%2F58clKYnArfOxaaDEdV4cYA7iizEftKNKmZxMmRn3%2B9Q8YGBTtZn3UjpWFyV69rXDwg%2F6BfoGcwylsc6%2FM7wRp5wHtECG5Z7Ffuvu%2F6BXVjJjLTiFjjcl3z%2BM%2F%2FTuw5bcdDn2l3ycvSYrTEHdTQlqQpQxV0fR50tDKWklUPrgwtXp2TvdNHnvSlqXZszxTg367uAwu9uw0QY6rAKw6ejecdP8ZQ45dk73KWeJl1w8hn0aWvUHRTIVKV5FizKeOv%2FKQrQ8loAJ4v8IA4v3LA2uIolG9DKOFJfI6WA0uOkIdrcoJhI9r92t%2FG7XPE4KhnWAgAPFY3AWvo0rikBjSXc%2Fu2k9BANoqkG4tXWux6YgvS8CaeZ3p8Pei%2Fv1uLYXUyAQBDMcwv1TGYQAlef3fo9eSN8wUKo3%2FzqHHKyq%2BZFX08HAw7lVlzmUedF8P8e0nj0EK2ohDmfh5VnjDC5hBWBJvzFCugkf9ZGTljbZTyMZNRM46YMmyjmZXyqsAD1JBNce%2F3YEcTPTe54157nE1JHri3DwyFQtIReTxa%2BpJenYenfN30QJNf%2Fy3vGc0ObBk8TonskU4%2B%2F2aaU9hTdOQEmdLW6sW2UtTV8%3D&X-Amz-Signature=6a6595c201139647fde3a92c4b72f6032600e40639e54fe81c8a5c2c8b7d96c3&X-Amz-SignedHeaders=host&response-content-disposition=inline
Noe Cooper,russotto@att.net,Account Mgr,Uber (CBRE) – Burbank,"Delta - Detroit, MI",01/01/2021,11:50 AM,(777) 777-7784,"$3,951.00",Graveyard,https://cdn.4insite.com/assets/3ae2715a2d9f45b484ec68292049f53a_Headshot_t.jpg,https://cdn.4insite.com/assets/a686535912b44ebca3bc8933686b93e9_jhfgyuf_t.png?X-Amz-Algorithm=AWS4-HMAC-SHA256&X-Amz-Content-Sha256=UNSIGNED-PAYLOAD&X-Amz-Credential=ASIA3P5EIQBK2EAQQJGJ%2F20260612%2Fus-west-2%2Fs3%2Faws4_request&X-Amz-Date=20260612T182822Z&X-Amz-Expires=300&X-Amz-Security-Token=IQoJb3JpZ2luX2VjEFMaCXVzLXdlc3QtMiJIMEYCIQD7KMRDZFJWYkfGCdXYApkS8K5vx6Z0M%2F6glnpxwSJ0jQIhAP3ShKjrMYxejB3Nt%2B9np%2Buje6TcRvAqgNycgnVOQ3ucKu0CCBwQBBoMNzkwMDgxNjAxNjIxIgwHgLc7ZY7sW841rFEqygJy%2BOAkHJMI%2BAajjHps6ZmL%2FZiXZ8KpOCPeJcLFc2HJmV%2BkS5AS%2BO0PtVkBv3Q4n0veLZ%2FqH3fVLFXBfj4t7W0TQ85CnCnBNXv1E7VAH2dp2qr2X2x7CRChFs5BMNXuxLo1nOnhlgPPtvWy%2BZqTaiP%2FksKv7BXWKtcB2fJkIJlkHXmA66EcGkcXPeSrLJYzb8MmXHxBfpCkn5PtDPg75CGm1JRrPwRhkRojfMlhBn39YcwtXSqbMc4%2F58clKYnArfOxaaDEdV4cYA7iizEftKNKmZxMmRn3%2B9Q8YGBTtZn3UjpWFyV69rXDwg%2F6BfoGcwylsc6%2FM7wRp5wHtECG5Z7Ffuvu%2F6BXVjJjLTiFjjcl3z%2BM%2F%2FTuw5bcdDn2l3ycvSYrTEHdTQlqQpQxV0fR50tDKWklUPrgwtXp2TvdNHnvSlqXZszxTg367uAwu9uw0QY6rAKw6ejecdP8ZQ45dk73KWeJl1w8hn0aWvUHRTIVKV5FizKeOv%2FKQrQ8loAJ4v8IA4v3LA2uIolG9DKOFJfI6WA0uOkIdrcoJhI9r92t%2FG7XPE4KhnWAgAPFY3AWvo0rikBjSXc%2Fu2k9BANoqkG4tXWux6YgvS8CaeZ3p8Pei%2Fv1uLYXUyAQBDMcwv1TGYQAlef3fo9eSN8wUKo3%2FzqHHKyq%2BZFX08HAw7lVlzmUedF8P8e0nj0EK2ohDmfh5VnjDC5hBWBJvzFCugkf9ZGTljbZTyMZNRM46YMmyjmZXyqsAD1JBNce%2F3YEcTPTe54157nE1JHri3DwyFQtIReTxa%2BpJenYenfN30QJNf%2Fy3vGc0ObBk8TonskU4%2B%2F2aaU9hTdOQEmdLW6sW2UtTV8%3D&X-Amz-Signature=ab2700ba7b7fe4a8141d48aa0fbfe27274200e15bc7fe7db4decad1a28e5d41b&X-Amz-SignedHeaders=host&response-content-disposition=inline
Agustin Lynn,jrifkin@me.com,Account Dir,"Endo Pharmaceuticals Inc – Malvern, PA",Microsoft (CBRE) – Puget Sound (CBRE),04/06/2021,8:55 AM,(888) 888-8891,"$5,091.00",Day,https://cdn.4insite.com/assets/1612299821.4215329_MITPhoto_t.jpg,https://cdn.4insite.com/assets/a5722943188c44dfad5f47f12f274998_HS_t.png?X-Amz-Algorithm=AWS4-HMAC-SHA256&X-Amz-Content-Sha256=UNSIGNED-PAYLOAD&X-Amz-Credential=ASIA3P5EIQBK2EAQQJGJ%2F20260612%2Fus-west-2%2Fs3%2Faws4_request&X-Amz-Date=20260612T182822Z&X-Amz-Expires=300&X-Amz-Security-Token=IQoJb3JpZ2luX2VjEFMaCXVzLXdlc3QtMiJIMEYCIQD7KMRDZFJWYkfGCdXYApkS8K5vx6Z0M%2F6glnpxwSJ0jQIhAP3ShKjrMYxejB3Nt%2B9np%2Buje6TcRvAqgNycgnVOQ3ucKu0CCBwQBBoMNzkwMDgxNjAxNjIxIgwHgLc7ZY7sW841rFEqygJy%2BOAkHJMI%2BAajjHps6ZmL%2FZiXZ8KpOCPeJcLFc2HJmV%2BkS5AS%2BO0PtVkBv3Q4n0veLZ%2FqH3fVLFXBfj4t7W0TQ85CnCnBNXv1E7VAH2dp2qr2X2x7CRChFs5BMNXuxLo1nOnhlgPPtvWy%2BZqTaiP%2FksKv7BXWKtcB2fJkIJlkHXmA66EcGkcXPeSrLJYzb8MmXHxBfpCkn5PtDPg75CGm1JRrPwRhkRojfMlhBn39YcwtXSqbMc4%2F58clKYnArfOxaaDEdV4cYA7iizEftKNKmZxMmRn3%2B9Q8YGBTtZn3UjpWFyV69rXDwg%2F6BfoGcwylsc6%2FM7wRp5wHtECG5Z7Ffuvu%2F6BXVjJjLTiFjjcl3z%2BM%2F%2FTuw5bcdDn2l3ycvSYrTEHdTQlqQpQxV0fR50tDKWklUPrgwtXp2TvdNHnvSlqXZszxTg367uAwu9uw0QY6rAKw6ejecdP8ZQ45dk73KWeJl1w8hn0aWvUHRTIVKV5FizKeOv%2FKQrQ8loAJ4v8IA4v3LA2uIolG9DKOFJfI6WA0uOkIdrcoJhI9r92t%2FG7XPE4KhnWAgAPFY3AWvo0rikBjSXc%2Fu2k9BANoqkG4tXWux6YgvS8CaeZ3p8Pei%2Fv1uLYXUyAQBDMcwv1TGYQAlef3fo9eSN8wUKo3%2FzqHHKyq%2BZFX08HAw7lVlzmUedF8P8e0nj0EK2ohDmfh5VnjDC5hBWBJvzFCugkf9ZGTljbZTyMZNRM46YMmyjmZXyqsAD1JBNce%2F3YEcTPTe54157nE1JHri3DwyFQtIReTxa%2BpJenYenfN30QJNf%2Fy3vGc0ObBk8TonskU4%2B%2F2aaU9hTdOQEmdLW6sW2UtTV8%3D&X-Amz-Signature=a34ad5cbf5f62c45757ca07d4a53687a7c89461fc2a0bd8f0765f9cd790e177c&X-Amz-SignedHeaders=host&response-content-disposition=inline
Abbigail Anderson,pedwards@gmail.com,Site Mgr,"Genentech – Hillsboro, OR","Delta - LaGuardia, NY",08/06/2020,9:50 PM,(444) 444-4460,"$4,905.00",Night,https://cdn.4insite.com/assets/28ab37cc31524df0999ebf10f2628c66_HS1_t.jpg,https://cdn.4insite.com/assets/7fc87ad42a274fe69b2087f3387d5e35_received_1255780525445749_t.png?X-Amz-Algorithm=AWS4-HMAC-SHA256&X-Amz-Content-Sha256=UNSIGNED-PAYLOAD&X-Amz-Credential=ASIA3P5EIQBK2EAQQJGJ%2F20260612%2Fus-west-2%2Fs3%2Faws4_request&X-Amz-Date=20260612T182822Z&X-Amz-Expires=300&X-Amz-Security-Token=IQoJb3JpZ2luX2VjEFMaCXVzLXdlc3QtMiJIMEYCIQD7KMRDZFJWYkfGCdXYApkS8K5vx6Z0M%2F6glnpxwSJ0jQIhAP3ShKjrMYxejB3Nt%2B9np%2Buje6TcRvAqgNycgnVOQ3ucKu0CCBwQBBoMNzkwMDgxNjAxNjIxIgwHgLc7ZY7sW841rFEqygJy%2BOAkHJMI%2BAajjHps6ZmL%2FZiXZ8KpOCPeJcLFc2HJmV%2BkS5AS%2BO0PtVkBv3Q4n0veLZ%2FqH3fVLFXBfj4t7W0TQ85CnCnBNXv1E7VAH2dp2qr2X2x7CRChFs5BMNXuxLo1nOnhlgPPtvWy%2BZqTaiP%2FksKv7BXWKtcB2fJkIJlkHXmA66EcGkcXPeSrLJYzb8MmXHxBfpCkn5PtDPg75CGm1JRrPwRhkRojfMlhBn39YcwtXSqbMc4%2F58clKYnArfOxaaDEdV4cYA7iizEftKNKmZxMmRn3%2B9Q8YGBTtZn3UjpWFyV69rXDwg%2F6BfoGcwylsc6%2FM7wRp5wHtECG5Z7Ffuvu%2F6BXVjJjLTiFjjcl3z%2BM%2F%2FTuw5bcdDn2l3ycvSYrTEHdTQlqQpQxV0fR50tDKWklUPrgwtXp2TvdNHnvSlqXZszxTg367uAwu9uw0QY6rAKw6ejecdP8ZQ45dk73KWeJl1w8hn0aWvUHRTIVKV5FizKeOv%2FKQrQ8loAJ4v8IA4v3LA2uIolG9DKOFJfI6WA0uOkIdrcoJhI9r92t%2FG7XPE4KhnWAgAPFY3AWvo0rikBjSXc%2Fu2k9BANoqkG4tXWux6YgvS8CaeZ3p8Pei%2Fv1uLYXUyAQBDMcwv1TGYQAlef3fo9eSN8wUKo3%2FzqHHKyq%2BZFX08HAw7lVlzmUedF8P8e0nj0EK2ohDmfh5VnjDC5hBWBJvzFCugkf9ZGTljbZTyMZNRM46YMmyjmZXyqsAD1JBNce%2F3YEcTPTe54157nE1JHri3DwyFQtIReTxa%2BpJenYenfN30QJNf%2Fy3vGc0ObBk8TonskU4%2B%2F2aaU9hTdOQEmdLW6sW2UtTV8%3D&X-Amz-Signature=25032598663d6c47c4306e25de3563a16a8980c77dc356f3c603d900d4c9326a&X-Amz-SignedHeaders=host&response-content-disposition=inline
Kameron Parrish,scottzed@sbcglobal.net,Sr Site Mgr,NIKE – Adapt,"Delta - Detroit, MI",01/17/2020,3:10 PM,(222) 222-234,"$2,458.00",Swing,https://cdn.4insite.com/assets/1597337609.0038068_joshgrady_t.jpg,https://cdn.4insite.com/assets/69fee21232c14e0ea0e26b8e42ffe817_1715277802227_t.png?X-Amz-Algorithm=AWS4-HMAC-SHA256&X-Amz-Content-Sha256=UNSIGNED-PAYLOAD&X-Amz-Credential=ASIA3P5EIQBK2EAQQJGJ%2F20260612%2Fus-west-2%2Fs3%2Faws4_request&X-Amz-Date=20260612T182822Z&X-Amz-Expires=300&X-Amz-Security-Token=IQoJb3JpZ2luX2VjEFMaCXVzLXdlc3QtMiJIMEYCIQD7KMRDZFJWYkfGCdXYApkS8K5vx6Z0M%2F6glnpxwSJ0jQIhAP3ShKjrMYxejB3Nt%2B9np%2Buje6TcRvAqgNycgnVOQ3ucKu0CCBwQBBoMNzkwMDgxNjAxNjIxIgwHgLc7ZY7sW841rFEqygJy%2BOAkHJMI%2BAajjHps6ZmL%2FZiXZ8KpOCPeJcLFc2HJmV%2BkS5AS%2BO0PtVkBv3Q4n0veLZ%2FqH3fVLFXBfj4t7W0TQ85CnCnBNXv1E7VAH2dp2qr2X2x7CRChFs5BMNXuxLo1nOnhlgPPtvWy%2BZqTaiP%2FksKv7BXWKtcB2fJkIJlkHXmA66EcGkcXPeSrLJYzb8MmXHxBfpCkn5PtDPg75CGm1JRrPwRhkRojfMlhBn39YcwtXSqbMc4%2F58clKYnArfOxaaDEdV4cYA7iizEftKNKmZxMmRn3%2B9Q8YGBTtZn3UjpWFyV69rXDwg%2F6BfoGcwylsc6%2FM7wRp5wHtECG5Z7Ffuvu%2F6BXVjJjLTiFjjcl3z%2BM%2F%2FTuw5bcdDn2l3ycvSYrTEHdTQlqQpQxV0fR50tDKWklUPrgwtXp2TvdNHnvSlqXZszxTg367uAwu9uw0QY6rAKw6ejecdP8ZQ45dk73KWeJl1w8hn0aWvUHRTIVKV5FizKeOv%2FKQrQ8loAJ4v8IA4v3LA2uIolG9DKOFJfI6WA0uOkIdrcoJhI9r92t%2FG7XPE4KhnWAgAPFY3AWvo0rikBjSXc%2Fu2k9BANoqkG4tXWux6YgvS8CaeZ3p8Pei%2Fv1uLYXUyAQBDMcwv1TGYQAlef3fo9eSN8wUKo3%2FzqHHKyq%2BZFX08HAw7lVlzmUedF8P8e0nj0EK2ohDmfh5VnjDC5hBWBJvzFCugkf9ZGTljbZTyMZNRM46YMmyjmZXyqsAD1JBNce%2F3YEcTPTe54157nE1JHri3DwyFQtIReTxa%2BpJenYenfN30QJNf%2Fy3vGc0ObBk8TonskU4%2B%2F2aaU9hTdOQEmdLW6sW2UtTV8%3D&X-Amz-Signature=fa549b22da73547c71a96512c1e2549a1f0440fa607f0d29fc5e9daf5a5ba5c3&X-Amz-SignedHeaders=host&response-content-disposition=inline
Reagan Chung,rkobes@aol.com,Assoc Site Mgr,General Dynamics – Bloomington,Microsoft (CBRE) – Puget Sound (CBRE),02/06/2020,3:50 PM,(111) 111-1124,"$3,894.00",Graveyard,https://cdn.4insite.com/assets/ba725c4f8816402fa5b98f2bcde79224_LinkedInPic_t.jpg,https://cdn.4insite.com/assets/6401bf1e6e514db68398fc24c05c6d4f_phan_tai_h_t.png?X-Amz-Algorithm=AWS4-HMAC-SHA256&X-Amz-Content-Sha256=UNSIGNED-PAYLOAD&X-Amz-Credential=ASIA3P5EIQBK2EAQQJGJ%2F20260612%2Fus-west-2%2Fs3%2Faws4_request&X-Amz-Date=20260612T182822Z&X-Amz-Expires=300&X-Amz-Security-Token=IQoJb3JpZ2luX2VjEFMaCXVzLXdlc3QtMiJIMEYCIQD7KMRDZFJWYkfGCdXYApkS8K5vx6Z0M%2F6glnpxwSJ0jQIhAP3ShKjrMYxejB3Nt%2B9np%2Buje6TcRvAqgNycgnVOQ3ucKu0CCBwQBBoMNzkwMDgxNjAxNjIxIgwHgLc7ZY7sW841rFEqygJy%2BOAkHJMI%2BAajjHps6ZmL%2FZiXZ8KpOCPeJcLFc2HJmV%2BkS5AS%2BO0PtVkBv3Q4n0veLZ%2FqH3fVLFXBfj4t7W0TQ85CnCnBNXv1E7VAH2dp2qr2X2x7CRChFs5BMNXuxLo1nOnhlgPPtvWy%2BZqTaiP%2FksKv7BXWKtcB2fJkIJlkHXmA66EcGkcXPeSrLJYzb8MmXHxBfpCkn5PtDPg75CGm1JRrPwRhkRojfMlhBn39YcwtXSqbMc4%2F58clKYnArfOxaaDEdV4cYA7iizEftKNKmZxMmRn3%2B9Q8YGBTtZn3UjpWFyV69rXDwg%2F6BfoGcwylsc6%2FM7wRp5wHtECG5Z7Ffuvu%2F6BXVjJjLTiFjjcl3z%2BM%2F%2FTuw5bcdDn2l3ycvSYrTEHdTQlqQpQxV0fR50tDKWklUPrgwtXp2TvdNHnvSlqXZszxTg367uAwu9uw0QY6rAKw6ejecdP8ZQ45dk73KWeJl1w8hn0aWvUHRTIVKV5FizKeOv%2FKQrQ8loAJ4v8IA4v3LA2uIolG9DKOFJfI6WA0uOkIdrcoJhI9r92t%2FG7XPE4KhnWAgAPFY3AWvo0rikBjSXc%2Fu2k9BANoqkG4tXWux6YgvS8CaeZ3p8Pei%2Fv1uLYXUyAQBDMcwv1TGYQAlef3fo9eSN8wUKo3%2FzqHHKyq%2BZFX08HAw7lVlzmUedF8P8e0nj0EK2ohDmfh5VnjDC5hBWBJvzFCugkf9ZGTljbZTyMZNRM46YMmyjmZXyqsAD1JBNce%2F3YEcTPTe54157nE1JHri3DwyFQtIReTxa%2BpJenYenfN30QJNf%2Fy3vGc0ObBk8TonskU4%2B%2F2aaU9hTdOQEmdLW6sW2UtTV8%3D&X-Amz-Signature=be7a9ae0f0b4d7310b78330efc5d61890014080eef09c392cae6c0d21cef55a1&X-Amz-SignedHeaders=host&response-content-disposition=inline
Adrienne Ford,speeves@yahoo.com,Account Mgr,"Micron (C&W) – Folsom, CA","Delta - LaGuardia, NY",05/04/2020,12:50 PM,(111) 111-1120,"$2,165.00",Day,https://cdn.4insite.com/assets/r880c04faa1ab469689a84ac1ee3967db_NewPic_t.png,https://cdn.4insite.com/assets/61c4197397a9465383b2fa6fbb46e986_ProfessionalHeadshotCENTERED_t.png?X-Amz-Algorithm=AWS4-HMAC-SHA256&X-Amz-Content-Sha256=UNSIGNED-PAYLOAD&X-Amz-Credential=ASIA3P5EIQBK2EAQQJGJ%2F20260612%2Fus-west-2%2Fs3%2Faws4_request&X-Amz-Date=20260612T182822Z&X-Amz-Expires=300&X-Amz-Security-Token=IQoJb3JpZ2luX2VjEFMaCXVzLXdlc3QtMiJIMEYCIQD7KMRDZFJWYkfGCdXYApkS8K5vx6Z0M%2F6glnpxwSJ0jQIhAP3ShKjrMYxejB3Nt%2B9np%2Buje6TcRvAqgNycgnVOQ3ucKu0CCBwQBBoMNzkwMDgxNjAxNjIxIgwHgLc7ZY7sW841rFEqygJy%2BOAkHJMI%2BAajjHps6ZmL%2FZiXZ8KpOCPeJcLFc2HJmV%2BkS5AS%2BO0PtVkBv3Q4n0veLZ%2FqH3fVLFXBfj4t7W0TQ85CnCnBNXv1E7VAH2dp2qr2X2x7CRChFs5BMNXuxLo1nOnhlgPPtvWy%2BZqTaiP%2FksKv7BXWKtcB2fJkIJlkHXmA66EcGkcXPeSrLJYzb8MmXHxBfpCkn5PtDPg75CGm1JRrPwRhkRojfMlhBn39YcwtXSqbMc4%2F58clKYnArfOxaaDEdV4cYA7iizEftKNKmZxMmRn3%2B9Q8YGBTtZn3UjpWFyV69rXDwg%2F6BfoGcwylsc6%2FM7wRp5wHtECG5Z7Ffuvu%2F6BXVjJjLTiFjjcl3z%2BM%2F%2FTuw5bcdDn2l3ycvSYrTEHdTQlqQpQxV0fR50tDKWklUPrgwtXp2TvdNHnvSlqXZszxTg367uAwu9uw0QY6rAKw6ejecdP8ZQ45dk73KWeJl1w8hn0aWvUHRTIVKV5FizKeOv%2FKQrQ8loAJ4v8IA4v3LA2uIolG9DKOFJfI6WA0uOkIdrcoJhI9r92t%2FG7XPE4KhnWAgAPFY3AWvo0rikBjSXc%2Fu2k9BANoqkG4tXWux6YgvS8CaeZ3p8Pei%2Fv1uLYXUyAQBDMcwv1TGYQAlef3fo9eSN8wUKo3%2FzqHHKyq%2BZFX08HAw7lVlzmUedF8P8e0nj0EK2ohDmfh5VnjDC5hBWBJvzFCugkf9ZGTljbZTyMZNRM46YMmyjmZXyqsAD1JBNce%2F3YEcTPTe54157nE1JHri3DwyFQtIReTxa%2BpJenYenfN30QJNf%2Fy3vGc0ObBk8TonskU4%2B%2F2aaU9hTdOQEmdLW6sW2UtTV8%3D&X-Amz-Signature=ff2e4b8cd56162d0c7c3a529a422a3470e2d112f487994cf746816f79222ea2e&X-Amz-SignedHeaders=host&response-content-disposition=inline
Kellen Long,ozawa667@outlook.com,Account Dir,Cigna (CBRE) – Arizona,"Delta - Detroit, MI",12/17/2021,3:30 PM,(666) 666-6678,"$8,424.00",Night,https://cdn.4insite.com/assets/r6fa7e5e9447f412ea5d19152cd587135_Screenshot20250923111350_t.png,https://cdn.4insite.com/assets/5cc0d9763ca748b7bc433e5824ffc29b_img_5928_t.png?X-Amz-Algorithm=AWS4-HMAC-SHA256&X-Amz-Content-Sha256=UNSIGNED-PAYLOAD&X-Amz-Credential=ASIA3P5EIQBK2EAQQJGJ%2F20260612%2Fus-west-2%2Fs3%2Faws4_request&X-Amz-Date=20260612T182822Z&X-Amz-Expires=300&X-Amz-Security-Token=IQoJb3JpZ2luX2VjEFMaCXVzLXdlc3QtMiJIMEYCIQD7KMRDZFJWYkfGCdXYApkS8K5vx6Z0M%2F6glnpxwSJ0jQIhAP3ShKjrMYxejB3Nt%2B9np%2Buje6TcRvAqgNycgnVOQ3ucKu0CCBwQBBoMNzkwMDgxNjAxNjIxIgwHgLc7ZY7sW841rFEqygJy%2BOAkHJMI%2BAajjHps6ZmL%2FZiXZ8KpOCPeJcLFc2HJmV%2BkS5AS%2BO0PtVkBv3Q4n0veLZ%2FqH3fVLFXBfj4t7W0TQ85CnCnBNXv1E7VAH2dp2qr2X2x7CRChFs5BMNXuxLo1nOnhlgPPtvWy%2BZqTaiP%2FksKv7BXWKtcB2fJkIJlkHXmA66EcGkcXPeSrLJYzb8MmXHxBfpCkn5PtDPg75CGm1JRrPwRhkRojfMlhBn39YcwtXSqbMc4%2F58clKYnArfOxaaDEdV4cYA7iizEftKNKmZxMmRn3%2B9Q8YGBTtZn3UjpWFyV69rXDwg%2F6BfoGcwylsc6%2FM7wRp5wHtECG5Z7Ffuvu%2F6BXVjJjLTiFjjcl3z%2BM%2F%2FTuw5bcdDn2l3ycvSYrTEHdTQlqQpQxV0fR50tDKWklUPrgwtXp2TvdNHnvSlqXZszxTg367uAwu9uw0QY6rAKw6ejecdP8ZQ45dk73KWeJl1w8hn0aWvUHRTIVKV5FizKeOv%2FKQrQ8loAJ4v8IA4v3LA2uIolG9DKOFJfI6WA0uOkIdrcoJhI9r92t%2FG7XPE4KhnWAgAPFY3AWvo0rikBjSXc%2Fu2k9BANoqkG4tXWux6YgvS8CaeZ3p8Pei%2Fv1uLYXUyAQBDMcwv1TGYQAlef3fo9eSN8wUKo3%2FzqHHKyq%2BZFX08HAw7lVlzmUedF8P8e0nj0EK2ohDmfh5VnjDC5hBWBJvzFCugkf9ZGTljbZTyMZNRM46YMmyjmZXyqsAD1JBNce%2F3YEcTPTe54157nE1JHri3DwyFQtIReTxa%2BpJenYenfN30QJNf%2Fy3vGc0ObBk8TonskU4%2B%2F2aaU9hTdOQEmdLW6sW2UtTV8%3D&X-Amz-Signature=cb2241d80bb65807f57fcdb9e5c64d999264066367abeb9512e80a394b99f738&X-Amz-SignedHeaders=host&response-content-disposition=inline
Bruce Charles,ccohen@yahoo.com,Site Mgr,"Anthem – Denver, CO",Microsoft (CBRE) – Puget Sound (CBRE),03/15/2022,8:05 AM,(777) 777-7779,"$7,453.00",Swing,https://cdn.4insite.com/assets/r638204abf8a74c6588ae0706550a87bc_Wittekind_Kim_WHT_t.jpg,https://cdn.4insite.com/assets/4b1edb2c76e84ad59c7aa5633efa9591_Gus_t.png?X-Amz-Algorithm=AWS4-HMAC-SHA256&X-Amz-Content-Sha256=UNSIGNED-PAYLOAD&X-Amz-Credential=ASIA3P5EIQBK2EAQQJGJ%2F20260612%2Fus-west-2%2Fs3%2Faws4_request&X-Amz-Date=20260612T182822Z&X-Amz-Expires=300&X-Amz-Security-Token=IQoJb3JpZ2luX2VjEFMaCXVzLXdlc3QtMiJIMEYCIQD7KMRDZFJWYkfGCdXYApkS8K5vx6Z0M%2F6glnpxwSJ0jQIhAP3ShKjrMYxejB3Nt%2B9np%2Buje6TcRvAqgNycgnVOQ3ucKu0CCBwQBBoMNzkwMDgxNjAxNjIxIgwHgLc7ZY7sW841rFEqygJy%2BOAkHJMI%2BAajjHps6ZmL%2FZiXZ8KpOCPeJcLFc2HJmV%2BkS5AS%2BO0PtVkBv3Q4n0veLZ%2FqH3fVLFXBfj4t7W0TQ85CnCnBNXv1E7VAH2dp2qr2X2x7CRChFs5BMNXuxLo1nOnhlgPPtvWy%2BZqTaiP%2FksKv7BXWKtcB2fJkIJlkHXmA66EcGkcXPeSrLJYzb8MmXHxBfpCkn5PtDPg75CGm1JRrPwRhkRojfMlhBn39YcwtXSqbMc4%2F58clKYnArfOxaaDEdV4cYA7iizEftKNKmZxMmRn3%2B9Q8YGBTtZn3UjpWFyV69rXDwg%2F6BfoGcwylsc6%2FM7wRp5wHtECG5Z7Ffuvu%2F6BXVjJjLTiFjjcl3z%2BM%2F%2FTuw5bcdDn2l3ycvSYrTEHdTQlqQpQxV0fR50tDKWklUPrgwtXp2TvdNHnvSlqXZszxTg367uAwu9uw0QY6rAKw6ejecdP8ZQ45dk73KWeJl1w8hn0aWvUHRTIVKV5FizKeOv%2FKQrQ8loAJ4v8IA4v3LA2uIolG9DKOFJfI6WA0uOkIdrcoJhI9r92t%2FG7XPE4KhnWAgAPFY3AWvo0rikBjSXc%2Fu2k9BANoqkG4tXWux6YgvS8CaeZ3p8Pei%2Fv1uLYXUyAQBDMcwv1TGYQAlef3fo9eSN8wUKo3%2FzqHHKyq%2BZFX08HAw7lVlzmUedF8P8e0nj0EK2ohDmfh5VnjDC5hBWBJvzFCugkf9ZGTljbZTyMZNRM46YMmyjmZXyqsAD1JBNce%2F3YEcTPTe54157nE1JHri3DwyFQtIReTxa%2BpJenYenfN30QJNf%2Fy3vGc0ObBk8TonskU4%2B%2F2aaU9hTdOQEmdLW6sW2UtTV8%3D&X-Amz-Signature=0e947a4653374910eaab9e85e16e39947322312b16d456f57ec836f80735935d&X-Amz-SignedHeaders=host&response-content-disposition=inline
Jayleen Pugh,konit@me.com,Sr Site Mgr,Lockheed Martin Space – North Denver Metro,"Delta - LaGuardia, NY",12/31/2021,9:15 AM,(333) 333-3337,"$7,247.00",Graveyard,https://cdn.4insite.com/assets/r9517ad7ffd7446e9b1dc043c720689fd_NickCullinanHeadshotcopy_t.png,https://cdn.4insite.com/assets/4a3cd2e66af74e67a86f8141db8a8c50_20240429_174001_t.png?X-Amz-Algorithm=AWS4-HMAC-SHA256&X-Amz-Content-Sha256=UNSIGNED-PAYLOAD&X-Amz-Credential=ASIA3P5EIQBK2EAQQJGJ%2F20260612%2Fus-west-2%2Fs3%2Faws4_request&X-Amz-Date=20260612T182822Z&X-Amz-Expires=300&X-Amz-Security-Token=IQoJb3JpZ2luX2VjEFMaCXVzLXdlc3QtMiJIMEYCIQD7KMRDZFJWYkfGCdXYApkS8K5vx6Z0M%2F6glnpxwSJ0jQIhAP3ShKjrMYxejB3Nt%2B9np%2Buje6TcRvAqgNycgnVOQ3ucKu0CCBwQBBoMNzkwMDgxNjAxNjIxIgwHgLc7ZY7sW841rFEqygJy%2BOAkHJMI%2BAajjHps6ZmL%2FZiXZ8KpOCPeJcLFc2HJmV%2BkS5AS%2BO0PtVkBv3Q4n0veLZ%2FqH3fVLFXBfj4t7W0TQ85CnCnBNXv1E7VAH2dp2qr2X2x7CRChFs5BMNXuxLo1nOnhlgPPtvWy%2BZqTaiP%2FksKv7BXWKtcB2fJkIJlkHXmA66EcGkcXPeSrLJYzb8MmXHxBfpCkn5PtDPg75CGm1JRrPwRhkRojfMlhBn39YcwtXSqbMc4%2F58clKYnArfOxaaDEdV4cYA7iizEftKNKmZxMmRn3%2B9Q8YGBTtZn3UjpWFyV69rXDwg%2F6BfoGcwylsc6%2FM7wRp5wHtECG5Z7Ffuvu%2F6BXVjJjLTiFjjcl3z%2BM%2F%2FTuw5bcdDn2l3ycvSYrTEHdTQlqQpQxV0fR50tDKWklUPrgwtXp2TvdNHnvSlqXZszxTg367uAwu9uw0QY6rAKw6ejecdP8ZQ45dk73KWeJl1w8hn0aWvUHRTIVKV5FizKeOv%2FKQrQ8loAJ4v8IA4v3LA2uIolG9DKOFJfI6WA0uOkIdrcoJhI9r92t%2FG7XPE4KhnWAgAPFY3AWvo0rikBjSXc%2Fu2k9BANoqkG4tXWux6YgvS8CaeZ3p8Pei%2Fv1uLYXUyAQBDMcwv1TGYQAlef3fo9eSN8wUKo3%2FzqHHKyq%2BZFX08HAw7lVlzmUedF8P8e0nj0EK2ohDmfh5VnjDC5hBWBJvzFCugkf9ZGTljbZTyMZNRM46YMmyjmZXyqsAD1JBNce%2F3YEcTPTe54157nE1JHri3DwyFQtIReTxa%2BpJenYenfN30QJNf%2Fy3vGc0ObBk8TonskU4%2B%2F2aaU9hTdOQEmdLW6sW2UtTV8%3D&X-Amz-Signature=2a7734686e79ed2e7b64088f1537bedaaa0c489f81a32188a58255076d2da8f5&X-Amz-SignedHeaders=host&response-content-disposition=inline
Haylie Galvan,zeitlin@verizon.net,Assoc Site Mgr,"McKesson (CBRE) – Irving, TX","Delta - Detroit, MI",08/29/2020,8:40 AM,(555) 555-5558,"$4,546.00",Day,https://cdn.4insite.com/assets/1578959432.5334392_Mypic_t.jpg,https://cdn.4insite.com/assets/3a675ba53899498fb154994b32768cdb_me_t.png?X-Amz-Algorithm=AWS4-HMAC-SHA256&X-Amz-Content-Sha256=UNSIGNED-PAYLOAD&X-Amz-Credential=ASIA3P5EIQBK2EAQQJGJ%2F20260612%2Fus-west-2%2Fs3%2Faws4_request&X-Amz-Date=20260612T182822Z&X-Amz-Expires=300&X-Amz-Security-Token=IQoJb3JpZ2luX2VjEFMaCXVzLXdlc3QtMiJIMEYCIQD7KMRDZFJWYkfGCdXYApkS8K5vx6Z0M%2F6glnpxwSJ0jQIhAP3ShKjrMYxejB3Nt%2B9np%2Buje6TcRvAqgNycgnVOQ3ucKu0CCBwQBBoMNzkwMDgxNjAxNjIxIgwHgLc7ZY7sW841rFEqygJy%2BOAkHJMI%2BAajjHps6ZmL%2FZiXZ8KpOCPeJcLFc2HJmV%2BkS5AS%2BO0PtVkBv3Q4n0veLZ%2FqH3fVLFXBfj4t7W0TQ85CnCnBNXv1E7VAH2dp2qr2X2x7CRChFs5BMNXuxLo1nOnhlgPPtvWy%2BZqTaiP%2FksKv7BXWKtcB2fJkIJlkHXmA66EcGkcXPeSrLJYzb8MmXHxBfpCkn5PtDPg75CGm1JRrPwRhkRojfMlhBn39YcwtXSqbMc4%2F58clKYnArfOxaaDEdV4cYA7iizEftKNKmZxMmRn3%2B9Q8YGBTtZn3UjpWFyV69rXDwg%2F6BfoGcwylsc6%2FM7wRp5wHtECG5Z7Ffuvu%2F6BXVjJjLTiFjjcl3z%2BM%2F%2FTuw5bcdDn2l3ycvSYrTEHdTQlqQpQxV0fR50tDKWklUPrgwtXp2TvdNHnvSlqXZszxTg367uAwu9uw0QY6rAKw6ejecdP8ZQ45dk73KWeJl1w8hn0aWvUHRTIVKV5FizKeOv%2FKQrQ8loAJ4v8IA4v3LA2uIolG9DKOFJfI6WA0uOkIdrcoJhI9r92t%2FG7XPE4KhnWAgAPFY3AWvo0rikBjSXc%2Fu2k9BANoqkG4tXWux6YgvS8CaeZ3p8Pei%2Fv1uLYXUyAQBDMcwv1TGYQAlef3fo9eSN8wUKo3%2FzqHHKyq%2BZFX08HAw7lVlzmUedF8P8e0nj0EK2ohDmfh5VnjDC5hBWBJvzFCugkf9ZGTljbZTyMZNRM46YMmyjmZXyqsAD1JBNce%2F3YEcTPTe54157nE1JHri3DwyFQtIReTxa%2BpJenYenfN30QJNf%2Fy3vGc0ObBk8TonskU4%2B%2F2aaU9hTdOQEmdLW6sW2UtTV8%3D&X-Amz-Signature=c2643063d7f9b5b3aed6e2414690f47728dc49d6fbf862e8a7ec9f917e855fa8&X-Amz-SignedHeaders=host&response-content-disposition=inline
Luna Moore,tokuhirom@msn.com,Account Mgr,Hasbro (JLL) – Central Falls,Microsoft (CBRE) – Puget Sound (CBRE),01/13/2022,8:55 PM,(777) 777-7793,"$8,347.00",Night,https://cdn.4insite.com/assets/r90341859da1b44df8b9859f8860a58df_Screenshot20240116233449_t.png,https://cdn.4insite.com/assets/3945ad92d52340539a4c70a4e02045bc_ahmed_t.png?X-Amz-Algorithm=AWS4-HMAC-SHA256&X-Amz-Content-Sha256=UNSIGNED-PAYLOAD&X-Amz-Credential=ASIA3P5EIQBK2EAQQJGJ%2F20260612%2Fus-west-2%2Fs3%2Faws4_request&X-Amz-Date=20260612T182822Z&X-Amz-Expires=300&X-Amz-Security-Token=IQoJb3JpZ2luX2VjEFMaCXVzLXdlc3QtMiJIMEYCIQD7KMRDZFJWYkfGCdXYApkS8K5vx6Z0M%2F6glnpxwSJ0jQIhAP3ShKjrMYxejB3Nt%2B9np%2Buje6TcRvAqgNycgnVOQ3ucKu0CCBwQBBoMNzkwMDgxNjAxNjIxIgwHgLc7ZY7sW841rFEqygJy%2BOAkHJMI%2BAajjHps6ZmL%2FZiXZ8KpOCPeJcLFc2HJmV%2BkS5AS%2BO0PtVkBv3Q4n0veLZ%2FqH3fVLFXBfj4t7W0TQ85CnCnBNXv1E7VAH2dp2qr2X2x7CRChFs5BMNXuxLo1nOnhlgPPtvWy%2BZqTaiP%2FksKv7BXWKtcB2fJkIJlkHXmA66EcGkcXPeSrLJYzb8MmXHxBfpCkn5PtDPg75CGm1JRrPwRhkRojfMlhBn39YcwtXSqbMc4%2F58clKYnArfOxaaDEdV4cYA7iizEftKNKmZxMmRn3%2B9Q8YGBTtZn3UjpWFyV69rXDwg%2F6BfoGcwylsc6%2FM7wRp5wHtECG5Z7Ffuvu%2F6BXVjJjLTiFjjcl3z%2BM%2F%2FTuw5bcdDn2l3ycvSYrTEHdTQlqQpQxV0fR50tDKWklUPrgwtXp2TvdNHnvSlqXZszxTg367uAwu9uw0QY6rAKw6ejecdP8ZQ45dk73KWeJl1w8hn0aWvUHRTIVKV5FizKeOv%2FKQrQ8loAJ4v8IA4v3LA2uIolG9DKOFJfI6WA0uOkIdrcoJhI9r92t%2FG7XPE4KhnWAgAPFY3AWvo0rikBjSXc%2Fu2k9BANoqkG4tXWux6YgvS8CaeZ3p8Pei%2Fv1uLYXUyAQBDMcwv1TGYQAlef3fo9eSN8wUKo3%2FzqHHKyq%2BZFX08HAw7lVlzmUedF8P8e0nj0EK2ohDmfh5VnjDC5hBWBJvzFCugkf9ZGTljbZTyMZNRM46YMmyjmZXyqsAD1JBNce%2F3YEcTPTe54157nE1JHri3DwyFQtIReTxa%2BpJenYenfN30QJNf%2Fy3vGc0ObBk8TonskU4%2B%2F2aaU9hTdOQEmdLW6sW2UtTV8%3D&X-Amz-Signature=a2701c5dec5c71c6873457d364a771476dd520177bedb03dd45acc1c6e65058a&X-Amz-SignedHeaders=host&response-content-disposition=inline
Tara Hester,parrt@att.net,Account Dir,"Technicolor (CBRE) – Memphis, TN","Delta - LaGuardia, NY",03/01/2020,10:15 PM,(000) 000-0016,"$5,911.00",Swing,https://cdn.4insite.com/assets/61615d212b634c3fafc1a841455d8f96_TLheadshot_t.jpg,https://cdn.4insite.com/assets/341f50f507834432a64dcdc91ac8d62d_Media4_t.png?X-Amz-Algorithm=AWS4-HMAC-SHA256&X-Amz-Content-Sha256=UNSIGNED-PAYLOAD&X-Amz-Credential=ASIA3P5EIQBK2EAQQJGJ%2F20260612%2Fus-west-2%2Fs3%2Faws4_request&X-Amz-Date=20260612T182822Z&X-Amz-Expires=300&X-Amz-Security-Token=IQoJb3JpZ2luX2VjEFMaCXVzLXdlc3QtMiJIMEYCIQD7KMRDZFJWYkfGCdXYApkS8K5vx6Z0M%2F6glnpxwSJ0jQIhAP3ShKjrMYxejB3Nt%2B9np%2Buje6TcRvAqgNycgnVOQ3ucKu0CCBwQBBoMNzkwMDgxNjAxNjIxIgwHgLc7ZY7sW841rFEqygJy%2BOAkHJMI%2BAajjHps6ZmL%2FZiXZ8KpOCPeJcLFc2HJmV%2BkS5AS%2BO0PtVkBv3Q4n0veLZ%2FqH3fVLFXBfj4t7W0TQ85CnCnBNXv1E7VAH2dp2qr2X2x7CRChFs5BMNXuxLo1nOnhlgPPtvWy%2BZqTaiP%2FksKv7BXWKtcB2fJkIJlkHXmA66EcGkcXPeSrLJYzb8MmXHxBfpCkn5PtDPg75CGm1JRrPwRhkRojfMlhBn39YcwtXSqbMc4%2F58clKYnArfOxaaDEdV4cYA7iizEftKNKmZxMmRn3%2B9Q8YGBTtZn3UjpWFyV69rXDwg%2F6BfoGcwylsc6%2FM7wRp5wHtECG5Z7Ffuvu%2F6BXVjJjLTiFjjcl3z%2BM%2F%2FTuw5bcdDn2l3ycvSYrTEHdTQlqQpQxV0fR50tDKWklUPrgwtXp2TvdNHnvSlqXZszxTg367uAwu9uw0QY6rAKw6ejecdP8ZQ45dk73KWeJl1w8hn0aWvUHRTIVKV5FizKeOv%2FKQrQ8loAJ4v8IA4v3LA2uIolG9DKOFJfI6WA0uOkIdrcoJhI9r92t%2FG7XPE4KhnWAgAPFY3AWvo0rikBjSXc%2Fu2k9BANoqkG4tXWux6YgvS8CaeZ3p8Pei%2Fv1uLYXUyAQBDMcwv1TGYQAlef3fo9eSN8wUKo3%2FzqHHKyq%2BZFX08HAw7lVlzmUedF8P8e0nj0EK2ohDmfh5VnjDC5hBWBJvzFCugkf9ZGTljbZTyMZNRM46YMmyjmZXyqsAD1JBNce%2F3YEcTPTe54157nE1JHri3DwyFQtIReTxa%2BpJenYenfN30QJNf%2Fy3vGc0ObBk8TonskU4%2B%2F2aaU9hTdOQEmdLW6sW2UtTV8%3D&X-Amz-Signature=16f086f4867ddcbc00f093edd65cd8d670dcaac0d2f39176a3e6bfcefb91521d&X-Amz-SignedHeaders=host&response-content-disposition=inline
Isaias Jimenez,parrt@outlook.com,Site Mgr,"Clorox (CBRE) – Oakland, CA ","Delta - Detroit, MI",04/16/2022,9:25 AM,(555) 555-5559,"$7,109.00",Graveyard,https://cdn.4insite.com/assets/2cbc7b25e22345be91eed9e2fbfa8387_Upright2_t.jpg,https://cdn.4insite.com/assets/33e587c6abc74a46936483a11efa9669_ValdesJeremy_t.png?X-Amz-Algorithm=AWS4-HMAC-SHA256&X-Amz-Content-Sha256=UNSIGNED-PAYLOAD&X-Amz-Credential=ASIA3P5EIQBK2EAQQJGJ%2F20260612%2Fus-west-2%2Fs3%2Faws4_request&X-Amz-Date=20260612T182822Z&X-Amz-Expires=300&X-Amz-Security-Token=IQoJb3JpZ2luX2VjEFMaCXVzLXdlc3QtMiJIMEYCIQD7KMRDZFJWYkfGCdXYApkS8K5vx6Z0M%2F6glnpxwSJ0jQIhAP3ShKjrMYxejB3Nt%2B9np%2Buje6TcRvAqgNycgnVOQ3ucKu0CCBwQBBoMNzkwMDgxNjAxNjIxIgwHgLc7ZY7sW841rFEqygJy%2BOAkHJMI%2BAajjHps6ZmL%2FZiXZ8KpOCPeJcLFc2HJmV%2BkS5AS%2BO0PtVkBv3Q4n0veLZ%2FqH3fVLFXBfj4t7W0TQ85CnCnBNXv1E7VAH2dp2qr2X2x7CRChFs5BMNXuxLo1nOnhlgPPtvWy%2BZqTaiP%2FksKv7BXWKtcB2fJkIJlkHXmA66EcGkcXPeSrLJYzb8MmXHxBfpCkn5PtDPg75CGm1JRrPwRhkRojfMlhBn39YcwtXSqbMc4%2F58clKYnArfOxaaDEdV4cYA7iizEftKNKmZxMmRn3%2B9Q8YGBTtZn3UjpWFyV69rXDwg%2F6BfoGcwylsc6%2FM7wRp5wHtECG5Z7Ffuvu%2F6BXVjJjLTiFjjcl3z%2BM%2F%2FTuw5bcdDn2l3ycvSYrTEHdTQlqQpQxV0fR50tDKWklUPrgwtXp2TvdNHnvSlqXZszxTg367uAwu9uw0QY6rAKw6ejecdP8ZQ45dk73KWeJl1w8hn0aWvUHRTIVKV5FizKeOv%2FKQrQ8loAJ4v8IA4v3LA2uIolG9DKOFJfI6WA0uOkIdrcoJhI9r92t%2FG7XPE4KhnWAgAPFY3AWvo0rikBjSXc%2Fu2k9BANoqkG4tXWux6YgvS8CaeZ3p8Pei%2Fv1uLYXUyAQBDMcwv1TGYQAlef3fo9eSN8wUKo3%2FzqHHKyq%2BZFX08HAw7lVlzmUedF8P8e0nj0EK2ohDmfh5VnjDC5hBWBJvzFCugkf9ZGTljbZTyMZNRM46YMmyjmZXyqsAD1JBNce%2F3YEcTPTe54157nE1JHri3DwyFQtIReTxa%2BpJenYenfN30QJNf%2Fy3vGc0ObBk8TonskU4%2B%2F2aaU9hTdOQEmdLW6sW2UtTV8%3D&X-Amz-Signature=afbdadc0afc2c82a9a5329931b8ff80b928c94ab7c4565dcd8419efed28902d7&X-Amz-SignedHeaders=host&response-content-disposition=inline
Anabelle Stephens,aracne@aol.com,Sr Site Mgr,"Merck – Boston, MA",Microsoft (CBRE) – Puget Sound (CBRE),06/26/2020,11:20 AM,(111) 111-1118,"$7,578.00",Day,https://cdn.4insite.com/assets/6401bf1e6e514db68398fc24c05c6d4f_phan_tai_h_t.png,https://cdn.4insite.com/assets/28ab37cc31524df0999ebf10f2628c66_HS1_t.png?X-Amz-Algorithm=AWS4-HMAC-SHA256&X-Amz-Content-Sha256=UNSIGNED-PAYLOAD&X-Amz-Credential=ASIA3P5EIQBK2EAQQJGJ%2F20260612%2Fus-west-2%2Fs3%2Faws4_request&X-Amz-Date=20260612T182822Z&X-Amz-Expires=300&X-Amz-Security-Token=IQoJb3JpZ2luX2VjEFMaCXVzLXdlc3QtMiJIMEYCIQD7KMRDZFJWYkfGCdXYApkS8K5vx6Z0M%2F6glnpxwSJ0jQIhAP3ShKjrMYxejB3Nt%2B9np%2Buje6TcRvAqgNycgnVOQ3ucKu0CCBwQBBoMNzkwMDgxNjAxNjIxIgwHgLc7ZY7sW841rFEqygJy%2BOAkHJMI%2BAajjHps6ZmL%2FZiXZ8KpOCPeJcLFc2HJmV%2BkS5AS%2BO0PtVkBv3Q4n0veLZ%2FqH3fVLFXBfj4t7W0TQ85CnCnBNXv1E7VAH2dp2qr2X2x7CRChFs5BMNXuxLo1nOnhlgPPtvWy%2BZqTaiP%2FksKv7BXWKtcB2fJkIJlkHXmA66EcGkcXPeSrLJYzb8MmXHxBfpCkn5PtDPg75CGm1JRrPwRhkRojfMlhBn39YcwtXSqbMc4%2F58clKYnArfOxaaDEdV4cYA7iizEftKNKmZxMmRn3%2B9Q8YGBTtZn3UjpWFyV69rXDwg%2F6BfoGcwylsc6%2FM7wRp5wHtECG5Z7Ffuvu%2F6BXVjJjLTiFjjcl3z%2BM%2F%2FTuw5bcdDn2l3ycvSYrTEHdTQlqQpQxV0fR50tDKWklUPrgwtXp2TvdNHnvSlqXZszxTg367uAwu9uw0QY6rAKw6ejecdP8ZQ45dk73KWeJl1w8hn0aWvUHRTIVKV5FizKeOv%2FKQrQ8loAJ4v8IA4v3LA2uIolG9DKOFJfI6WA0uOkIdrcoJhI9r92t%2FG7XPE4KhnWAgAPFY3AWvo0rikBjSXc%2Fu2k9BANoqkG4tXWux6YgvS8CaeZ3p8Pei%2Fv1uLYXUyAQBDMcwv1TGYQAlef3fo9eSN8wUKo3%2FzqHHKyq%2BZFX08HAw7lVlzmUedF8P8e0nj0EK2ohDmfh5VnjDC5hBWBJvzFCugkf9ZGTljbZTyMZNRM46YMmyjmZXyqsAD1JBNce%2F3YEcTPTe54157nE1JHri3DwyFQtIReTxa%2BpJenYenfN30QJNf%2Fy3vGc0ObBk8TonskU4%2B%2F2aaU9hTdOQEmdLW6sW2UtTV8%3D&X-Amz-Signature=8307ea04fed8732d50592c7003f56c1e9239a1b373b5b54a677b863f68fb1f6a&X-Amz-SignedHeaders=host&response-content-disposition=inline
Kingston Richard,mccurley@msn.com,Assoc Site Mgr,NIKE – Adapt,"Delta - LaGuardia, NY",01/09/2021,10:45 AM,(333) 333-3339,"$8,561.00",Night,https://cdn.4insite.com/assets/de4f4480374045e580a2548316c68c8e_540995e8902e4461a0770dc70e7eb48e_t.jpg,https://cdn.4insite.com/assets/074c7e2fba88474f838ef295f36791db_1538665448068_t.png?X-Amz-Algorithm=AWS4-HMAC-SHA256&X-Amz-Content-Sha256=UNSIGNED-PAYLOAD&X-Amz-Credential=ASIA3P5EIQBK2EAQQJGJ%2F20260612%2Fus-west-2%2Fs3%2Faws4_request&X-Amz-Date=20260612T182822Z&X-Amz-Expires=300&X-Amz-Security-Token=IQoJb3JpZ2luX2VjEFMaCXVzLXdlc3QtMiJIMEYCIQD7KMRDZFJWYkfGCdXYApkS8K5vx6Z0M%2F6glnpxwSJ0jQIhAP3ShKjrMYxejB3Nt%2B9np%2Buje6TcRvAqgNycgnVOQ3ucKu0CCBwQBBoMNzkwMDgxNjAxNjIxIgwHgLc7ZY7sW841rFEqygJy%2BOAkHJMI%2BAajjHps6ZmL%2FZiXZ8KpOCPeJcLFc2HJmV%2BkS5AS%2BO0PtVkBv3Q4n0veLZ%2FqH3fVLFXBfj4t7W0TQ85CnCnBNXv1E7VAH2dp2qr2X2x7CRChFs5BMNXuxLo1nOnhlgPPtvWy%2BZqTaiP%2FksKv7BXWKtcB2fJkIJlkHXmA66EcGkcXPeSrLJYzb8MmXHxBfpCkn5PtDPg75CGm1JRrPwRhkRojfMlhBn39YcwtXSqbMc4%2F58clKYnArfOxaaDEdV4cYA7iizEftKNKmZxMmRn3%2B9Q8YGBTtZn3UjpWFyV69rXDwg%2F6BfoGcwylsc6%2FM7wRp5wHtECG5Z7Ffuvu%2F6BXVjJjLTiFjjcl3z%2BM%2F%2FTuw5bcdDn2l3ycvSYrTEHdTQlqQpQxV0fR50tDKWklUPrgwtXp2TvdNHnvSlqXZszxTg367uAwu9uw0QY6rAKw6ejecdP8ZQ45dk73KWeJl1w8hn0aWvUHRTIVKV5FizKeOv%2FKQrQ8loAJ4v8IA4v3LA2uIolG9DKOFJfI6WA0uOkIdrcoJhI9r92t%2FG7XPE4KhnWAgAPFY3AWvo0rikBjSXc%2Fu2k9BANoqkG4tXWux6YgvS8CaeZ3p8Pei%2Fv1uLYXUyAQBDMcwv1TGYQAlef3fo9eSN8wUKo3%2FzqHHKyq%2BZFX08HAw7lVlzmUedF8P8e0nj0EK2ohDmfh5VnjDC5hBWBJvzFCugkf9ZGTljbZTyMZNRM46YMmyjmZXyqsAD1JBNce%2F3YEcTPTe54157nE1JHri3DwyFQtIReTxa%2BpJenYenfN30QJNf%2Fy3vGc0ObBk8TonskU4%2B%2F2aaU9hTdOQEmdLW6sW2UtTV8%3D&X-Amz-Signature=a2cc12643c9ee7c5996656360802fb8b444273e6feb4c9e78f045a2eb30f7aa0&X-Amz-SignedHeaders=host&response-content-disposition=inline
Annalise Blackburn,sfoskett@me.com,Account Mgr,"E&J Gallo Winery – Modesto, CA","Delta - Detroit, MI",04/29/2021,9:10 AM,(222) 222-226,"$4,375.00",Swing,https://cdn.4insite.com/assets/efefa9b9532a4182bf4b181ac1290f2e_JohnSimHeadshot_t.jpg,https://cdn.4insite.com/assets/01d82a9297d94fc598e3c7e0f4829bb5_Facetune_27102024070554_t.png?X-Amz-Algorithm=AWS4-HMAC-SHA256&X-Amz-Content-Sha256=UNSIGNED-PAYLOAD&X-Amz-Credential=ASIA3P5EIQBK2EAQQJGJ%2F20260612%2Fus-west-2%2Fs3%2Faws4_request&X-Amz-Date=20260612T182822Z&X-Amz-Expires=300&X-Amz-Security-Token=IQoJb3JpZ2luX2VjEFMaCXVzLXdlc3QtMiJIMEYCIQD7KMRDZFJWYkfGCdXYApkS8K5vx6Z0M%2F6glnpxwSJ0jQIhAP3ShKjrMYxejB3Nt%2B9np%2Buje6TcRvAqgNycgnVOQ3ucKu0CCBwQBBoMNzkwMDgxNjAxNjIxIgwHgLc7ZY7sW841rFEqygJy%2BOAkHJMI%2BAajjHps6ZmL%2FZiXZ8KpOCPeJcLFc2HJmV%2BkS5AS%2BO0PtVkBv3Q4n0veLZ%2FqH3fVLFXBfj4t7W0TQ85CnCnBNXv1E7VAH2dp2qr2X2x7CRChFs5BMNXuxLo1nOnhlgPPtvWy%2BZqTaiP%2FksKv7BXWKtcB2fJkIJlkHXmA66EcGkcXPeSrLJYzb8MmXHxBfpCkn5PtDPg75CGm1JRrPwRhkRojfMlhBn39YcwtXSqbMc4%2F58clKYnArfOxaaDEdV4cYA7iizEftKNKmZxMmRn3%2B9Q8YGBTtZn3UjpWFyV69rXDwg%2F6BfoGcwylsc6%2FM7wRp5wHtECG5Z7Ffuvu%2F6BXVjJjLTiFjjcl3z%2BM%2F%2FTuw5bcdDn2l3ycvSYrTEHdTQlqQpQxV0fR50tDKWklUPrgwtXp2TvdNHnvSlqXZszxTg367uAwu9uw0QY6rAKw6ejecdP8ZQ45dk73KWeJl1w8hn0aWvUHRTIVKV5FizKeOv%2FKQrQ8loAJ4v8IA4v3LA2uIolG9DKOFJfI6WA0uOkIdrcoJhI9r92t%2FG7XPE4KhnWAgAPFY3AWvo0rikBjSXc%2Fu2k9BANoqkG4tXWux6YgvS8CaeZ3p8Pei%2Fv1uLYXUyAQBDMcwv1TGYQAlef3fo9eSN8wUKo3%2FzqHHKyq%2BZFX08HAw7lVlzmUedF8P8e0nj0EK2ohDmfh5VnjDC5hBWBJvzFCugkf9ZGTljbZTyMZNRM46YMmyjmZXyqsAD1JBNce%2F3YEcTPTe54157nE1JHri3DwyFQtIReTxa%2BpJenYenfN30QJNf%2Fy3vGc0ObBk8TonskU4%2B%2F2aaU9hTdOQEmdLW6sW2UtTV8%3D&X-Amz-Signature=d5dcf9d0ecb22d0c222ff39928fc14e2ce3eec00e5ca9a883f0a3d0c337592d7&X-Amz-SignedHeaders=host&response-content-disposition=inline
Logan Decker,donev@mac.com,Account Dir,Uber (CBRE) – Burbank,Microsoft (CBRE) – Puget Sound (CBRE),04/26/2021,7:25 AM,(888) 888-8889,"$8,686.00",Graveyard,https://cdn.4insite.com/assets/e7f7acbcca5749318687b48ededea6bc_Screenshot20240306095329_t.png,https://cdn.4insite.com/assets/002b10f6fbbc41d48a5778651c2f73b5_grantfrazier2_t.png?X-Amz-Algorithm=AWS4-HMAC-SHA256&X-Amz-Content-Sha256=UNSIGNED-PAYLOAD&X-Amz-Credential=ASIA3P5EIQBK2EAQQJGJ%2F20260612%2Fus-west-2%2Fs3%2Faws4_request&X-Amz-Date=20260612T182822Z&X-Amz-Expires=300&X-Amz-Security-Token=IQoJb3JpZ2luX2VjEFMaCXVzLXdlc3QtMiJIMEYCIQD7KMRDZFJWYkfGCdXYApkS8K5vx6Z0M%2F6glnpxwSJ0jQIhAP3ShKjrMYxejB3Nt%2B9np%2Buje6TcRvAqgNycgnVOQ3ucKu0CCBwQBBoMNzkwMDgxNjAxNjIxIgwHgLc7ZY7sW841rFEqygJy%2BOAkHJMI%2BAajjHps6ZmL%2FZiXZ8KpOCPeJcLFc2HJmV%2BkS5AS%2BO0PtVkBv3Q4n0veLZ%2FqH3fVLFXBfj4t7W0TQ85CnCnBNXv1E7VAH2dp2qr2X2x7CRChFs5BMNXuxLo1nOnhlgPPtvWy%2BZqTaiP%2FksKv7BXWKtcB2fJkIJlkHXmA66EcGkcXPeSrLJYzb8MmXHxBfpCkn5PtDPg75CGm1JRrPwRhkRojfMlhBn39YcwtXSqbMc4%2F58clKYnArfOxaaDEdV4cYA7iizEftKNKmZxMmRn3%2B9Q8YGBTtZn3UjpWFyV69rXDwg%2F6BfoGcwylsc6%2FM7wRp5wHtECG5Z7Ffuvu%2F6BXVjJjLTiFjjcl3z%2BM%2F%2FTuw5bcdDn2l3ycvSYrTEHdTQlqQpQxV0fR50tDKWklUPrgwtXp2TvdNHnvSlqXZszxTg367uAwu9uw0QY6rAKw6ejecdP8ZQ45dk73KWeJl1w8hn0aWvUHRTIVKV5FizKeOv%2FKQrQ8loAJ4v8IA4v3LA2uIolG9DKOFJfI6WA0uOkIdrcoJhI9r92t%2FG7XPE4KhnWAgAPFY3AWvo0rikBjSXc%2Fu2k9BANoqkG4tXWux6YgvS8CaeZ3p8Pei%2Fv1uLYXUyAQBDMcwv1TGYQAlef3fo9eSN8wUKo3%2FzqHHKyq%2BZFX08HAw7lVlzmUedF8P8e0nj0EK2ohDmfh5VnjDC5hBWBJvzFCugkf9ZGTljbZTyMZNRM46YMmyjmZXyqsAD1JBNce%2F3YEcTPTe54157nE1JHri3DwyFQtIReTxa%2BpJenYenfN30QJNf%2Fy3vGc0ObBk8TonskU4%2B%2F2aaU9hTdOQEmdLW6sW2UtTV8%3D&X-Amz-Signature=73c1f32d9ee988f752b00af68f12408d8b15d651588075f4c1c64729d408ab4f&X-Amz-SignedHeaders=host&response-content-disposition=inline
Konnor Owen,juliano@yahoo.ca,Site Mgr,"GM (JLL) – Chandler, AZ","Delta - LaGuardia, NY",11/23/2021,9:05 PM,(000) 000-0016,"$1,543.00",Day,https://cdn.4insite.com/assets/b3aac23b813844779bd6508dddd5a62e_SBMProfilePicture_t.jpg,https://cdn.4insite.com/assets/3e80ff336dac4d83aa4060231556d5e9_cropped7432398783125274680.jpg?X-Amz-Algorithm=AWS4-HMAC-SHA256&X-Amz-Content-Sha256=UNSIGNED-PAYLOAD&X-Amz-Credential=ASIA3P5EIQBK2EAQQJGJ%2F20260612%2Fus-west-2%2Fs3%2Faws4_request&X-Amz-Date=20260612T183738Z&X-Amz-Expires=300&X-Amz-Security-Token=IQoJb3JpZ2luX2VjEFMaCXVzLXdlc3QtMiJIMEYCIQD7KMRDZFJWYkfGCdXYApkS8K5vx6Z0M%2F6glnpxwSJ0jQIhAP3ShKjrMYxejB3Nt%2B9np%2Buje6TcRvAqgNycgnVOQ3ucKu0CCBwQBBoMNzkwMDgxNjAxNjIxIgwHgLc7ZY7sW841rFEqygJy%2BOAkHJMI%2BAajjHps6ZmL%2FZiXZ8KpOCPeJcLFc2HJmV%2BkS5AS%2BO0PtVkBv3Q4n0veLZ%2FqH3fVLFXBfj4t7W0TQ85CnCnBNXv1E7VAH2dp2qr2X2x7CRChFs5BMNXuxLo1nOnhlgPPtvWy%2BZqTaiP%2FksKv7BXWKtcB2fJkIJlkHXmA66EcGkcXPeSrLJYzb8MmXHxBfpCkn5PtDPg75CGm1JRrPwRhkRojfMlhBn39YcwtXSqbMc4%2F58clKYnArfOxaaDEdV4cYA7iizEftKNKmZxMmRn3%2B9Q8YGBTtZn3UjpWFyV69rXDwg%2F6BfoGcwylsc6%2FM7wRp5wHtECG5Z7Ffuvu%2F6BXVjJjLTiFjjcl3z%2BM%2F%2FTuw5bcdDn2l3ycvSYrTEHdTQlqQpQxV0fR50tDKWklUPrgwtXp2TvdNHnvSlqXZszxTg367uAwu9uw0QY6rAKw6ejecdP8ZQ45dk73KWeJl1w8hn0aWvUHRTIVKV5FizKeOv%2FKQrQ8loAJ4v8IA4v3LA2uIolG9DKOFJfI6WA0uOkIdrcoJhI9r92t%2FG7XPE4KhnWAgAPFY3AWvo0rikBjSXc%2Fu2k9BANoqkG4tXWux6YgvS8CaeZ3p8Pei%2Fv1uLYXUyAQBDMcwv1TGYQAlef3fo9eSN8wUKo3%2FzqHHKyq%2BZFX08HAw7lVlzmUedF8P8e0nj0EK2ohDmfh5VnjDC5hBWBJvzFCugkf9ZGTljbZTyMZNRM46YMmyjmZXyqsAD1JBNce%2F3YEcTPTe54157nE1JHri3DwyFQtIReTxa%2BpJenYenfN30QJNf%2Fy3vGc0ObBk8TonskU4%2B%2F2aaU9hTdOQEmdLW6sW2UtTV8%3D&X-Amz-Signature=af6f376b55b686183de62600339b51a4782ca5cc9fc69e21a8debb30d693036b&X-Amz-SignedHeaders=host&response-content-disposition=inline
Heaven Peters,aukjan@aol.com,Sr Site Mgr,"State Farm (CBRE) – Duluth, GA","Delta - Detroit, MI",08/01/2021,8:20 AM,(111) 111-1114,"$3,116.00",Night,https://cdn.4insite.com/assets/1597972659.6729383_PaulVolkerdingInSitePhoto4_t.jpg,https://cdn.4insite.com/assets/270f1c6b1f674897871279e472bbbb59_Madeleine_Nelson_29437_Websize_t.png?X-Amz-Algorithm=AWS4-HMAC-SHA256&X-Amz-Content-Sha256=UNSIGNED-PAYLOAD&X-Amz-Credential=ASIA3P5EIQBK2EAQQJGJ%2F20260612%2Fus-west-2%2Fs3%2Faws4_request&X-Amz-Date=20260612T183738Z&X-Amz-Expires=300&X-Amz-Security-Token=IQoJb3JpZ2luX2VjEFMaCXVzLXdlc3QtMiJIMEYCIQD7KMRDZFJWYkfGCdXYApkS8K5vx6Z0M%2F6glnpxwSJ0jQIhAP3ShKjrMYxejB3Nt%2B9np%2Buje6TcRvAqgNycgnVOQ3ucKu0CCBwQBBoMNzkwMDgxNjAxNjIxIgwHgLc7ZY7sW841rFEqygJy%2BOAkHJMI%2BAajjHps6ZmL%2FZiXZ8KpOCPeJcLFc2HJmV%2BkS5AS%2BO0PtVkBv3Q4n0veLZ%2FqH3fVLFXBfj4t7W0TQ85CnCnBNXv1E7VAH2dp2qr2X2x7CRChFs5BMNXuxLo1nOnhlgPPtvWy%2BZqTaiP%2FksKv7BXWKtcB2fJkIJlkHXmA66EcGkcXPeSrLJYzb8MmXHxBfpCkn5PtDPg75CGm1JRrPwRhkRojfMlhBn39YcwtXSqbMc4%2F58clKYnArfOxaaDEdV4cYA7iizEftKNKmZxMmRn3%2B9Q8YGBTtZn3UjpWFyV69rXDwg%2F6BfoGcwylsc6%2FM7wRp5wHtECG5Z7Ffuvu%2F6BXVjJjLTiFjjcl3z%2BM%2F%2FTuw5bcdDn2l3ycvSYrTEHdTQlqQpQxV0fR50tDKWklUPrgwtXp2TvdNHnvSlqXZszxTg367uAwu9uw0QY6rAKw6ejecdP8ZQ45dk73KWeJl1w8hn0aWvUHRTIVKV5FizKeOv%2FKQrQ8loAJ4v8IA4v3LA2uIolG9DKOFJfI6WA0uOkIdrcoJhI9r92t%2FG7XPE4KhnWAgAPFY3AWvo0rikBjSXc%2Fu2k9BANoqkG4tXWux6YgvS8CaeZ3p8Pei%2Fv1uLYXUyAQBDMcwv1TGYQAlef3fo9eSN8wUKo3%2FzqHHKyq%2BZFX08HAw7lVlzmUedF8P8e0nj0EK2ohDmfh5VnjDC5hBWBJvzFCugkf9ZGTljbZTyMZNRM46YMmyjmZXyqsAD1JBNce%2F3YEcTPTe54157nE1JHri3DwyFQtIReTxa%2BpJenYenfN30QJNf%2Fy3vGc0ObBk8TonskU4%2B%2F2aaU9hTdOQEmdLW6sW2UtTV8%3D&X-Amz-Signature=f9044bcf6599e396ee7b2c361cd8069adbba85c083a74c8e85dddb5b2ab17ec4&X-Amz-SignedHeaders=host&response-content-disposition=inline
Kymani Lozano,kingjoshi@sbcglobal.net,Assoc Site Mgr,IBM (SG) (CBRE) – MBFC,Microsoft (CBRE) – Puget Sound (CBRE),01/29/2021,10:20 PM,(111) 111-1128,"$9,983.00",Swing,https://cdn.4insite.com/assets/16ab09b15705453394c90c1bdefcc920_Jasmine_Campos_057_Websize_t.jpg,https://cdn.4insite.com/assets/1612299821.4215329_MITPhoto_t.png?X-Amz-Algorithm=AWS4-HMAC-SHA256&X-Amz-Content-Sha256=UNSIGNED-PAYLOAD&X-Amz-Credential=ASIA3P5EIQBK2EAQQJGJ%2F20260612%2Fus-west-2%2Fs3%2Faws4_request&X-Amz-Date=20260612T183738Z&X-Amz-Expires=300&X-Amz-Security-Token=IQoJb3JpZ2luX2VjEFMaCXVzLXdlc3QtMiJIMEYCIQD7KMRDZFJWYkfGCdXYApkS8K5vx6Z0M%2F6glnpxwSJ0jQIhAP3ShKjrMYxejB3Nt%2B9np%2Buje6TcRvAqgNycgnVOQ3ucKu0CCBwQBBoMNzkwMDgxNjAxNjIxIgwHgLc7ZY7sW841rFEqygJy%2BOAkHJMI%2BAajjHps6ZmL%2FZiXZ8KpOCPeJcLFc2HJmV%2BkS5AS%2BO0PtVkBv3Q4n0veLZ%2FqH3fVLFXBfj4t7W0TQ85CnCnBNXv1E7VAH2dp2qr2X2x7CRChFs5BMNXuxLo1nOnhlgPPtvWy%2BZqTaiP%2FksKv7BXWKtcB2fJkIJlkHXmA66EcGkcXPeSrLJYzb8MmXHxBfpCkn5PtDPg75CGm1JRrPwRhkRojfMlhBn39YcwtXSqbMc4%2F58clKYnArfOxaaDEdV4cYA7iizEftKNKmZxMmRn3%2B9Q8YGBTtZn3UjpWFyV69rXDwg%2F6BfoGcwylsc6%2FM7wRp5wHtECG5Z7Ffuvu%2F6BXVjJjLTiFjjcl3z%2BM%2F%2FTuw5bcdDn2l3ycvSYrTEHdTQlqQpQxV0fR50tDKWklUPrgwtXp2TvdNHnvSlqXZszxTg367uAwu9uw0QY6rAKw6ejecdP8ZQ45dk73KWeJl1w8hn0aWvUHRTIVKV5FizKeOv%2FKQrQ8loAJ4v8IA4v3LA2uIolG9DKOFJfI6WA0uOkIdrcoJhI9r92t%2FG7XPE4KhnWAgAPFY3AWvo0rikBjSXc%2Fu2k9BANoqkG4tXWux6YgvS8CaeZ3p8Pei%2Fv1uLYXUyAQBDMcwv1TGYQAlef3fo9eSN8wUKo3%2FzqHHKyq%2BZFX08HAw7lVlzmUedF8P8e0nj0EK2ohDmfh5VnjDC5hBWBJvzFCugkf9ZGTljbZTyMZNRM46YMmyjmZXyqsAD1JBNce%2F3YEcTPTe54157nE1JHri3DwyFQtIReTxa%2BpJenYenfN30QJNf%2Fy3vGc0ObBk8TonskU4%2B%2F2aaU9hTdOQEmdLW6sW2UtTV8%3D&X-Amz-Signature=c27ab6921d892c55f4ec6c091c6ac22489ec22aab357613c429ac6b1a07ba8fe&X-Amz-SignedHeaders=host&response-content-disposition=inline
Valerie Jacobs,pdbaby@yahoo.ca,Account Mgr,"Mercedes Benz – Ann Arbor, MI","Delta - LaGuardia, NY",04/30/2020,2:55 PM,(888) 888-8899,"$6,923.00",Graveyard,https://cdn.4insite.com/assets/c965d3339f034fe2bf19448110dab4cc_ir_t.jpg,https://cdn.4insite.com/assets/4f8a0636843a4d7ebd8348116f66c5dc_IMG_0319_t.png?X-Amz-Algorithm=AWS4-HMAC-SHA256&X-Amz-Content-Sha256=UNSIGNED-PAYLOAD&X-Amz-Credential=ASIA3P5EIQBK6SEGSSUC%2F20260612%2Fus-west-2%2Fs3%2Faws4_request&X-Amz-Date=20260612T183908Z&X-Amz-Expires=300&X-Amz-Security-Token=IQoJb3JpZ2luX2VjEFMaCXVzLXdlc3QtMiJHMEUCIFXt64TUcxL0aKV5GKRME99rA6P8orHKHWAkpkMCWrt%2FAiEAu1v6f%2BAyhk7aoTciaX3JcygYZVHl1HR0ohhl57%2FPHtUq7QIIHBAEGgw3OTAwODE2MDE2MjEiDOtMBiERQkJahrCG1irKAlLaTjP7ayIM2ZHBtI8vFP3I2ZNInPqJgoPU%2FtGq6j%2FEKrLOQc%2B4aq012Zs6PPSlABrahFXVvOk7l%2BXaY8jSHhzd0%2FPGln5pm%2FG0cO6zNG4iqXovql0MVNrlTqwBjUa3swSdbsCEfIPbXmkOYH4N3pbCn8L%2FRc2n3C5Xawz0vyLTqNOEn4gAhQVd2i4oigxbWmxFyfEJP3YPdKk%2FR94P3D%2BEa2h3Bfg3skDL0GwVO6g0keFOs%2BEsFMA7BbbaJCWFhc1rQRKp422Pe1gvZg0RJlidtwS74l8bJUdaw%2FUnMkRKdTLF5wd6bnjtEkw6Fy8IU4nqPLhkMHXyHM7g9X5%2FhlCOMDubJz7vZALeSHtn1iL1e6yNY2CtbRJhYpSlDx3jXl571Z7etA0PuE%2BvOAMsKniOO5nHZEc%2BcyBsittY0%2F4ZZCSyGjHG%2FXIQKzC727DRBjqtAqPiTqBi7QTouh0gP5v0rChjoq%2B0e0oVJ%2F%2FQyDc13wTgvVtqB96hq8UpYAiIddp27PT7oiHq92a%2F5gP%2BOvRwQ2VAndowVABhdxUzIxTTDgUkQdKKOXldpzysSKYzuPq64WZQ1DQMn00lssjhqIqbru2%2Bs9XjH%2BFYC8oIKcuKV035y94M1IOStTns3V4Ati%2B9A0zjqCkdrrBvH0gRTlwQijNQMFec5uc0JojnB0HJ%2F7yZyyKFD4cRAicR8p2%2FYUuisIgCZV9Gf8dGK0OmeujMk30TefRMxHCINvmPl%2FCoxGlACg5yvsXTV7mUNoID8A%2FzVstOU3kBsEq7CRZk0n%2Bg%2BjewyxiddZNe5WfHIObmL6x%2BQnf9lDk0ldmVwFDo176Pnl21YBLr7iBsZcLphEA%3D&X-Amz-Signature=c447551b8f7157b3013ea9e49a79c47876854b11bfa21e8cc7931e33013619fd&X-Amz-SignedHeaders=host&response-content-disposition=inline
Adison Proctor,rattenbt@yahoo.com,Account Dir,"McKesson (CBRE) – Irving, TX","Delta - Detroit, MI",04/10/2022,5:30 PM,(777) 777-7790,"$2,654.00",Day,https://cdn.4insite.com/assets/r5f3b444f682142be910bcc8571fe54d7_Screenshot20250604105003_t.png,https://cdn.4insite.com/assets/8820e304d56842aa91c63a8b1de048aa_Anna_t.png?X-Amz-Algorithm=AWS4-HMAC-SHA256&X-Amz-Content-Sha256=UNSIGNED-PAYLOAD&X-Amz-Credential=ASIA3P5EIQBK6SEGSSUC%2F20260612%2Fus-west-2%2Fs3%2Faws4_request&X-Amz-Date=20260612T183908Z&X-Amz-Expires=300&X-Amz-Security-Token=IQoJb3JpZ2luX2VjEFMaCXVzLXdlc3QtMiJHMEUCIFXt64TUcxL0aKV5GKRME99rA6P8orHKHWAkpkMCWrt%2FAiEAu1v6f%2BAyhk7aoTciaX3JcygYZVHl1HR0ohhl57%2FPHtUq7QIIHBAEGgw3OTAwODE2MDE2MjEiDOtMBiERQkJahrCG1irKAlLaTjP7ayIM2ZHBtI8vFP3I2ZNInPqJgoPU%2FtGq6j%2FEKrLOQc%2B4aq012Zs6PPSlABrahFXVvOk7l%2BXaY8jSHhzd0%2FPGln5pm%2FG0cO6zNG4iqXovql0MVNrlTqwBjUa3swSdbsCEfIPbXmkOYH4N3pbCn8L%2FRc2n3C5Xawz0vyLTqNOEn4gAhQVd2i4oigxbWmxFyfEJP3YPdKk%2FR94P3D%2BEa2h3Bfg3skDL0GwVO6g0keFOs%2BEsFMA7BbbaJCWFhc1rQRKp422Pe1gvZg0RJlidtwS74l8bJUdaw%2FUnMkRKdTLF5wd6bnjtEkw6Fy8IU4nqPLhkMHXyHM7g9X5%2FhlCOMDubJz7vZALeSHtn1iL1e6yNY2CtbRJhYpSlDx3jXl571Z7etA0PuE%2BvOAMsKniOO5nHZEc%2BcyBsittY0%2F4ZZCSyGjHG%2FXIQKzC727DRBjqtAqPiTqBi7QTouh0gP5v0rChjoq%2B0e0oVJ%2F%2FQyDc13wTgvVtqB96hq8UpYAiIddp27PT7oiHq92a%2F5gP%2BOvRwQ2VAndowVABhdxUzIxTTDgUkQdKKOXldpzysSKYzuPq64WZQ1DQMn00lssjhqIqbru2%2Bs9XjH%2BFYC8oIKcuKV035y94M1IOStTns3V4Ati%2B9A0zjqCkdrrBvH0gRTlwQijNQMFec5uc0JojnB0HJ%2F7yZyyKFD4cRAicR8p2%2FYUuisIgCZV9Gf8dGK0OmeujMk30TefRMxHCINvmPl%2FCoxGlACg5yvsXTV7mUNoID8A%2FzVstOU3kBsEq7CRZk0n%2Bg%2BjewyxiddZNe5WfHIObmL6x%2BQnf9lDk0ldmVwFDo176Pnl21YBLr7iBsZcLphEA%3D&X-Amz-Signature=540727556994063ee75829167247c0b217c9e15420323d35eef9c1bfb0ea46ef&X-Amz-SignedHeaders=host&response-content-disposition=inline
Tristan Levy,henkp@outlook.com,Site Mgr,Wells Fargo (CBRE) – Campus - MN,Microsoft (CBRE) – Puget Sound (CBRE),11/14/2021,4:20 PM,(777) 777-7790,"$8,755.00",Night,https://cdn.4insite.com/assets/076efe35141a4e04a9328866d7a796b2_C._t.png,https://cdn.4insite.com/assets/77b3f773d35440b6b2467d1dbd12ba5b_ProfilePicture_t.png?X-Amz-Algorithm=AWS4-HMAC-SHA256&X-Amz-Content-Sha256=UNSIGNED-PAYLOAD&X-Amz-Credential=ASIA3P5EIQBK6SEGSSUC%2F20260612%2Fus-west-2%2Fs3%2Faws4_request&X-Amz-Date=20260612T183908Z&X-Amz-Expires=300&X-Amz-Security-Token=IQoJb3JpZ2luX2VjEFMaCXVzLXdlc3QtMiJHMEUCIFXt64TUcxL0aKV5GKRME99rA6P8orHKHWAkpkMCWrt%2FAiEAu1v6f%2BAyhk7aoTciaX3JcygYZVHl1HR0ohhl57%2FPHtUq7QIIHBAEGgw3OTAwODE2MDE2MjEiDOtMBiERQkJahrCG1irKAlLaTjP7ayIM2ZHBtI8vFP3I2ZNInPqJgoPU%2FtGq6j%2FEKrLOQc%2B4aq012Zs6PPSlABrahFXVvOk7l%2BXaY8jSHhzd0%2FPGln5pm%2FG0cO6zNG4iqXovql0MVNrlTqwBjUa3swSdbsCEfIPbXmkOYH4N3pbCn8L%2FRc2n3C5Xawz0vyLTqNOEn4gAhQVd2i4oigxbWmxFyfEJP3YPdKk%2FR94P3D%2BEa2h3Bfg3skDL0GwVO6g0keFOs%2BEsFMA7BbbaJCWFhc1rQRKp422Pe1gvZg0RJlidtwS74l8bJUdaw%2FUnMkRKdTLF5wd6bnjtEkw6Fy8IU4nqPLhkMHXyHM7g9X5%2FhlCOMDubJz7vZALeSHtn1iL1e6yNY2CtbRJhYpSlDx3jXl571Z7etA0PuE%2BvOAMsKniOO5nHZEc%2BcyBsittY0%2F4ZZCSyGjHG%2FXIQKzC727DRBjqtAqPiTqBi7QTouh0gP5v0rChjoq%2B0e0oVJ%2F%2FQyDc13wTgvVtqB96hq8UpYAiIddp27PT7oiHq92a%2F5gP%2BOvRwQ2VAndowVABhdxUzIxTTDgUkQdKKOXldpzysSKYzuPq64WZQ1DQMn00lssjhqIqbru2%2Bs9XjH%2BFYC8oIKcuKV035y94M1IOStTns3V4Ati%2B9A0zjqCkdrrBvH0gRTlwQijNQMFec5uc0JojnB0HJ%2F7yZyyKFD4cRAicR8p2%2FYUuisIgCZV9Gf8dGK0OmeujMk30TefRMxHCINvmPl%2FCoxGlACg5yvsXTV7mUNoID8A%2FzVstOU3kBsEq7CRZk0n%2Bg%2BjewyxiddZNe5WfHIObmL6x%2BQnf9lDk0ldmVwFDo176Pnl21YBLr7iBsZcLphEA%3D&X-Amz-Signature=742bf439e76aa435393866fd5355c0531b382902230446a5fc6165e7e3618d48&X-Amz-SignedHeaders=host&response-content-disposition=inline
Catalina Leblanc,esbeck@outlook.com,Sr Site Mgr,Johnson & Johnson – Janssen-Raritan,"Delta - LaGuardia, NY",06/15/2020,8:45 AM,(666) 666-6669,"$4,320.00",Swing,https://cdn.4insite.com/assets/d1e07d0700fa4b0189e6ac5acc5ddaf7_KS924IMG_5297_t.jpg,https://cdn.4insite.com/assets/323ea52977b44443af678cdd76a1ea8d_GLoriapic_t.png?X-Amz-Algorithm=AWS4-HMAC-SHA256&X-Amz-Content-Sha256=UNSIGNED-PAYLOAD&X-Amz-Credential=ASIA3P5EIQBK6SEGSSUC%2F20260612%2Fus-west-2%2Fs3%2Faws4_request&X-Amz-Date=20260612T183908Z&X-Amz-Expires=300&X-Amz-Security-Token=IQoJb3JpZ2luX2VjEFMaCXVzLXdlc3QtMiJHMEUCIFXt64TUcxL0aKV5GKRME99rA6P8orHKHWAkpkMCWrt%2FAiEAu1v6f%2BAyhk7aoTciaX3JcygYZVHl1HR0ohhl57%2FPHtUq7QIIHBAEGgw3OTAwODE2MDE2MjEiDOtMBiERQkJahrCG1irKAlLaTjP7ayIM2ZHBtI8vFP3I2ZNInPqJgoPU%2FtGq6j%2FEKrLOQc%2B4aq012Zs6PPSlABrahFXVvOk7l%2BXaY8jSHhzd0%2FPGln5pm%2FG0cO6zNG4iqXovql0MVNrlTqwBjUa3swSdbsCEfIPbXmkOYH4N3pbCn8L%2FRc2n3C5Xawz0vyLTqNOEn4gAhQVd2i4oigxbWmxFyfEJP3YPdKk%2FR94P3D%2BEa2h3Bfg3skDL0GwVO6g0keFOs%2BEsFMA7BbbaJCWFhc1rQRKp422Pe1gvZg0RJlidtwS74l8bJUdaw%2FUnMkRKdTLF5wd6bnjtEkw6Fy8IU4nqPLhkMHXyHM7g9X5%2FhlCOMDubJz7vZALeSHtn1iL1e6yNY2CtbRJhYpSlDx3jXl571Z7etA0PuE%2BvOAMsKniOO5nHZEc%2BcyBsittY0%2F4ZZCSyGjHG%2FXIQKzC727DRBjqtAqPiTqBi7QTouh0gP5v0rChjoq%2B0e0oVJ%2F%2FQyDc13wTgvVtqB96hq8UpYAiIddp27PT7oiHq92a%2F5gP%2BOvRwQ2VAndowVABhdxUzIxTTDgUkQdKKOXldpzysSKYzuPq64WZQ1DQMn00lssjhqIqbru2%2Bs9XjH%2BFYC8oIKcuKV035y94M1IOStTns3V4Ati%2B9A0zjqCkdrrBvH0gRTlwQijNQMFec5uc0JojnB0HJ%2F7yZyyKFD4cRAicR8p2%2FYUuisIgCZV9Gf8dGK0OmeujMk30TefRMxHCINvmPl%2FCoxGlACg5yvsXTV7mUNoID8A%2FzVstOU3kBsEq7CRZk0n%2Bg%2BjewyxiddZNe5WfHIObmL6x%2BQnf9lDk0ldmVwFDo176Pnl21YBLr7iBsZcLphEA%3D&X-Amz-Signature=64420e95dc80346b8fa1848db29bb2035a1c90e3ab3834298ab3646b206e1a76&X-Amz-SignedHeaders=host&response-content-disposition=inline
Jane Whitehead,dexter@att.net,Assoc Site Mgr,Abbott – ADD - Great America,"Delta - Detroit, MI",03/24/2020,7:40 PM,(111) 111-1126,"$5,954.00",Graveyard,https://cdn.4insite.com/assets/d00d62b4d550470eae367630d8785362_1714354628162_t.jpg,https://cdn.4insite.com/assets/c965d3339f034fe2bf19448110dab4cc_ir_t.png?X-Amz-Algorithm=AWS4-HMAC-SHA256&X-Amz-Content-Sha256=UNSIGNED-PAYLOAD&X-Amz-Credential=ASIA3P5EIQBK6SEGSSUC%2F20260612%2Fus-west-2%2Fs3%2Faws4_request&X-Amz-Date=20260612T183908Z&X-Amz-Expires=300&X-Amz-Security-Token=IQoJb3JpZ2luX2VjEFMaCXVzLXdlc3QtMiJHMEUCIFXt64TUcxL0aKV5GKRME99rA6P8orHKHWAkpkMCWrt%2FAiEAu1v6f%2BAyhk7aoTciaX3JcygYZVHl1HR0ohhl57%2FPHtUq7QIIHBAEGgw3OTAwODE2MDE2MjEiDOtMBiERQkJahrCG1irKAlLaTjP7ayIM2ZHBtI8vFP3I2ZNInPqJgoPU%2FtGq6j%2FEKrLOQc%2B4aq012Zs6PPSlABrahFXVvOk7l%2BXaY8jSHhzd0%2FPGln5pm%2FG0cO6zNG4iqXovql0MVNrlTqwBjUa3swSdbsCEfIPbXmkOYH4N3pbCn8L%2FRc2n3C5Xawz0vyLTqNOEn4gAhQVd2i4oigxbWmxFyfEJP3YPdKk%2FR94P3D%2BEa2h3Bfg3skDL0GwVO6g0keFOs%2BEsFMA7BbbaJCWFhc1rQRKp422Pe1gvZg0RJlidtwS74l8bJUdaw%2FUnMkRKdTLF5wd6bnjtEkw6Fy8IU4nqPLhkMHXyHM7g9X5%2FhlCOMDubJz7vZALeSHtn1iL1e6yNY2CtbRJhYpSlDx3jXl571Z7etA0PuE%2BvOAMsKniOO5nHZEc%2BcyBsittY0%2F4ZZCSyGjHG%2FXIQKzC727DRBjqtAqPiTqBi7QTouh0gP5v0rChjoq%2B0e0oVJ%2F%2FQyDc13wTgvVtqB96hq8UpYAiIddp27PT7oiHq92a%2F5gP%2BOvRwQ2VAndowVABhdxUzIxTTDgUkQdKKOXldpzysSKYzuPq64WZQ1DQMn00lssjhqIqbru2%2Bs9XjH%2BFYC8oIKcuKV035y94M1IOStTns3V4Ati%2B9A0zjqCkdrrBvH0gRTlwQijNQMFec5uc0JojnB0HJ%2F7yZyyKFD4cRAicR8p2%2FYUuisIgCZV9Gf8dGK0OmeujMk30TefRMxHCINvmPl%2FCoxGlACg5yvsXTV7mUNoID8A%2FzVstOU3kBsEq7CRZk0n%2Bg%2BjewyxiddZNe5WfHIObmL6x%2BQnf9lDk0ldmVwFDo176Pnl21YBLr7iBsZcLphEA%3D&X-Amz-Signature=c520b99a9c6a5fca230d92b0336f4706717dfcde49475df1d7d81c0544454767&X-Amz-SignedHeaders=host&response-content-disposition=inline
Celia Frederick,bockelboy@msn.com,Account Mgr,"Clorox (CBRE) – Oakland, CA ",Microsoft (CBRE) – Puget Sound (CBRE),07/03/2021,1:50 PM,(444) 444-4454,"$1,678.00",Day,https://cdn.4insite.com/assets/565bfdbaac2a4262a5ac04091553d5ec_Screenshot20250701163710_t.png,https://cdn.4insite.com/assets/bb6ba2cdc8b14c43ae94f3550aa86c00_NicolasVillalobos_t.png?X-Amz-Algorithm=AWS4-HMAC-SHA256&X-Amz-Content-Sha256=UNSIGNED-PAYLOAD&X-Amz-Credential=ASIA3P5EIQBK6SEGSSUC%2F20260612%2Fus-west-2%2Fs3%2Faws4_request&X-Amz-Date=20260612T183908Z&X-Amz-Expires=300&X-Amz-Security-Token=IQoJb3JpZ2luX2VjEFMaCXVzLXdlc3QtMiJHMEUCIFXt64TUcxL0aKV5GKRME99rA6P8orHKHWAkpkMCWrt%2FAiEAu1v6f%2BAyhk7aoTciaX3JcygYZVHl1HR0ohhl57%2FPHtUq7QIIHBAEGgw3OTAwODE2MDE2MjEiDOtMBiERQkJahrCG1irKAlLaTjP7ayIM2ZHBtI8vFP3I2ZNInPqJgoPU%2FtGq6j%2FEKrLOQc%2B4aq012Zs6PPSlABrahFXVvOk7l%2BXaY8jSHhzd0%2FPGln5pm%2FG0cO6zNG4iqXovql0MVNrlTqwBjUa3swSdbsCEfIPbXmkOYH4N3pbCn8L%2FRc2n3C5Xawz0vyLTqNOEn4gAhQVd2i4oigxbWmxFyfEJP3YPdKk%2FR94P3D%2BEa2h3Bfg3skDL0GwVO6g0keFOs%2BEsFMA7BbbaJCWFhc1rQRKp422Pe1gvZg0RJlidtwS74l8bJUdaw%2FUnMkRKdTLF5wd6bnjtEkw6Fy8IU4nqPLhkMHXyHM7g9X5%2FhlCOMDubJz7vZALeSHtn1iL1e6yNY2CtbRJhYpSlDx3jXl571Z7etA0PuE%2BvOAMsKniOO5nHZEc%2BcyBsittY0%2F4ZZCSyGjHG%2FXIQKzC727DRBjqtAqPiTqBi7QTouh0gP5v0rChjoq%2B0e0oVJ%2F%2FQyDc13wTgvVtqB96hq8UpYAiIddp27PT7oiHq92a%2F5gP%2BOvRwQ2VAndowVABhdxUzIxTTDgUkQdKKOXldpzysSKYzuPq64WZQ1DQMn00lssjhqIqbru2%2Bs9XjH%2BFYC8oIKcuKV035y94M1IOStTns3V4Ati%2B9A0zjqCkdrrBvH0gRTlwQijNQMFec5uc0JojnB0HJ%2F7yZyyKFD4cRAicR8p2%2FYUuisIgCZV9Gf8dGK0OmeujMk30TefRMxHCINvmPl%2FCoxGlACg5yvsXTV7mUNoID8A%2FzVstOU3kBsEq7CRZk0n%2Bg%2BjewyxiddZNe5WfHIObmL6x%2BQnf9lDk0ldmVwFDo176Pnl21YBLr7iBsZcLphEA%3D&X-Amz-Signature=a9a6429fc0050f7071ed81b32995e52c8ccb09e12268e098bbe7e104c75d9185&X-Amz-SignedHeaders=host&response-content-disposition=inline
Carley Wilcox,boein21@yahoo.ca,Account Dir,Intel (Amentum) – Bowers,"Delta - LaGuardia, NY",05/22/2021,8:00 PM,(555) 555-5570,"$8,734.00",Night,https://cdn.4insite.com/assets/rcc6afba07d254bf89928b722f362caba_JR2023_t.jpg,https://cdn.4insite.com/assets/b4405cbab1e84969aea671be61ad0106_CA_t.png?X-Amz-Algorithm=AWS4-HMAC-SHA256&X-Amz-Content-Sha256=UNSIGNED-PAYLOAD&X-Amz-Credential=ASIA3P5EIQBK6SEGSSUC%2F20260612%2Fus-west-2%2Fs3%2Faws4_request&X-Amz-Date=20260612T183908Z&X-Amz-Expires=300&X-Amz-Security-Token=IQoJb3JpZ2luX2VjEFMaCXVzLXdlc3QtMiJHMEUCIFXt64TUcxL0aKV5GKRME99rA6P8orHKHWAkpkMCWrt%2FAiEAu1v6f%2BAyhk7aoTciaX3JcygYZVHl1HR0ohhl57%2FPHtUq7QIIHBAEGgw3OTAwODE2MDE2MjEiDOtMBiERQkJahrCG1irKAlLaTjP7ayIM2ZHBtI8vFP3I2ZNInPqJgoPU%2FtGq6j%2FEKrLOQc%2B4aq012Zs6PPSlABrahFXVvOk7l%2BXaY8jSHhzd0%2FPGln5pm%2FG0cO6zNG4iqXovql0MVNrlTqwBjUa3swSdbsCEfIPbXmkOYH4N3pbCn8L%2FRc2n3C5Xawz0vyLTqNOEn4gAhQVd2i4oigxbWmxFyfEJP3YPdKk%2FR94P3D%2BEa2h3Bfg3skDL0GwVO6g0keFOs%2BEsFMA7BbbaJCWFhc1rQRKp422Pe1gvZg0RJlidtwS74l8bJUdaw%2FUnMkRKdTLF5wd6bnjtEkw6Fy8IU4nqPLhkMHXyHM7g9X5%2FhlCOMDubJz7vZALeSHtn1iL1e6yNY2CtbRJhYpSlDx3jXl571Z7etA0PuE%2BvOAMsKniOO5nHZEc%2BcyBsittY0%2F4ZZCSyGjHG%2FXIQKzC727DRBjqtAqPiTqBi7QTouh0gP5v0rChjoq%2B0e0oVJ%2F%2FQyDc13wTgvVtqB96hq8UpYAiIddp27PT7oiHq92a%2F5gP%2BOvRwQ2VAndowVABhdxUzIxTTDgUkQdKKOXldpzysSKYzuPq64WZQ1DQMn00lssjhqIqbru2%2Bs9XjH%2BFYC8oIKcuKV035y94M1IOStTns3V4Ati%2B9A0zjqCkdrrBvH0gRTlwQijNQMFec5uc0JojnB0HJ%2F7yZyyKFD4cRAicR8p2%2FYUuisIgCZV9Gf8dGK0OmeujMk30TefRMxHCINvmPl%2FCoxGlACg5yvsXTV7mUNoID8A%2FzVstOU3kBsEq7CRZk0n%2Bg%2BjewyxiddZNe5WfHIObmL6x%2BQnf9lDk0ldmVwFDo176Pnl21YBLr7iBsZcLphEA%3D&X-Amz-Signature=68441e3b426c4f6a894aae9f3c88800c29cf0b05b2c73259ccf671f66ff896cb&X-Amz-SignedHeaders=host&response-content-disposition=inline
Leanna Harding,portele@me.com,Site Mgr,"McKesson (CBRE) – Irving, TX","Delta - Detroit, MI",02/08/2022,1:05 PM,(444) 444-4453,"$6,105.00",Swing,https://cdn.4insite.com/assets/1b5f1cdd74ae46a1a28ff280bc63762c_RayLopez_t.jpg,https://cdn.4insite.com/assets/96869805cb324b1cacd3f9915a8f4bb9_SBMHeadshot1_t.png?X-Amz-Algorithm=AWS4-HMAC-SHA256&X-Amz-Content-Sha256=UNSIGNED-PAYLOAD&X-Amz-Credential=ASIA3P5EIQBK6SEGSSUC%2F20260612%2Fus-west-2%2Fs3%2Faws4_request&X-Amz-Date=20260612T183908Z&X-Amz-Expires=300&X-Amz-Security-Token=IQoJb3JpZ2luX2VjEFMaCXVzLXdlc3QtMiJHMEUCIFXt64TUcxL0aKV5GKRME99rA6P8orHKHWAkpkMCWrt%2FAiEAu1v6f%2BAyhk7aoTciaX3JcygYZVHl1HR0ohhl57%2FPHtUq7QIIHBAEGgw3OTAwODE2MDE2MjEiDOtMBiERQkJahrCG1irKAlLaTjP7ayIM2ZHBtI8vFP3I2ZNInPqJgoPU%2FtGq6j%2FEKrLOQc%2B4aq012Zs6PPSlABrahFXVvOk7l%2BXaY8jSHhzd0%2FPGln5pm%2FG0cO6zNG4iqXovql0MVNrlTqwBjUa3swSdbsCEfIPbXmkOYH4N3pbCn8L%2FRc2n3C5Xawz0vyLTqNOEn4gAhQVd2i4oigxbWmxFyfEJP3YPdKk%2FR94P3D%2BEa2h3Bfg3skDL0GwVO6g0keFOs%2BEsFMA7BbbaJCWFhc1rQRKp422Pe1gvZg0RJlidtwS74l8bJUdaw%2FUnMkRKdTLF5wd6bnjtEkw6Fy8IU4nqPLhkMHXyHM7g9X5%2FhlCOMDubJz7vZALeSHtn1iL1e6yNY2CtbRJhYpSlDx3jXl571Z7etA0PuE%2BvOAMsKniOO5nHZEc%2BcyBsittY0%2F4ZZCSyGjHG%2FXIQKzC727DRBjqtAqPiTqBi7QTouh0gP5v0rChjoq%2B0e0oVJ%2F%2FQyDc13wTgvVtqB96hq8UpYAiIddp27PT7oiHq92a%2F5gP%2BOvRwQ2VAndowVABhdxUzIxTTDgUkQdKKOXldpzysSKYzuPq64WZQ1DQMn00lssjhqIqbru2%2Bs9XjH%2BFYC8oIKcuKV035y94M1IOStTns3V4Ati%2B9A0zjqCkdrrBvH0gRTlwQijNQMFec5uc0JojnB0HJ%2F7yZyyKFD4cRAicR8p2%2FYUuisIgCZV9Gf8dGK0OmeujMk30TefRMxHCINvmPl%2FCoxGlACg5yvsXTV7mUNoID8A%2FzVstOU3kBsEq7CRZk0n%2Bg%2BjewyxiddZNe5WfHIObmL6x%2BQnf9lDk0ldmVwFDo176Pnl21YBLr7iBsZcLphEA%3D&X-Amz-Signature=89f717d59f379d0bc53385490a5f9e56cd882fe83640b7e0d2c09a36a6efa0e3&X-Amz-SignedHeaders=host&response-content-disposition=inline
Justin Santos,kuparine@live.com,Sr Site Mgr,"Microsoft (CBRE) – Puget Sound, WA",Microsoft (CBRE) – Puget Sound (CBRE),09/20/2020,4:45 PM,(333) 333-3347,"$2,914.00",Graveyard,https://cdn.4insite.com/assets/bb6ba2cdc8b14c43ae94f3550aa86c00_NicolasVillalobos_t.jpg,https://cdn.4insite.com/assets/r15538fe9fbf8458b9a9ce7dafabd993f_IMG_8800Medium_t.png?X-Amz-Algorithm=AWS4-HMAC-SHA256&X-Amz-Content-Sha256=UNSIGNED-PAYLOAD&X-Amz-Credential=ASIA3P5EIQBK6SEGSSUC%2F20260612%2Fus-west-2%2Fs3%2Faws4_request&X-Amz-Date=20260612T183908Z&X-Amz-Expires=300&X-Amz-Security-Token=IQoJb3JpZ2luX2VjEFMaCXVzLXdlc3QtMiJHMEUCIFXt64TUcxL0aKV5GKRME99rA6P8orHKHWAkpkMCWrt%2FAiEAu1v6f%2BAyhk7aoTciaX3JcygYZVHl1HR0ohhl57%2FPHtUq7QIIHBAEGgw3OTAwODE2MDE2MjEiDOtMBiERQkJahrCG1irKAlLaTjP7ayIM2ZHBtI8vFP3I2ZNInPqJgoPU%2FtGq6j%2FEKrLOQc%2B4aq012Zs6PPSlABrahFXVvOk7l%2BXaY8jSHhzd0%2FPGln5pm%2FG0cO6zNG4iqXovql0MVNrlTqwBjUa3swSdbsCEfIPbXmkOYH4N3pbCn8L%2FRc2n3C5Xawz0vyLTqNOEn4gAhQVd2i4oigxbWmxFyfEJP3YPdKk%2FR94P3D%2BEa2h3Bfg3skDL0GwVO6g0keFOs%2BEsFMA7BbbaJCWFhc1rQRKp422Pe1gvZg0RJlidtwS74l8bJUdaw%2FUnMkRKdTLF5wd6bnjtEkw6Fy8IU4nqPLhkMHXyHM7g9X5%2FhlCOMDubJz7vZALeSHtn1iL1e6yNY2CtbRJhYpSlDx3jXl571Z7etA0PuE%2BvOAMsKniOO5nHZEc%2BcyBsittY0%2F4ZZCSyGjHG%2FXIQKzC727DRBjqtAqPiTqBi7QTouh0gP5v0rChjoq%2B0e0oVJ%2F%2FQyDc13wTgvVtqB96hq8UpYAiIddp27PT7oiHq92a%2F5gP%2BOvRwQ2VAndowVABhdxUzIxTTDgUkQdKKOXldpzysSKYzuPq64WZQ1DQMn00lssjhqIqbru2%2Bs9XjH%2BFYC8oIKcuKV035y94M1IOStTns3V4Ati%2B9A0zjqCkdrrBvH0gRTlwQijNQMFec5uc0JojnB0HJ%2F7yZyyKFD4cRAicR8p2%2FYUuisIgCZV9Gf8dGK0OmeujMk30TefRMxHCINvmPl%2FCoxGlACg5yvsXTV7mUNoID8A%2FzVstOU3kBsEq7CRZk0n%2Bg%2BjewyxiddZNe5WfHIObmL6x%2BQnf9lDk0ldmVwFDo176Pnl21YBLr7iBsZcLphEA%3D&X-Amz-Signature=cd3b5bd263ba77642781d645613126e7b65191213522d1c2e6c2d4c9ef7abcc3&X-Amz-SignedHeaders=host&response-content-disposition=inline
Pamela Choi,grothoff@comcast.net,Assoc Site Mgr,"Illumina – San Diego, CA","Delta - LaGuardia, NY",03/12/2020,6:40 PM,(333) 333-3348,"$9,114.00",Day,https://cdn.4insite.com/assets/r7c8c99968c9244b3bae0f4ba0986c132_ChatGPTImageSep24202501_26_06PM_t.png,https://cdn.4insite.com/assets/f1b056f6b6874f37b4e23ace9b2ce03d_IMG_5624_t.png?X-Amz-Algorithm=AWS4-HMAC-SHA256&X-Amz-Content-Sha256=UNSIGNED-PAYLOAD&X-Amz-Credential=ASIA3P5EIQBK6SEGSSUC%2F20260612%2Fus-west-2%2Fs3%2Faws4_request&X-Amz-Date=20260612T183908Z&X-Amz-Expires=300&X-Amz-Security-Token=IQoJb3JpZ2luX2VjEFMaCXVzLXdlc3QtMiJHMEUCIFXt64TUcxL0aKV5GKRME99rA6P8orHKHWAkpkMCWrt%2FAiEAu1v6f%2BAyhk7aoTciaX3JcygYZVHl1HR0ohhl57%2FPHtUq7QIIHBAEGgw3OTAwODE2MDE2MjEiDOtMBiERQkJahrCG1irKAlLaTjP7ayIM2ZHBtI8vFP3I2ZNInPqJgoPU%2FtGq6j%2FEKrLOQc%2B4aq012Zs6PPSlABrahFXVvOk7l%2BXaY8jSHhzd0%2FPGln5pm%2FG0cO6zNG4iqXovql0MVNrlTqwBjUa3swSdbsCEfIPbXmkOYH4N3pbCn8L%2FRc2n3C5Xawz0vyLTqNOEn4gAhQVd2i4oigxbWmxFyfEJP3YPdKk%2FR94P3D%2BEa2h3Bfg3skDL0GwVO6g0keFOs%2BEsFMA7BbbaJCWFhc1rQRKp422Pe1gvZg0RJlidtwS74l8bJUdaw%2FUnMkRKdTLF5wd6bnjtEkw6Fy8IU4nqPLhkMHXyHM7g9X5%2FhlCOMDubJz7vZALeSHtn1iL1e6yNY2CtbRJhYpSlDx3jXl571Z7etA0PuE%2BvOAMsKniOO5nHZEc%2BcyBsittY0%2F4ZZCSyGjHG%2FXIQKzC727DRBjqtAqPiTqBi7QTouh0gP5v0rChjoq%2B0e0oVJ%2F%2FQyDc13wTgvVtqB96hq8UpYAiIddp27PT7oiHq92a%2F5gP%2BOvRwQ2VAndowVABhdxUzIxTTDgUkQdKKOXldpzysSKYzuPq64WZQ1DQMn00lssjhqIqbru2%2Bs9XjH%2BFYC8oIKcuKV035y94M1IOStTns3V4Ati%2B9A0zjqCkdrrBvH0gRTlwQijNQMFec5uc0JojnB0HJ%2F7yZyyKFD4cRAicR8p2%2FYUuisIgCZV9Gf8dGK0OmeujMk30TefRMxHCINvmPl%2FCoxGlACg5yvsXTV7mUNoID8A%2FzVstOU3kBsEq7CRZk0n%2Bg%2BjewyxiddZNe5WfHIObmL6x%2BQnf9lDk0ldmVwFDo176Pnl21YBLr7iBsZcLphEA%3D&X-Amz-Signature=ff8c82160ac1540212792cf472bdf762cd7fbb2e43366e582d00afbdc35a10bd&X-Amz-SignedHeaders=host&response-content-disposition=inline
Dalton Welch,kuparine37@msn.com,Account Mgr,"Micron (C&W) – Boise, ID","Delta - Detroit, MI",12/12/2021,3:55 PM,(222) 222-235,"$5,976.00",Night,https://cdn.4insite.com/assets/cca80b92793e43c79e40e57a6d83311c_Headshot_t.jpg,https://cdn.4insite.com/assets/eef3bd1dec194713a10441637b71ac70_MOMO_1739539250336_t.png?X-Amz-Algorithm=AWS4-HMAC-SHA256&X-Amz-Content-Sha256=UNSIGNED-PAYLOAD&X-Amz-Credential=ASIA3P5EIQBK6SEGSSUC%2F20260612%2Fus-west-2%2Fs3%2Faws4_request&X-Amz-Date=20260612T183908Z&X-Amz-Expires=300&X-Amz-Security-Token=IQoJb3JpZ2luX2VjEFMaCXVzLXdlc3QtMiJHMEUCIFXt64TUcxL0aKV5GKRME99rA6P8orHKHWAkpkMCWrt%2FAiEAu1v6f%2BAyhk7aoTciaX3JcygYZVHl1HR0ohhl57%2FPHtUq7QIIHBAEGgw3OTAwODE2MDE2MjEiDOtMBiERQkJahrCG1irKAlLaTjP7ayIM2ZHBtI8vFP3I2ZNInPqJgoPU%2FtGq6j%2FEKrLOQc%2B4aq012Zs6PPSlABrahFXVvOk7l%2BXaY8jSHhzd0%2FPGln5pm%2FG0cO6zNG4iqXovql0MVNrlTqwBjUa3swSdbsCEfIPbXmkOYH4N3pbCn8L%2FRc2n3C5Xawz0vyLTqNOEn4gAhQVd2i4oigxbWmxFyfEJP3YPdKk%2FR94P3D%2BEa2h3Bfg3skDL0GwVO6g0keFOs%2BEsFMA7BbbaJCWFhc1rQRKp422Pe1gvZg0RJlidtwS74l8bJUdaw%2FUnMkRKdTLF5wd6bnjtEkw6Fy8IU4nqPLhkMHXyHM7g9X5%2FhlCOMDubJz7vZALeSHtn1iL1e6yNY2CtbRJhYpSlDx3jXl571Z7etA0PuE%2BvOAMsKniOO5nHZEc%2BcyBsittY0%2F4ZZCSyGjHG%2FXIQKzC727DRBjqtAqPiTqBi7QTouh0gP5v0rChjoq%2B0e0oVJ%2F%2FQyDc13wTgvVtqB96hq8UpYAiIddp27PT7oiHq92a%2F5gP%2BOvRwQ2VAndowVABhdxUzIxTTDgUkQdKKOXldpzysSKYzuPq64WZQ1DQMn00lssjhqIqbru2%2Bs9XjH%2BFYC8oIKcuKV035y94M1IOStTns3V4Ati%2B9A0zjqCkdrrBvH0gRTlwQijNQMFec5uc0JojnB0HJ%2F7yZyyKFD4cRAicR8p2%2FYUuisIgCZV9Gf8dGK0OmeujMk30TefRMxHCINvmPl%2FCoxGlACg5yvsXTV7mUNoID8A%2FzVstOU3kBsEq7CRZk0n%2Bg%2BjewyxiddZNe5WfHIObmL6x%2BQnf9lDk0ldmVwFDo176Pnl21YBLr7iBsZcLphEA%3D&X-Amz-Signature=2e3421557a5c032c6ee9c603e543bc5f1956742607f20fc3899f1b3cd8fc0852&X-Amz-SignedHeaders=host&response-content-disposition=inline
Taniya Blair,timlinux@mac.com,Account Dir,Johnson & Johnson – Janssen-Raritan,Microsoft (CBRE) – Puget Sound (CBRE),07/22/2021,1:10 PM,(555) 555-5564,"$9,893.00",Swing,https://cdn.4insite.com/assets/rde4ea7fcc452491c977f66f15bca75b1_Media_t.jpg,https://cdn.4insite.com/assets/d00d62b4d550470eae367630d8785362_1714354628162_t.png?X-Amz-Algorithm=AWS4-HMAC-SHA256&X-Amz-Content-Sha256=UNSIGNED-PAYLOAD&X-Amz-Credential=ASIA3P5EIQBK6SEGSSUC%2F20260612%2Fus-west-2%2Fs3%2Faws4_request&X-Amz-Date=20260612T183908Z&X-Amz-Expires=300&X-Amz-Security-Token=IQoJb3JpZ2luX2VjEFMaCXVzLXdlc3QtMiJHMEUCIFXt64TUcxL0aKV5GKRME99rA6P8orHKHWAkpkMCWrt%2FAiEAu1v6f%2BAyhk7aoTciaX3JcygYZVHl1HR0ohhl57%2FPHtUq7QIIHBAEGgw3OTAwODE2MDE2MjEiDOtMBiERQkJahrCG1irKAlLaTjP7ayIM2ZHBtI8vFP3I2ZNInPqJgoPU%2FtGq6j%2FEKrLOQc%2B4aq012Zs6PPSlABrahFXVvOk7l%2BXaY8jSHhzd0%2FPGln5pm%2FG0cO6zNG4iqXovql0MVNrlTqwBjUa3swSdbsCEfIPbXmkOYH4N3pbCn8L%2FRc2n3C5Xawz0vyLTqNOEn4gAhQVd2i4oigxbWmxFyfEJP3YPdKk%2FR94P3D%2BEa2h3Bfg3skDL0GwVO6g0keFOs%2BEsFMA7BbbaJCWFhc1rQRKp422Pe1gvZg0RJlidtwS74l8bJUdaw%2FUnMkRKdTLF5wd6bnjtEkw6Fy8IU4nqPLhkMHXyHM7g9X5%2FhlCOMDubJz7vZALeSHtn1iL1e6yNY2CtbRJhYpSlDx3jXl571Z7etA0PuE%2BvOAMsKniOO5nHZEc%2BcyBsittY0%2F4ZZCSyGjHG%2FXIQKzC727DRBjqtAqPiTqBi7QTouh0gP5v0rChjoq%2B0e0oVJ%2F%2FQyDc13wTgvVtqB96hq8UpYAiIddp27PT7oiHq92a%2F5gP%2BOvRwQ2VAndowVABhdxUzIxTTDgUkQdKKOXldpzysSKYzuPq64WZQ1DQMn00lssjhqIqbru2%2Bs9XjH%2BFYC8oIKcuKV035y94M1IOStTns3V4Ati%2B9A0zjqCkdrrBvH0gRTlwQijNQMFec5uc0JojnB0HJ%2F7yZyyKFD4cRAicR8p2%2FYUuisIgCZV9Gf8dGK0OmeujMk30TefRMxHCINvmPl%2FCoxGlACg5yvsXTV7mUNoID8A%2FzVstOU3kBsEq7CRZk0n%2Bg%2BjewyxiddZNe5WfHIObmL6x%2BQnf9lDk0ldmVwFDo176Pnl21YBLr7iBsZcLphEA%3D&X-Amz-Signature=1d4f896fab42c7e03b6ccbdf4ddfec0d787f306f075dd07c24ffd107ad61c6a0&X-Amz-SignedHeaders=host&response-content-disposition=inline
Kiera Henry,syrinx@yahoo.ca,Site Mgr,Charles Schwab (JLL) – Boulder,"Delta - LaGuardia, NY",07/10/2020,3:40 PM,(888) 888-8900,"$8,315.00",Graveyard,https://cdn.4insite.com/assets/c0dabd08f60d4e3bb90befb2f4852de4_ryan_t.jpg,https://cdn.4insite.com/assets/rdd0abc53c0974ef89f3685235a430010_PXL_20211103_113948699_t.png?X-Amz-Algorithm=AWS4-HMAC-SHA256&X-Amz-Content-Sha256=UNSIGNED-PAYLOAD&X-Amz-Credential=ASIA3P5EIQBK6SEGSSUC%2F20260612%2Fus-west-2%2Fs3%2Faws4_request&X-Amz-Date=20260612T183908Z&X-Amz-Expires=300&X-Amz-Security-Token=IQoJb3JpZ2luX2VjEFMaCXVzLXdlc3QtMiJHMEUCIFXt64TUcxL0aKV5GKRME99rA6P8orHKHWAkpkMCWrt%2FAiEAu1v6f%2BAyhk7aoTciaX3JcygYZVHl1HR0ohhl57%2FPHtUq7QIIHBAEGgw3OTAwODE2MDE2MjEiDOtMBiERQkJahrCG1irKAlLaTjP7ayIM2ZHBtI8vFP3I2ZNInPqJgoPU%2FtGq6j%2FEKrLOQc%2B4aq012Zs6PPSlABrahFXVvOk7l%2BXaY8jSHhzd0%2FPGln5pm%2FG0cO6zNG4iqXovql0MVNrlTqwBjUa3swSdbsCEfIPbXmkOYH4N3pbCn8L%2FRc2n3C5Xawz0vyLTqNOEn4gAhQVd2i4oigxbWmxFyfEJP3YPdKk%2FR94P3D%2BEa2h3Bfg3skDL0GwVO6g0keFOs%2BEsFMA7BbbaJCWFhc1rQRKp422Pe1gvZg0RJlidtwS74l8bJUdaw%2FUnMkRKdTLF5wd6bnjtEkw6Fy8IU4nqPLhkMHXyHM7g9X5%2FhlCOMDubJz7vZALeSHtn1iL1e6yNY2CtbRJhYpSlDx3jXl571Z7etA0PuE%2BvOAMsKniOO5nHZEc%2BcyBsittY0%2F4ZZCSyGjHG%2FXIQKzC727DRBjqtAqPiTqBi7QTouh0gP5v0rChjoq%2B0e0oVJ%2F%2FQyDc13wTgvVtqB96hq8UpYAiIddp27PT7oiHq92a%2F5gP%2BOvRwQ2VAndowVABhdxUzIxTTDgUkQdKKOXldpzysSKYzuPq64WZQ1DQMn00lssjhqIqbru2%2Bs9XjH%2BFYC8oIKcuKV035y94M1IOStTns3V4Ati%2B9A0zjqCkdrrBvH0gRTlwQijNQMFec5uc0JojnB0HJ%2F7yZyyKFD4cRAicR8p2%2FYUuisIgCZV9Gf8dGK0OmeujMk30TefRMxHCINvmPl%2FCoxGlACg5yvsXTV7mUNoID8A%2FzVstOU3kBsEq7CRZk0n%2Bg%2BjewyxiddZNe5WfHIObmL6x%2BQnf9lDk0ldmVwFDo176Pnl21YBLr7iBsZcLphEA%3D&X-Amz-Signature=d0d5c656dddd1ce868e5a95a25124715462ac645faac59a0baa9a47323151dac&X-Amz-SignedHeaders=host&response-content-disposition=inline
Lyric Velasquez,jonadab@live.com,Sr Site Mgr,"Nestle – Bridgewater, NJ - Healthcare","Delta - Detroit, MI",09/28/2020,7:10 AM,(555) 555-5556,"$8,513.00",Day,https://cdn.4insite.com/assets/5396266e01b74a00b44ce469e9f47212_ProfilePic2_t.png,https://cdn.4insite.com/assets/rff66c5df069444ac97cc4c85ee906d6a_Headshot_t.png?X-Amz-Algorithm=AWS4-HMAC-SHA256&X-Amz-Content-Sha256=UNSIGNED-PAYLOAD&X-Amz-Credential=ASIA3P5EIQBK2EAQQJGJ%2F20260612%2Fus-west-2%2Fs3%2Faws4_request&X-Amz-Date=20260612T182822Z&X-Amz-Expires=300&X-Amz-Security-Token=IQoJb3JpZ2luX2VjEFMaCXVzLXdlc3QtMiJIMEYCIQD7KMRDZFJWYkfGCdXYApkS8K5vx6Z0M%2F6glnpxwSJ0jQIhAP3ShKjrMYxejB3Nt%2B9np%2Buje6TcRvAqgNycgnVOQ3ucKu0CCBwQBBoMNzkwMDgxNjAxNjIxIgwHgLc7ZY7sW841rFEqygJy%2BOAkHJMI%2BAajjHps6ZmL%2FZiXZ8KpOCPeJcLFc2HJmV%2BkS5AS%2BO0PtVkBv3Q4n0veLZ%2FqH3fVLFXBfj4t7W0TQ85CnCnBNXv1E7VAH2dp2qr2X2x7CRChFs5BMNXuxLo1nOnhlgPPtvWy%2BZqTaiP%2FksKv7BXWKtcB2fJkIJlkHXmA66EcGkcXPeSrLJYzb8MmXHxBfpCkn5PtDPg75CGm1JRrPwRhkRojfMlhBn39YcwtXSqbMc4%2F58clKYnArfOxaaDEdV4cYA7iizEftKNKmZxMmRn3%2B9Q8YGBTtZn3UjpWFyV69rXDwg%2F6BfoGcwylsc6%2FM7wRp5wHtECG5Z7Ffuvu%2F6BXVjJjLTiFjjcl3z%2BM%2F%2FTuw5bcdDn2l3ycvSYrTEHdTQlqQpQxV0fR50tDKWklUPrgwtXp2TvdNHnvSlqXZszxTg367uAwu9uw0QY6rAKw6ejecdP8ZQ45dk73KWeJl1w8hn0aWvUHRTIVKV5FizKeOv%2FKQrQ8loAJ4v8IA4v3LA2uIolG9DKOFJfI6WA0uOkIdrcoJhI9r92t%2FG7XPE4KhnWAgAPFY3AWvo0rikBjSXc%2Fu2k9BANoqkG4tXWux6YgvS8CaeZ3p8Pei%2Fv1uLYXUyAQBDMcwv1TGYQAlef3fo9eSN8wUKo3%2FzqHHKyq%2BZFX08HAw7lVlzmUedF8P8e0nj0EK2ohDmfh5VnjDC5hBWBJvzFCugkf9ZGTljbZTyMZNRM46YMmyjmZXyqsAD1JBNce%2F3YEcTPTe54157nE1JHri3DwyFQtIReTxa%2BpJenYenfN30QJNf%2Fy3vGc0ObBk8TonskU4%2B%2F2aaU9hTdOQEmdLW6sW2UtTV8%3D&X-Amz-Signature=5c8a43026e67c784f72e7ca8397943a19b4d92a27b1fe01aa3861fb2f93c4f45&X-Amz-SignedHeaders=host&response-content-disposition=inline
Tiara Conrad,tskirvin@verizon.net,Assoc Site Mgr,Hasbro (JLL) – Central Falls,Microsoft (CBRE) – Puget Sound (CBRE),07/01/2020,4:30 PM,(000) 000-0013,"$8,511.00",Night,https://cdn.4insite.com/assets/0f5ebb444fba4b6db302929404569ba0_chr_t.jpg,https://cdn.4insite.com/assets/rf2863015eb7f46ea9c641eec2db424cd_Alex_Picture_t.png?X-Amz-Algorithm=AWS4-HMAC-SHA256&X-Amz-Content-Sha256=UNSIGNED-PAYLOAD&X-Amz-Credential=ASIA3P5EIQBK2EAQQJGJ%2F20260612%2Fus-west-2%2Fs3%2Faws4_request&X-Amz-Date=20260612T182822Z&X-Amz-Expires=300&X-Amz-Security-Token=IQoJb3JpZ2luX2VjEFMaCXVzLXdlc3QtMiJIMEYCIQD7KMRDZFJWYkfGCdXYApkS8K5vx6Z0M%2F6glnpxwSJ0jQIhAP3ShKjrMYxejB3Nt%2B9np%2Buje6TcRvAqgNycgnVOQ3ucKu0CCBwQBBoMNzkwMDgxNjAxNjIxIgwHgLc7ZY7sW841rFEqygJy%2BOAkHJMI%2BAajjHps6ZmL%2FZiXZ8KpOCPeJcLFc2HJmV%2BkS5AS%2BO0PtVkBv3Q4n0veLZ%2FqH3fVLFXBfj4t7W0TQ85CnCnBNXv1E7VAH2dp2qr2X2x7CRChFs5BMNXuxLo1nOnhlgPPtvWy%2BZqTaiP%2FksKv7BXWKtcB2fJkIJlkHXmA66EcGkcXPeSrLJYzb8MmXHxBfpCkn5PtDPg75CGm1JRrPwRhkRojfMlhBn39YcwtXSqbMc4%2F58clKYnArfOxaaDEdV4cYA7iizEftKNKmZxMmRn3%2B9Q8YGBTtZn3UjpWFyV69rXDwg%2F6BfoGcwylsc6%2FM7wRp5wHtECG5Z7Ffuvu%2F6BXVjJjLTiFjjcl3z%2BM%2F%2FTuw5bcdDn2l3ycvSYrTEHdTQlqQpQxV0fR50tDKWklUPrgwtXp2TvdNHnvSlqXZszxTg367uAwu9uw0QY6rAKw6ejecdP8ZQ45dk73KWeJl1w8hn0aWvUHRTIVKV5FizKeOv%2FKQrQ8loAJ4v8IA4v3LA2uIolG9DKOFJfI6WA0uOkIdrcoJhI9r92t%2FG7XPE4KhnWAgAPFY3AWvo0rikBjSXc%2Fu2k9BANoqkG4tXWux6YgvS8CaeZ3p8Pei%2Fv1uLYXUyAQBDMcwv1TGYQAlef3fo9eSN8wUKo3%2FzqHHKyq%2BZFX08HAw7lVlzmUedF8P8e0nj0EK2ohDmfh5VnjDC5hBWBJvzFCugkf9ZGTljbZTyMZNRM46YMmyjmZXyqsAD1JBNce%2F3YEcTPTe54157nE1JHri3DwyFQtIReTxa%2BpJenYenfN30QJNf%2Fy3vGc0ObBk8TonskU4%2B%2F2aaU9hTdOQEmdLW6sW2UtTV8%3D&X-Amz-Signature=d13d1f29e91dda0ffd3a47307356ab53f3df1b3e0505c4a011f5a163f7f59e3a&X-Amz-SignedHeaders=host&response-content-disposition=inline
Mia Daugherty,hachi@me.com,Account Mgr,"Merck (Sodexo) – Branchburg, NJ","Delta - LaGuardia, NY",11/18/2020,11:40 AM,(555) 555-5562,"$5,656.00",Swing,https://cdn.4insite.com/assets/da88f0d585e2426086bd6b472be3f2d0_ClaudiaProffesionalpic_t.jpg,https://cdn.4insite.com/assets/re212dd5e42764832b42ea1c3ee805a2d_Screenshot_20230118_203821_Gallery_t.png?X-Amz-Algorithm=AWS4-HMAC-SHA256&X-Amz-Content-Sha256=UNSIGNED-PAYLOAD&X-Amz-Credential=ASIA3P5EIQBK2EAQQJGJ%2F20260612%2Fus-west-2%2Fs3%2Faws4_request&X-Amz-Date=20260612T182822Z&X-Amz-Expires=300&X-Amz-Security-Token=IQoJb3JpZ2luX2VjEFMaCXVzLXdlc3QtMiJIMEYCIQD7KMRDZFJWYkfGCdXYApkS8K5vx6Z0M%2F6glnpxwSJ0jQIhAP3ShKjrMYxejB3Nt%2B9np%2Buje6TcRvAqgNycgnVOQ3ucKu0CCBwQBBoMNzkwMDgxNjAxNjIxIgwHgLc7ZY7sW841rFEqygJy%2BOAkHJMI%2BAajjHps6ZmL%2FZiXZ8KpOCPeJcLFc2HJmV%2BkS5AS%2BO0PtVkBv3Q4n0veLZ%2FqH3fVLFXBfj4t7W0TQ85CnCnBNXv1E7VAH2dp2qr2X2x7CRChFs5BMNXuxLo1nOnhlgPPtvWy%2BZqTaiP%2FksKv7BXWKtcB2fJkIJlkHXmA66EcGkcXPeSrLJYzb8MmXHxBfpCkn5PtDPg75CGm1JRrPwRhkRojfMlhBn39YcwtXSqbMc4%2F58clKYnArfOxaaDEdV4cYA7iizEftKNKmZxMmRn3%2B9Q8YGBTtZn3UjpWFyV69rXDwg%2F6BfoGcwylsc6%2FM7wRp5wHtECG5Z7Ffuvu%2F6BXVjJjLTiFjjcl3z%2BM%2F%2FTuw5bcdDn2l3ycvSYrTEHdTQlqQpQxV0fR50tDKWklUPrgwtXp2TvdNHnvSlqXZszxTg367uAwu9uw0QY6rAKw6ejecdP8ZQ45dk73KWeJl1w8hn0aWvUHRTIVKV5FizKeOv%2FKQrQ8loAJ4v8IA4v3LA2uIolG9DKOFJfI6WA0uOkIdrcoJhI9r92t%2FG7XPE4KhnWAgAPFY3AWvo0rikBjSXc%2Fu2k9BANoqkG4tXWux6YgvS8CaeZ3p8Pei%2Fv1uLYXUyAQBDMcwv1TGYQAlef3fo9eSN8wUKo3%2FzqHHKyq%2BZFX08HAw7lVlzmUedF8P8e0nj0EK2ohDmfh5VnjDC5hBWBJvzFCugkf9ZGTljbZTyMZNRM46YMmyjmZXyqsAD1JBNce%2F3YEcTPTe54157nE1JHri3DwyFQtIReTxa%2BpJenYenfN30QJNf%2Fy3vGc0ObBk8TonskU4%2B%2F2aaU9hTdOQEmdLW6sW2UtTV8%3D&X-Amz-Signature=d410963db18c0aa360ca4a2da89e965e1666102fda4bcafad6c65fb6967d78fb&X-Amz-SignedHeaders=host&response-content-disposition=inline
Madilyn Parker,wortmanj@icloud.com,Account Dir,General Dynamics – Bloomington,"Delta - Detroit, MI",08/02/2021,11:25 AM,(222) 222-229,"$8,934.00",Graveyard,https://cdn.4insite.com/assets/1600282454.3660638_2706cec21_t.jpg,https://cdn.4insite.com/assets/r9caff6d0b6b04667bbfebdad11191ea7_StuKelloffsProfilePic_t.png?X-Amz-Algorithm=AWS4-HMAC-SHA256&X-Amz-Content-Sha256=UNSIGNED-PAYLOAD&X-Amz-Credential=ASIA3P5EIQBK2EAQQJGJ%2F20260612%2Fus-west-2%2Fs3%2Faws4_request&X-Amz-Date=20260612T182822Z&X-Amz-Expires=300&X-Amz-Security-Token=IQoJb3JpZ2luX2VjEFMaCXVzLXdlc3QtMiJIMEYCIQD7KMRDZFJWYkfGCdXYApkS8K5vx6Z0M%2F6glnpxwSJ0jQIhAP3ShKjrMYxejB3Nt%2B9np%2Buje6TcRvAqgNycgnVOQ3ucKu0CCBwQBBoMNzkwMDgxNjAxNjIxIgwHgLc7ZY7sW841rFEqygJy%2BOAkHJMI%2BAajjHps6ZmL%2FZiXZ8KpOCPeJcLFc2HJmV%2BkS5AS%2BO0PtVkBv3Q4n0veLZ%2FqH3fVLFXBfj4t7W0TQ85CnCnBNXv1E7VAH2dp2qr2X2x7CRChFs5BMNXuxLo1nOnhlgPPtvWy%2BZqTaiP%2FksKv7BXWKtcB2fJkIJlkHXmA66EcGkcXPeSrLJYzb8MmXHxBfpCkn5PtDPg75CGm1JRrPwRhkRojfMlhBn39YcwtXSqbMc4%2F58clKYnArfOxaaDEdV4cYA7iizEftKNKmZxMmRn3%2B9Q8YGBTtZn3UjpWFyV69rXDwg%2F6BfoGcwylsc6%2FM7wRp5wHtECG5Z7Ffuvu%2F6BXVjJjLTiFjjcl3z%2BM%2F%2FTuw5bcdDn2l3ycvSYrTEHdTQlqQpQxV0fR50tDKWklUPrgwtXp2TvdNHnvSlqXZszxTg367uAwu9uw0QY6rAKw6ejecdP8ZQ45dk73KWeJl1w8hn0aWvUHRTIVKV5FizKeOv%2FKQrQ8loAJ4v8IA4v3LA2uIolG9DKOFJfI6WA0uOkIdrcoJhI9r92t%2FG7XPE4KhnWAgAPFY3AWvo0rikBjSXc%2Fu2k9BANoqkG4tXWux6YgvS8CaeZ3p8Pei%2Fv1uLYXUyAQBDMcwv1TGYQAlef3fo9eSN8wUKo3%2FzqHHKyq%2BZFX08HAw7lVlzmUedF8P8e0nj0EK2ohDmfh5VnjDC5hBWBJvzFCugkf9ZGTljbZTyMZNRM46YMmyjmZXyqsAD1JBNce%2F3YEcTPTe54157nE1JHri3DwyFQtIReTxa%2BpJenYenfN30QJNf%2Fy3vGc0ObBk8TonskU4%2B%2F2aaU9hTdOQEmdLW6sW2UtTV8%3D&X-Amz-Signature=10eb480cf575158d779b3d8bd638fe193f1102f4077bf07aefb6d848f0d346a3&X-Amz-SignedHeaders=host&response-content-disposition=inline
Sage Gregory,nasor@icloud.com,Site Mgr,Asurion (JLL) – Gulch,Microsoft (CBRE) – Puget Sound (CBRE),11/28/2021,5:20 PM,(555) 555-5568,"$1,964.00",Day,https://cdn.4insite.com/assets/r9ac5ef03f70b45d98e38df6fa721a0e1_PXL_20230328_211357723.PORTRAIT3_t.jpg,https://cdn.4insite.com/assets/r9ac5ef03f70b45d98e38df6fa721a0e1_PXL_20230328_211357723.PORTRAIT3_t.png?X-Amz-Algorithm=AWS4-HMAC-SHA256&X-Amz-Content-Sha256=UNSIGNED-PAYLOAD&X-Amz-Credential=ASIA3P5EIQBK2EAQQJGJ%2F20260612%2Fus-west-2%2Fs3%2Faws4_request&X-Amz-Date=20260612T182822Z&X-Amz-Expires=300&X-Amz-Security-Token=IQoJb3JpZ2luX2VjEFMaCXVzLXdlc3QtMiJIMEYCIQD7KMRDZFJWYkfGCdXYApkS8K5vx6Z0M%2F6glnpxwSJ0jQIhAP3ShKjrMYxejB3Nt%2B9np%2Buje6TcRvAqgNycgnVOQ3ucKu0CCBwQBBoMNzkwMDgxNjAxNjIxIgwHgLc7ZY7sW841rFEqygJy%2BOAkHJMI%2BAajjHps6ZmL%2FZiXZ8KpOCPeJcLFc2HJmV%2BkS5AS%2BO0PtVkBv3Q4n0veLZ%2FqH3fVLFXBfj4t7W0TQ85CnCnBNXv1E7VAH2dp2qr2X2x7CRChFs5BMNXuxLo1nOnhlgPPtvWy%2BZqTaiP%2FksKv7BXWKtcB2fJkIJlkHXmA66EcGkcXPeSrLJYzb8MmXHxBfpCkn5PtDPg75CGm1JRrPwRhkRojfMlhBn39YcwtXSqbMc4%2F58clKYnArfOxaaDEdV4cYA7iizEftKNKmZxMmRn3%2B9Q8YGBTtZn3UjpWFyV69rXDwg%2F6BfoGcwylsc6%2FM7wRp5wHtECG5Z7Ffuvu%2F6BXVjJjLTiFjjcl3z%2BM%2F%2FTuw5bcdDn2l3ycvSYrTEHdTQlqQpQxV0fR50tDKWklUPrgwtXp2TvdNHnvSlqXZszxTg367uAwu9uw0QY6rAKw6ejecdP8ZQ45dk73KWeJl1w8hn0aWvUHRTIVKV5FizKeOv%2FKQrQ8loAJ4v8IA4v3LA2uIolG9DKOFJfI6WA0uOkIdrcoJhI9r92t%2FG7XPE4KhnWAgAPFY3AWvo0rikBjSXc%2Fu2k9BANoqkG4tXWux6YgvS8CaeZ3p8Pei%2Fv1uLYXUyAQBDMcwv1TGYQAlef3fo9eSN8wUKo3%2FzqHHKyq%2BZFX08HAw7lVlzmUedF8P8e0nj0EK2ohDmfh5VnjDC5hBWBJvzFCugkf9ZGTljbZTyMZNRM46YMmyjmZXyqsAD1JBNce%2F3YEcTPTe54157nE1JHri3DwyFQtIReTxa%2BpJenYenfN30QJNf%2Fy3vGc0ObBk8TonskU4%2B%2F2aaU9hTdOQEmdLW6sW2UtTV8%3D&X-Amz-Signature=00858576427e0e4e18a04b0efd9f20fb4668d16bc02a71007c6eef524046360a&X-Amz-SignedHeaders=host&response-content-disposition=inline
Mya Ray,carmena@yahoo.com,Sr Site Mgr,"Admedes – Admedes, Cartago","Delta - LaGuardia, NY",09/04/2021,3:25 PM,(555) 555-5567,"$8,675.00",Night,https://cdn.4insite.com/assets/b285f90a676f4b62b0d2fb74a940bae3_REALESTATEPIC_t.jpg,https://cdn.4insite.com/assets/r7abc65047ed449f686779c191234a98d_temp_file_.jpg?X-Amz-Algorithm=AWS4-HMAC-SHA256&X-Amz-Content-Sha256=UNSIGNED-PAYLOAD&X-Amz-Credential=ASIA3P5EIQBK2EAQQJGJ%2F20260612%2Fus-west-2%2Fs3%2Faws4_request&X-Amz-Date=20260612T182822Z&X-Amz-Expires=300&X-Amz-Security-Token=IQoJb3JpZ2luX2VjEFMaCXVzLXdlc3QtMiJIMEYCIQD7KMRDZFJWYkfGCdXYApkS8K5vx6Z0M%2F6glnpxwSJ0jQIhAP3ShKjrMYxejB3Nt%2B9np%2Buje6TcRvAqgNycgnVOQ3ucKu0CCBwQBBoMNzkwMDgxNjAxNjIxIgwHgLc7ZY7sW841rFEqygJy%2BOAkHJMI%2BAajjHps6ZmL%2FZiXZ8KpOCPeJcLFc2HJmV%2BkS5AS%2BO0PtVkBv3Q4n0veLZ%2FqH3fVLFXBfj4t7W0TQ85CnCnBNXv1E7VAH2dp2qr2X2x7CRChFs5BMNXuxLo1nOnhlgPPtvWy%2BZqTaiP%2FksKv7BXWKtcB2fJkIJlkHXmA66EcGkcXPeSrLJYzb8MmXHxBfpCkn5PtDPg75CGm1JRrPwRhkRojfMlhBn39YcwtXSqbMc4%2F58clKYnArfOxaaDEdV4cYA7iizEftKNKmZxMmRn3%2B9Q8YGBTtZn3UjpWFyV69rXDwg%2F6BfoGcwylsc6%2FM7wRp5wHtECG5Z7Ffuvu%2F6BXVjJjLTiFjjcl3z%2BM%2F%2FTuw5bcdDn2l3ycvSYrTEHdTQlqQpQxV0fR50tDKWklUPrgwtXp2TvdNHnvSlqXZszxTg367uAwu9uw0QY6rAKw6ejecdP8ZQ45dk73KWeJl1w8hn0aWvUHRTIVKV5FizKeOv%2FKQrQ8loAJ4v8IA4v3LA2uIolG9DKOFJfI6WA0uOkIdrcoJhI9r92t%2FG7XPE4KhnWAgAPFY3AWvo0rikBjSXc%2Fu2k9BANoqkG4tXWux6YgvS8CaeZ3p8Pei%2Fv1uLYXUyAQBDMcwv1TGYQAlef3fo9eSN8wUKo3%2FzqHHKyq%2BZFX08HAw7lVlzmUedF8P8e0nj0EK2ohDmfh5VnjDC5hBWBJvzFCugkf9ZGTljbZTyMZNRM46YMmyjmZXyqsAD1JBNce%2F3YEcTPTe54157nE1JHri3DwyFQtIReTxa%2BpJenYenfN30QJNf%2Fy3vGc0ObBk8TonskU4%2B%2F2aaU9hTdOQEmdLW6sW2UtTV8%3D&X-Amz-Signature=b4de03fabe427fe9ae73139e5f8d0516bab3af32016e7b51294dbad29ceaa47f&X-Amz-SignedHeaders=host&response-content-disposition=inline
Jimena Johns,isaacson@mac.com,Assoc Site Mgr,Charles Schwab (JLL) – Boulder,"Delta - Detroit, MI",09/17/2020,8:05 PM,(666) 666-6681,"$3,434.00",Swing,https://cdn.4insite.com/image/96e5e1bd-6631-c717-fcd8-bc18ab53a863_t.png,https://cdn.4insite.com/assets/r6fa7e5e9447f412ea5d19152cd587135_Screenshot20250923111350_t.png?X-Amz-Algorithm=AWS4-HMAC-SHA256&X-Amz-Content-Sha256=UNSIGNED-PAYLOAD&X-Amz-Credential=ASIA3P5EIQBK2EAQQJGJ%2F20260612%2Fus-west-2%2Fs3%2Faws4_request&X-Amz-Date=20260612T182822Z&X-Amz-Expires=300&X-Amz-Security-Token=IQoJb3JpZ2luX2VjEFMaCXVzLXdlc3QtMiJIMEYCIQD7KMRDZFJWYkfGCdXYApkS8K5vx6Z0M%2F6glnpxwSJ0jQIhAP3ShKjrMYxejB3Nt%2B9np%2Buje6TcRvAqgNycgnVOQ3ucKu0CCBwQBBoMNzkwMDgxNjAxNjIxIgwHgLc7ZY7sW841rFEqygJy%2BOAkHJMI%2BAajjHps6ZmL%2FZiXZ8KpOCPeJcLFc2HJmV%2BkS5AS%2BO0PtVkBv3Q4n0veLZ%2FqH3fVLFXBfj4t7W0TQ85CnCnBNXv1E7VAH2dp2qr2X2x7CRChFs5BMNXuxLo1nOnhlgPPtvWy%2BZqTaiP%2FksKv7BXWKtcB2fJkIJlkHXmA66EcGkcXPeSrLJYzb8MmXHxBfpCkn5PtDPg75CGm1JRrPwRhkRojfMlhBn39YcwtXSqbMc4%2F58clKYnArfOxaaDEdV4cYA7iizEftKNKmZxMmRn3%2B9Q8YGBTtZn3UjpWFyV69rXDwg%2F6BfoGcwylsc6%2FM7wRp5wHtECG5Z7Ffuvu%2F6BXVjJjLTiFjjcl3z%2BM%2F%2FTuw5bcdDn2l3ycvSYrTEHdTQlqQpQxV0fR50tDKWklUPrgwtXp2TvdNHnvSlqXZszxTg367uAwu9uw0QY6rAKw6ejecdP8ZQ45dk73KWeJl1w8hn0aWvUHRTIVKV5FizKeOv%2FKQrQ8loAJ4v8IA4v3LA2uIolG9DKOFJfI6WA0uOkIdrcoJhI9r92t%2FG7XPE4KhnWAgAPFY3AWvo0rikBjSXc%2Fu2k9BANoqkG4tXWux6YgvS8CaeZ3p8Pei%2Fv1uLYXUyAQBDMcwv1TGYQAlef3fo9eSN8wUKo3%2FzqHHKyq%2BZFX08HAw7lVlzmUedF8P8e0nj0EK2ohDmfh5VnjDC5hBWBJvzFCugkf9ZGTljbZTyMZNRM46YMmyjmZXyqsAD1JBNce%2F3YEcTPTe54157nE1JHri3DwyFQtIReTxa%2BpJenYenfN30QJNf%2Fy3vGc0ObBk8TonskU4%2B%2F2aaU9hTdOQEmdLW6sW2UtTV8%3D&X-Amz-Signature=121177e02f8d2b8b817644508ab68b1984375780894f2e3fba0b0a944a5448b8&X-Amz-SignedHeaders=host&response-content-disposition=inline
Emely Mcdonald,dkrishna@sbcglobal.net,Account Mgr,"GE Healthcare – Paducah, KY",Microsoft (CBRE) – Puget Sound (CBRE),05/02/2020,9:40 AM,(888) 888-8892,"$2,002.00",Graveyard,https://cdn.4insite.com/assets/417e37f1f4bf4f579cb06102e69943d2_Screenshot20260422114148_t.png,https://cdn.4insite.com/assets/r613ecdcb4b794920b91e3ba16b79e62b_44d6d6963a0a4b6cad8dc78bba16e639_t.png?X-Amz-Algorithm=AWS4-HMAC-SHA256&X-Amz-Content-Sha256=UNSIGNED-PAYLOAD&X-Amz-Credential=ASIA3P5EIQBK2EAQQJGJ%2F20260612%2Fus-west-2%2Fs3%2Faws4_request&X-Amz-Date=20260612T182822Z&X-Amz-Expires=300&X-Amz-Security-Token=IQoJb3JpZ2luX2VjEFMaCXVzLXdlc3QtMiJIMEYCIQD7KMRDZFJWYkfGCdXYApkS8K5vx6Z0M%2F6glnpxwSJ0jQIhAP3ShKjrMYxejB3Nt%2B9np%2Buje6TcRvAqgNycgnVOQ3ucKu0CCBwQBBoMNzkwMDgxNjAxNjIxIgwHgLc7ZY7sW841rFEqygJy%2BOAkHJMI%2BAajjHps6ZmL%2FZiXZ8KpOCPeJcLFc2HJmV%2BkS5AS%2BO0PtVkBv3Q4n0veLZ%2FqH3fVLFXBfj4t7W0TQ85CnCnBNXv1E7VAH2dp2qr2X2x7CRChFs5BMNXuxLo1nOnhlgPPtvWy%2BZqTaiP%2FksKv7BXWKtcB2fJkIJlkHXmA66EcGkcXPeSrLJYzb8MmXHxBfpCkn5PtDPg75CGm1JRrPwRhkRojfMlhBn39YcwtXSqbMc4%2F58clKYnArfOxaaDEdV4cYA7iizEftKNKmZxMmRn3%2B9Q8YGBTtZn3UjpWFyV69rXDwg%2F6BfoGcwylsc6%2FM7wRp5wHtECG5Z7Ffuvu%2F6BXVjJjLTiFjjcl3z%2BM%2F%2FTuw5bcdDn2l3ycvSYrTEHdTQlqQpQxV0fR50tDKWklUPrgwtXp2TvdNHnvSlqXZszxTg367uAwu9uw0QY6rAKw6ejecdP8ZQ45dk73KWeJl1w8hn0aWvUHRTIVKV5FizKeOv%2FKQrQ8loAJ4v8IA4v3LA2uIolG9DKOFJfI6WA0uOkIdrcoJhI9r92t%2FG7XPE4KhnWAgAPFY3AWvo0rikBjSXc%2Fu2k9BANoqkG4tXWux6YgvS8CaeZ3p8Pei%2Fv1uLYXUyAQBDMcwv1TGYQAlef3fo9eSN8wUKo3%2FzqHHKyq%2BZFX08HAw7lVlzmUedF8P8e0nj0EK2ohDmfh5VnjDC5hBWBJvzFCugkf9ZGTljbZTyMZNRM46YMmyjmZXyqsAD1JBNce%2F3YEcTPTe54157nE1JHri3DwyFQtIReTxa%2BpJenYenfN30QJNf%2Fy3vGc0ObBk8TonskU4%2B%2F2aaU9hTdOQEmdLW6sW2UtTV8%3D&X-Amz-Signature=21fd81431a42035a2e2ccc9ee62a4cdd8d4e44af34632e23ed19a90c378f9d80&X-Amz-SignedHeaders=host&response-content-disposition=inline
Judah Griffith,druschel@msn.com,Account Dir,"Nestle – Bridgewater, NJ - Healthcare","Delta - LaGuardia, NY",11/22/2021,8:25 PM,(111) 111-1127,"$3,561.00",Day,https://cdn.4insite.com/assets/1274011558fa424ab71ad1bb49ff232f_1000004682_t.jpg,https://cdn.4insite.com/assets/r4449dd9505c248e89ba62e382c91f9ad_thumbnail_IMG_6398_t.png?X-Amz-Algorithm=AWS4-HMAC-SHA256&X-Amz-Content-Sha256=UNSIGNED-PAYLOAD&X-Amz-Credential=ASIA3P5EIQBK2EAQQJGJ%2F20260612%2Fus-west-2%2Fs3%2Faws4_request&X-Amz-Date=20260612T182822Z&X-Amz-Expires=300&X-Amz-Security-Token=IQoJb3JpZ2luX2VjEFMaCXVzLXdlc3QtMiJIMEYCIQD7KMRDZFJWYkfGCdXYApkS8K5vx6Z0M%2F6glnpxwSJ0jQIhAP3ShKjrMYxejB3Nt%2B9np%2Buje6TcRvAqgNycgnVOQ3ucKu0CCBwQBBoMNzkwMDgxNjAxNjIxIgwHgLc7ZY7sW841rFEqygJy%2BOAkHJMI%2BAajjHps6ZmL%2FZiXZ8KpOCPeJcLFc2HJmV%2BkS5AS%2BO0PtVkBv3Q4n0veLZ%2FqH3fVLFXBfj4t7W0TQ85CnCnBNXv1E7VAH2dp2qr2X2x7CRChFs5BMNXuxLo1nOnhlgPPtvWy%2BZqTaiP%2FksKv7BXWKtcB2fJkIJlkHXmA66EcGkcXPeSrLJYzb8MmXHxBfpCkn5PtDPg75CGm1JRrPwRhkRojfMlhBn39YcwtXSqbMc4%2F58clKYnArfOxaaDEdV4cYA7iizEftKNKmZxMmRn3%2B9Q8YGBTtZn3UjpWFyV69rXDwg%2F6BfoGcwylsc6%2FM7wRp5wHtECG5Z7Ffuvu%2F6BXVjJjLTiFjjcl3z%2BM%2F%2FTuw5bcdDn2l3ycvSYrTEHdTQlqQpQxV0fR50tDKWklUPrgwtXp2TvdNHnvSlqXZszxTg367uAwu9uw0QY6rAKw6ejecdP8ZQ45dk73KWeJl1w8hn0aWvUHRTIVKV5FizKeOv%2FKQrQ8loAJ4v8IA4v3LA2uIolG9DKOFJfI6WA0uOkIdrcoJhI9r92t%2FG7XPE4KhnWAgAPFY3AWvo0rikBjSXc%2Fu2k9BANoqkG4tXWux6YgvS8CaeZ3p8Pei%2Fv1uLYXUyAQBDMcwv1TGYQAlef3fo9eSN8wUKo3%2FzqHHKyq%2BZFX08HAw7lVlzmUedF8P8e0nj0EK2ohDmfh5VnjDC5hBWBJvzFCugkf9ZGTljbZTyMZNRM46YMmyjmZXyqsAD1JBNce%2F3YEcTPTe54157nE1JHri3DwyFQtIReTxa%2BpJenYenfN30QJNf%2Fy3vGc0ObBk8TonskU4%2B%2F2aaU9hTdOQEmdLW6sW2UtTV8%3D&X-Amz-Signature=cafa53c4a5b37c22b833dbbab4828837de83e6138f3d858442e3f9b31ea54c9e&X-Amz-SignedHeaders=host&response-content-disposition=inline
Aryana Roach,bdthomas@yahoo.com,Site Mgr,"Lockheed Martin Corporate – Denver, CO","Delta - Detroit, MI",02/26/2021,5:00 PM,(666) 666-6680,"$9,860.00",Night,https://cdn.4insite.com/assets/r6a0300477ef845958b163ae8a10bf2e3_IC_t.jpg,https://cdn.4insite.com/assets/r32c977234fe949efb2318c4db1ba0de4_ProfilePic_091056_t.png?X-Amz-Algorithm=AWS4-HMAC-SHA256&X-Amz-Content-Sha256=UNSIGNED-PAYLOAD&X-Amz-Credential=ASIA3P5EIQBK2EAQQJGJ%2F20260612%2Fus-west-2%2Fs3%2Faws4_request&X-Amz-Date=20260612T182822Z&X-Amz-Expires=300&X-Amz-Security-Token=IQoJb3JpZ2luX2VjEFMaCXVzLXdlc3QtMiJIMEYCIQD7KMRDZFJWYkfGCdXYApkS8K5vx6Z0M%2F6glnpxwSJ0jQIhAP3ShKjrMYxejB3Nt%2B9np%2Buje6TcRvAqgNycgnVOQ3ucKu0CCBwQBBoMNzkwMDgxNjAxNjIxIgwHgLc7ZY7sW841rFEqygJy%2BOAkHJMI%2BAajjHps6ZmL%2FZiXZ8KpOCPeJcLFc2HJmV%2BkS5AS%2BO0PtVkBv3Q4n0veLZ%2FqH3fVLFXBfj4t7W0TQ85CnCnBNXv1E7VAH2dp2qr2X2x7CRChFs5BMNXuxLo1nOnhlgPPtvWy%2BZqTaiP%2FksKv7BXWKtcB2fJkIJlkHXmA66EcGkcXPeSrLJYzb8MmXHxBfpCkn5PtDPg75CGm1JRrPwRhkRojfMlhBn39YcwtXSqbMc4%2F58clKYnArfOxaaDEdV4cYA7iizEftKNKmZxMmRn3%2B9Q8YGBTtZn3UjpWFyV69rXDwg%2F6BfoGcwylsc6%2FM7wRp5wHtECG5Z7Ffuvu%2F6BXVjJjLTiFjjcl3z%2BM%2F%2FTuw5bcdDn2l3ycvSYrTEHdTQlqQpQxV0fR50tDKWklUPrgwtXp2TvdNHnvSlqXZszxTg367uAwu9uw0QY6rAKw6ejecdP8ZQ45dk73KWeJl1w8hn0aWvUHRTIVKV5FizKeOv%2FKQrQ8loAJ4v8IA4v3LA2uIolG9DKOFJfI6WA0uOkIdrcoJhI9r92t%2FG7XPE4KhnWAgAPFY3AWvo0rikBjSXc%2Fu2k9BANoqkG4tXWux6YgvS8CaeZ3p8Pei%2Fv1uLYXUyAQBDMcwv1TGYQAlef3fo9eSN8wUKo3%2FzqHHKyq%2BZFX08HAw7lVlzmUedF8P8e0nj0EK2ohDmfh5VnjDC5hBWBJvzFCugkf9ZGTljbZTyMZNRM46YMmyjmZXyqsAD1JBNce%2F3YEcTPTe54157nE1JHri3DwyFQtIReTxa%2BpJenYenfN30QJNf%2Fy3vGc0ObBk8TonskU4%2B%2F2aaU9hTdOQEmdLW6sW2UtTV8%3D&X-Amz-Signature=124136e06cc14da8e82f661cf78edb492cc317153b4ffb6f018ab1a9211d77e8&X-Amz-SignedHeaders=host&response-content-disposition=inline
Nia Love,mahbub@icloud.com,Sr Site Mgr,Iron Mountain Singapore (CBRE) – Tuas,Microsoft (CBRE) – Puget Sound (CBRE),07/24/2021,7:05 PM,(888) 888-8903,$254.00,Swing,https://cdn.4insite.com/assets/rd21b0bb312b141cd85c2cb8b412f7929_Image2_t.jpg,https://cdn.4insite.com/assets/r2d096b1a4ca24d0ea8034d7a248f708e_78321_t.png?X-Amz-Algorithm=AWS4-HMAC-SHA256&X-Amz-Content-Sha256=UNSIGNED-PAYLOAD&X-Amz-Credential=ASIA3P5EIQBK2EAQQJGJ%2F20260612%2Fus-west-2%2Fs3%2Faws4_request&X-Amz-Date=20260612T182822Z&X-Amz-Expires=300&X-Amz-Security-Token=IQoJb3JpZ2luX2VjEFMaCXVzLXdlc3QtMiJIMEYCIQD7KMRDZFJWYkfGCdXYApkS8K5vx6Z0M%2F6glnpxwSJ0jQIhAP3ShKjrMYxejB3Nt%2B9np%2Buje6TcRvAqgNycgnVOQ3ucKu0CCBwQBBoMNzkwMDgxNjAxNjIxIgwHgLc7ZY7sW841rFEqygJy%2BOAkHJMI%2BAajjHps6ZmL%2FZiXZ8KpOCPeJcLFc2HJmV%2BkS5AS%2BO0PtVkBv3Q4n0veLZ%2FqH3fVLFXBfj4t7W0TQ85CnCnBNXv1E7VAH2dp2qr2X2x7CRChFs5BMNXuxLo1nOnhlgPPtvWy%2BZqTaiP%2FksKv7BXWKtcB2fJkIJlkHXmA66EcGkcXPeSrLJYzb8MmXHxBfpCkn5PtDPg75CGm1JRrPwRhkRojfMlhBn39YcwtXSqbMc4%2F58clKYnArfOxaaDEdV4cYA7iizEftKNKmZxMmRn3%2B9Q8YGBTtZn3UjpWFyV69rXDwg%2F6BfoGcwylsc6%2FM7wRp5wHtECG5Z7Ffuvu%2F6BXVjJjLTiFjjcl3z%2BM%2F%2FTuw5bcdDn2l3ycvSYrTEHdTQlqQpQxV0fR50tDKWklUPrgwtXp2TvdNHnvSlqXZszxTg367uAwu9uw0QY6rAKw6ejecdP8ZQ45dk73KWeJl1w8hn0aWvUHRTIVKV5FizKeOv%2FKQrQ8loAJ4v8IA4v3LA2uIolG9DKOFJfI6WA0uOkIdrcoJhI9r92t%2FG7XPE4KhnWAgAPFY3AWvo0rikBjSXc%2Fu2k9BANoqkG4tXWux6YgvS8CaeZ3p8Pei%2Fv1uLYXUyAQBDMcwv1TGYQAlef3fo9eSN8wUKo3%2FzqHHKyq%2BZFX08HAw7lVlzmUedF8P8e0nj0EK2ohDmfh5VnjDC5hBWBJvzFCugkf9ZGTljbZTyMZNRM46YMmyjmZXyqsAD1JBNce%2F3YEcTPTe54157nE1JHri3DwyFQtIReTxa%2BpJenYenfN30QJNf%2Fy3vGc0ObBk8TonskU4%2B%2F2aaU9hTdOQEmdLW6sW2UtTV8%3D&X-Amz-Signature=3b3d2aa62d2ee3d5e19d657664b7692fe6f11f1ef9e5bb2f3a772d0707cd3478&X-Amz-SignedHeaders=host&response-content-disposition=inline
Kyleigh Stafford,dmbkiwi@outlook.com,Assoc Site Mgr,"Micron (C&W) – Boise, ID","Delta - LaGuardia, NY",01/02/2020,11:30 AM,(333) 333-3340,"$5,994.00",Graveyard,https://cdn.4insite.com/assets/ba725c4f8816402fa5b98f2bcde79224_LinkedInPic_t.jpg,https://cdn.4insite.com/assets/r1dbcefaac33f472b8bab87d886872314_UberEE_t.png?X-Amz-Algorithm=AWS4-HMAC-SHA256&X-Amz-Content-Sha256=UNSIGNED-PAYLOAD&X-Amz-Credential=ASIA3P5EIQBK2EAQQJGJ%2F20260612%2Fus-west-2%2Fs3%2Faws4_request&X-Amz-Date=20260612T182822Z&X-Amz-Expires=300&X-Amz-Security-Token=IQoJb3JpZ2luX2VjEFMaCXVzLXdlc3QtMiJIMEYCIQD7KMRDZFJWYkfGCdXYApkS8K5vx6Z0M%2F6glnpxwSJ0jQIhAP3ShKjrMYxejB3Nt%2B9np%2Buje6TcRvAqgNycgnVOQ3ucKu0CCBwQBBoMNzkwMDgxNjAxNjIxIgwHgLc7ZY7sW841rFEqygJy%2BOAkHJMI%2BAajjHps6ZmL%2FZiXZ8KpOCPeJcLFc2HJmV%2BkS5AS%2BO0PtVkBv3Q4n0veLZ%2FqH3fVLFXBfj4t7W0TQ85CnCnBNXv1E7VAH2dp2qr2X2x7CRChFs5BMNXuxLo1nOnhlgPPtvWy%2BZqTaiP%2FksKv7BXWKtcB2fJkIJlkHXmA66EcGkcXPeSrLJYzb8MmXHxBfpCkn5PtDPg75CGm1JRrPwRhkRojfMlhBn39YcwtXSqbMc4%2F58clKYnArfOxaaDEdV4cYA7iizEftKNKmZxMmRn3%2B9Q8YGBTtZn3UjpWFyV69rXDwg%2F6BfoGcwylsc6%2FM7wRp5wHtECG5Z7Ffuvu%2F6BXVjJjLTiFjjcl3z%2BM%2F%2FTuw5bcdDn2l3ycvSYrTEHdTQlqQpQxV0fR50tDKWklUPrgwtXp2TvdNHnvSlqXZszxTg367uAwu9uw0QY6rAKw6ejecdP8ZQ45dk73KWeJl1w8hn0aWvUHRTIVKV5FizKeOv%2FKQrQ8loAJ4v8IA4v3LA2uIolG9DKOFJfI6WA0uOkIdrcoJhI9r92t%2FG7XPE4KhnWAgAPFY3AWvo0rikBjSXc%2Fu2k9BANoqkG4tXWux6YgvS8CaeZ3p8Pei%2Fv1uLYXUyAQBDMcwv1TGYQAlef3fo9eSN8wUKo3%2FzqHHKyq%2BZFX08HAw7lVlzmUedF8P8e0nj0EK2ohDmfh5VnjDC5hBWBJvzFCugkf9ZGTljbZTyMZNRM46YMmyjmZXyqsAD1JBNce%2F3YEcTPTe54157nE1JHri3DwyFQtIReTxa%2BpJenYenfN30QJNf%2Fy3vGc0ObBk8TonskU4%2B%2F2aaU9hTdOQEmdLW6sW2UtTV8%3D&X-Amz-Signature=4827ef774cf40f00787e3ceedc3b7de53a0f3e55db61f38a500b0f25a8c8197a&X-Amz-SignedHeaders=host&response-content-disposition=inline
Ally Maddox,sinclair@aol.com,Account Mgr,"HP (JLL) – Aguadilla, PR ","Delta - Detroit, MI",01/24/2020,2:50 PM,(777) 777-7788,$287.00,Day,https://cdn.4insite.com/assets/rc0b14e234d184d7b9308430dba200ccc_IMG_20260507_114418_t.png,https://cdn.4insite.com/assets/r0a1cee2e179841c9b22f813f635edc13_portrait_t.png?X-Amz-Algorithm=AWS4-HMAC-SHA256&X-Amz-Content-Sha256=UNSIGNED-PAYLOAD&X-Amz-Credential=ASIA3P5EIQBK2EAQQJGJ%2F20260612%2Fus-west-2%2Fs3%2Faws4_request&X-Amz-Date=20260612T182822Z&X-Amz-Expires=300&X-Amz-Security-Token=IQoJb3JpZ2luX2VjEFMaCXVzLXdlc3QtMiJIMEYCIQD7KMRDZFJWYkfGCdXYApkS8K5vx6Z0M%2F6glnpxwSJ0jQIhAP3ShKjrMYxejB3Nt%2B9np%2Buje6TcRvAqgNycgnVOQ3ucKu0CCBwQBBoMNzkwMDgxNjAxNjIxIgwHgLc7ZY7sW841rFEqygJy%2BOAkHJMI%2BAajjHps6ZmL%2FZiXZ8KpOCPeJcLFc2HJmV%2BkS5AS%2BO0PtVkBv3Q4n0veLZ%2FqH3fVLFXBfj4t7W0TQ85CnCnBNXv1E7VAH2dp2qr2X2x7CRChFs5BMNXuxLo1nOnhlgPPtvWy%2BZqTaiP%2FksKv7BXWKtcB2fJkIJlkHXmA66EcGkcXPeSrLJYzb8MmXHxBfpCkn5PtDPg75CGm1JRrPwRhkRojfMlhBn39YcwtXSqbMc4%2F58clKYnArfOxaaDEdV4cYA7iizEftKNKmZxMmRn3%2B9Q8YGBTtZn3UjpWFyV69rXDwg%2F6BfoGcwylsc6%2FM7wRp5wHtECG5Z7Ffuvu%2F6BXVjJjLTiFjjcl3z%2BM%2F%2FTuw5bcdDn2l3ycvSYrTEHdTQlqQpQxV0fR50tDKWklUPrgwtXp2TvdNHnvSlqXZszxTg367uAwu9uw0QY6rAKw6ejecdP8ZQ45dk73KWeJl1w8hn0aWvUHRTIVKV5FizKeOv%2FKQrQ8loAJ4v8IA4v3LA2uIolG9DKOFJfI6WA0uOkIdrcoJhI9r92t%2FG7XPE4KhnWAgAPFY3AWvo0rikBjSXc%2Fu2k9BANoqkG4tXWux6YgvS8CaeZ3p8Pei%2Fv1uLYXUyAQBDMcwv1TGYQAlef3fo9eSN8wUKo3%2FzqHHKyq%2BZFX08HAw7lVlzmUedF8P8e0nj0EK2ohDmfh5VnjDC5hBWBJvzFCugkf9ZGTljbZTyMZNRM46YMmyjmZXyqsAD1JBNce%2F3YEcTPTe54157nE1JHri3DwyFQtIReTxa%2BpJenYenfN30QJNf%2Fy3vGc0ObBk8TonskU4%2B%2F2aaU9hTdOQEmdLW6sW2UtTV8%3D&X-Amz-Signature=c01b808cf4b89db0d15ac5d4cdb2db34db6f636a0c09e301b33845735b38b565&X-Amz-SignedHeaders=host&response-content-disposition=inline
Adelaide Chan,daveed@live.com,Account Dir,General Dynamics – Bloomington,Microsoft (CBRE) – Puget Sound (CBRE),10/12/2020,7:00 AM,(333) 333-3334,"$1,139.00",Night,https://cdn.4insite.com/assets/270f1c6b1f674897871279e472bbbb59_Madeleine_Nelson_29437_Websize_t.jpg,https://cdn.4insite.com/assets/fca0e506f7bf41a798f7c415a0d3833b_Pic.Med_t.png?X-Amz-Algorithm=AWS4-HMAC-SHA256&X-Amz-Content-Sha256=UNSIGNED-PAYLOAD&X-Amz-Credential=ASIA3P5EIQBK2EAQQJGJ%2F20260612%2Fus-west-2%2Fs3%2Faws4_request&X-Amz-Date=20260612T182822Z&X-Amz-Expires=300&X-Amz-Security-Token=IQoJb3JpZ2luX2VjEFMaCXVzLXdlc3QtMiJIMEYCIQD7KMRDZFJWYkfGCdXYApkS8K5vx6Z0M%2F6glnpxwSJ0jQIhAP3ShKjrMYxejB3Nt%2B9np%2Buje6TcRvAqgNycgnVOQ3ucKu0CCBwQBBoMNzkwMDgxNjAxNjIxIgwHgLc7ZY7sW841rFEqygJy%2BOAkHJMI%2BAajjHps6ZmL%2FZiXZ8KpOCPeJcLFc2HJmV%2BkS5AS%2BO0PtVkBv3Q4n0veLZ%2FqH3fVLFXBfj4t7W0TQ85CnCnBNXv1E7VAH2dp2qr2X2x7CRChFs5BMNXuxLo1nOnhlgPPtvWy%2BZqTaiP%2FksKv7BXWKtcB2fJkIJlkHXmA66EcGkcXPeSrLJYzb8MmXHxBfpCkn5PtDPg75CGm1JRrPwRhkRojfMlhBn39YcwtXSqbMc4%2F58clKYnArfOxaaDEdV4cYA7iizEftKNKmZxMmRn3%2B9Q8YGBTtZn3UjpWFyV69rXDwg%2F6BfoGcwylsc6%2FM7wRp5wHtECG5Z7Ffuvu%2F6BXVjJjLTiFjjcl3z%2BM%2F%2FTuw5bcdDn2l3ycvSYrTEHdTQlqQpQxV0fR50tDKWklUPrgwtXp2TvdNHnvSlqXZszxTg367uAwu9uw0QY6rAKw6ejecdP8ZQ45dk73KWeJl1w8hn0aWvUHRTIVKV5FizKeOv%2FKQrQ8loAJ4v8IA4v3LA2uIolG9DKOFJfI6WA0uOkIdrcoJhI9r92t%2FG7XPE4KhnWAgAPFY3AWvo0rikBjSXc%2Fu2k9BANoqkG4tXWux6YgvS8CaeZ3p8Pei%2Fv1uLYXUyAQBDMcwv1TGYQAlef3fo9eSN8wUKo3%2FzqHHKyq%2BZFX08HAw7lVlzmUedF8P8e0nj0EK2ohDmfh5VnjDC5hBWBJvzFCugkf9ZGTljbZTyMZNRM46YMmyjmZXyqsAD1JBNce%2F3YEcTPTe54157nE1JHri3DwyFQtIReTxa%2BpJenYenfN30QJNf%2Fy3vGc0ObBk8TonskU4%2B%2F2aaU9hTdOQEmdLW6sW2UtTV8%3D&X-Amz-Signature=2855d231249686bf93579edfea06cec83bae2050559ad087907a1d137b2fa658&X-Amz-SignedHeaders=host&response-content-disposition=inline
Oscar Davis,bcevc@hotmail.com,Site Mgr,"GE Aviation – Terre Haute, IN","Delta - LaGuardia, NY",02/07/2022,10:10 AM,(555) 555-5560,"$9,234.00",Swing,https://cdn.4insite.com/assets/29f21b1b30ec4ec1b13c33bec2a1733e_1000000709_t.jpg,https://cdn.4insite.com/assets/efefa9b9532a4182bf4b181ac1290f2e_JohnSimHeadshot_t.png?X-Amz-Algorithm=AWS4-HMAC-SHA256&X-Amz-Content-Sha256=UNSIGNED-PAYLOAD&X-Amz-Credential=ASIA3P5EIQBK2EAQQJGJ%2F20260612%2Fus-west-2%2Fs3%2Faws4_request&X-Amz-Date=20260612T182822Z&X-Amz-Expires=300&X-Amz-Security-Token=IQoJb3JpZ2luX2VjEFMaCXVzLXdlc3QtMiJIMEYCIQD7KMRDZFJWYkfGCdXYApkS8K5vx6Z0M%2F6glnpxwSJ0jQIhAP3ShKjrMYxejB3Nt%2B9np%2Buje6TcRvAqgNycgnVOQ3ucKu0CCBwQBBoMNzkwMDgxNjAxNjIxIgwHgLc7ZY7sW841rFEqygJy%2BOAkHJMI%2BAajjHps6ZmL%2FZiXZ8KpOCPeJcLFc2HJmV%2BkS5AS%2BO0PtVkBv3Q4n0veLZ%2FqH3fVLFXBfj4t7W0TQ85CnCnBNXv1E7VAH2dp2qr2X2x7CRChFs5BMNXuxLo1nOnhlgPPtvWy%2BZqTaiP%2FksKv7BXWKtcB2fJkIJlkHXmA66EcGkcXPeSrLJYzb8MmXHxBfpCkn5PtDPg75CGm1JRrPwRhkRojfMlhBn39YcwtXSqbMc4%2F58clKYnArfOxaaDEdV4cYA7iizEftKNKmZxMmRn3%2B9Q8YGBTtZn3UjpWFyV69rXDwg%2F6BfoGcwylsc6%2FM7wRp5wHtECG5Z7Ffuvu%2F6BXVjJjLTiFjjcl3z%2BM%2F%2FTuw5bcdDn2l3ycvSYrTEHdTQlqQpQxV0fR50tDKWklUPrgwtXp2TvdNHnvSlqXZszxTg367uAwu9uw0QY6rAKw6ejecdP8ZQ45dk73KWeJl1w8hn0aWvUHRTIVKV5FizKeOv%2FKQrQ8loAJ4v8IA4v3LA2uIolG9DKOFJfI6WA0uOkIdrcoJhI9r92t%2FG7XPE4KhnWAgAPFY3AWvo0rikBjSXc%2Fu2k9BANoqkG4tXWux6YgvS8CaeZ3p8Pei%2Fv1uLYXUyAQBDMcwv1TGYQAlef3fo9eSN8wUKo3%2FzqHHKyq%2BZFX08HAw7lVlzmUedF8P8e0nj0EK2ohDmfh5VnjDC5hBWBJvzFCugkf9ZGTljbZTyMZNRM46YMmyjmZXyqsAD1JBNce%2F3YEcTPTe54157nE1JHri3DwyFQtIReTxa%2BpJenYenfN30QJNf%2Fy3vGc0ObBk8TonskU4%2B%2F2aaU9hTdOQEmdLW6sW2UtTV8%3D&X-Amz-Signature=d6b8cf4f5a18812203fe106bac29e18ec7a9eb863d6d870a3079d9bae4dd8876&X-Amz-SignedHeaders=host&response-content-disposition=inline
Stephen Esparza,rtanter@comcast.net,Sr Site Mgr,Uber (CBRE) – Burbank,"Delta - Detroit, MI",04/22/2022,4:15 PM,(666) 666-6679,"$6,482.00",Graveyard,https://cdn.4insite.com/assets/237e366e4e8e4bf5a23c9af7162b3b56_JoseProfilepic_t.jpg,https://cdn.4insite.com/assets/d59260db4c624794aa21a73c958b5e09_FB_IMG_1750046846456_t.png?X-Amz-Algorithm=AWS4-HMAC-SHA256&X-Amz-Content-Sha256=UNSIGNED-PAYLOAD&X-Amz-Credential=ASIA3P5EIQBK2EAQQJGJ%2F20260612%2Fus-west-2%2Fs3%2Faws4_request&X-Amz-Date=20260612T182822Z&X-Amz-Expires=300&X-Amz-Security-Token=IQoJb3JpZ2luX2VjEFMaCXVzLXdlc3QtMiJIMEYCIQD7KMRDZFJWYkfGCdXYApkS8K5vx6Z0M%2F6glnpxwSJ0jQIhAP3ShKjrMYxejB3Nt%2B9np%2Buje6TcRvAqgNycgnVOQ3ucKu0CCBwQBBoMNzkwMDgxNjAxNjIxIgwHgLc7ZY7sW841rFEqygJy%2BOAkHJMI%2BAajjHps6ZmL%2FZiXZ8KpOCPeJcLFc2HJmV%2BkS5AS%2BO0PtVkBv3Q4n0veLZ%2FqH3fVLFXBfj4t7W0TQ85CnCnBNXv1E7VAH2dp2qr2X2x7CRChFs5BMNXuxLo1nOnhlgPPtvWy%2BZqTaiP%2FksKv7BXWKtcB2fJkIJlkHXmA66EcGkcXPeSrLJYzb8MmXHxBfpCkn5PtDPg75CGm1JRrPwRhkRojfMlhBn39YcwtXSqbMc4%2F58clKYnArfOxaaDEdV4cYA7iizEftKNKmZxMmRn3%2B9Q8YGBTtZn3UjpWFyV69rXDwg%2F6BfoGcwylsc6%2FM7wRp5wHtECG5Z7Ffuvu%2F6BXVjJjLTiFjjcl3z%2BM%2F%2FTuw5bcdDn2l3ycvSYrTEHdTQlqQpQxV0fR50tDKWklUPrgwtXp2TvdNHnvSlqXZszxTg367uAwu9uw0QY6rAKw6ejecdP8ZQ45dk73KWeJl1w8hn0aWvUHRTIVKV5FizKeOv%2FKQrQ8loAJ4v8IA4v3LA2uIolG9DKOFJfI6WA0uOkIdrcoJhI9r92t%2FG7XPE4KhnWAgAPFY3AWvo0rikBjSXc%2Fu2k9BANoqkG4tXWux6YgvS8CaeZ3p8Pei%2Fv1uLYXUyAQBDMcwv1TGYQAlef3fo9eSN8wUKo3%2FzqHHKyq%2BZFX08HAw7lVlzmUedF8P8e0nj0EK2ohDmfh5VnjDC5hBWBJvzFCugkf9ZGTljbZTyMZNRM46YMmyjmZXyqsAD1JBNce%2F3YEcTPTe54157nE1JHri3DwyFQtIReTxa%2BpJenYenfN30QJNf%2Fy3vGc0ObBk8TonskU4%2B%2F2aaU9hTdOQEmdLW6sW2UtTV8%3D&X-Amz-Signature=971ed70553b0464c2b817cf5b3eceb6b68d881c62449ceb50272a042c7160a7e&X-Amz-SignedHeaders=host&response-content-disposition=inline
Asia Berg,crobles@hotmail.com,Assoc Site Mgr,"Microsoft (CBRE) – Puget Sound, WA",Microsoft (CBRE) – Puget Sound (CBRE),05/28/2021,9:10 PM,(555) 555-5570,"$4,351.00",Day,https://cdn.4insite.com/assets/61615d212b634c3fafc1a841455d8f96_TLheadshot_t.jpg,https://cdn.4insite.com/assets/cca80b92793e43c79e40e57a6d83311c_Headshot_t.png?X-Amz-Algorithm=AWS4-HMAC-SHA256&X-Amz-Content-Sha256=UNSIGNED-PAYLOAD&X-Amz-Credential=ASIA3P5EIQBK2EAQQJGJ%2F20260612%2Fus-west-2%2Fs3%2Faws4_request&X-Amz-Date=20260612T182822Z&X-Amz-Expires=300&X-Amz-Security-Token=IQoJb3JpZ2luX2VjEFMaCXVzLXdlc3QtMiJIMEYCIQD7KMRDZFJWYkfGCdXYApkS8K5vx6Z0M%2F6glnpxwSJ0jQIhAP3ShKjrMYxejB3Nt%2B9np%2Buje6TcRvAqgNycgnVOQ3ucKu0CCBwQBBoMNzkwMDgxNjAxNjIxIgwHgLc7ZY7sW841rFEqygJy%2BOAkHJMI%2BAajjHps6ZmL%2FZiXZ8KpOCPeJcLFc2HJmV%2BkS5AS%2BO0PtVkBv3Q4n0veLZ%2FqH3fVLFXBfj4t7W0TQ85CnCnBNXv1E7VAH2dp2qr2X2x7CRChFs5BMNXuxLo1nOnhlgPPtvWy%2BZqTaiP%2FksKv7BXWKtcB2fJkIJlkHXmA66EcGkcXPeSrLJYzb8MmXHxBfpCkn5PtDPg75CGm1JRrPwRhkRojfMlhBn39YcwtXSqbMc4%2F58clKYnArfOxaaDEdV4cYA7iizEftKNKmZxMmRn3%2B9Q8YGBTtZn3UjpWFyV69rXDwg%2F6BfoGcwylsc6%2FM7wRp5wHtECG5Z7Ffuvu%2F6BXVjJjLTiFjjcl3z%2BM%2F%2FTuw5bcdDn2l3ycvSYrTEHdTQlqQpQxV0fR50tDKWklUPrgwtXp2TvdNHnvSlqXZszxTg367uAwu9uw0QY6rAKw6ejecdP8ZQ45dk73KWeJl1w8hn0aWvUHRTIVKV5FizKeOv%2FKQrQ8loAJ4v8IA4v3LA2uIolG9DKOFJfI6WA0uOkIdrcoJhI9r92t%2FG7XPE4KhnWAgAPFY3AWvo0rikBjSXc%2Fu2k9BANoqkG4tXWux6YgvS8CaeZ3p8Pei%2Fv1uLYXUyAQBDMcwv1TGYQAlef3fo9eSN8wUKo3%2FzqHHKyq%2BZFX08HAw7lVlzmUedF8P8e0nj0EK2ohDmfh5VnjDC5hBWBJvzFCugkf9ZGTljbZTyMZNRM46YMmyjmZXyqsAD1JBNce%2F3YEcTPTe54157nE1JHri3DwyFQtIReTxa%2BpJenYenfN30QJNf%2Fy3vGc0ObBk8TonskU4%2B%2F2aaU9hTdOQEmdLW6sW2UtTV8%3D&X-Amz-Signature=0c0a530f44261bdc038a463cae6216610b526f24c1f66dac578b62f16d86971d&X-Amz-SignedHeaders=host&response-content-disposition=inline
Matthew Daniels,animats@mac.com,Account Mgr,"Merck – Boston, MA","Delta - LaGuardia, NY",07/11/2021,3:45 PM,(000) 000-0012,"$1,001.00",Night,https://cdn.4insite.com/assets/8fc5c1f27820489b89882d1077201aa9_Cory_t.jpg,https://cdn.4insite.com/assets/c13088edc05c450eb6aaf9e409785659_thumbnail_image0_t.png?X-Amz-Algorithm=AWS4-HMAC-SHA256&X-Amz-Content-Sha256=UNSIGNED-PAYLOAD&X-Amz-Credential=ASIA3P5EIQBK2EAQQJGJ%2F20260612%2Fus-west-2%2Fs3%2Faws4_request&X-Amz-Date=20260612T182822Z&X-Amz-Expires=300&X-Amz-Security-Token=IQoJb3JpZ2luX2VjEFMaCXVzLXdlc3QtMiJIMEYCIQD7KMRDZFJWYkfGCdXYApkS8K5vx6Z0M%2F6glnpxwSJ0jQIhAP3ShKjrMYxejB3Nt%2B9np%2Buje6TcRvAqgNycgnVOQ3ucKu0CCBwQBBoMNzkwMDgxNjAxNjIxIgwHgLc7ZY7sW841rFEqygJy%2BOAkHJMI%2BAajjHps6ZmL%2FZiXZ8KpOCPeJcLFc2HJmV%2BkS5AS%2BO0PtVkBv3Q4n0veLZ%2FqH3fVLFXBfj4t7W0TQ85CnCnBNXv1E7VAH2dp2qr2X2x7CRChFs5BMNXuxLo1nOnhlgPPtvWy%2BZqTaiP%2FksKv7BXWKtcB2fJkIJlkHXmA66EcGkcXPeSrLJYzb8MmXHxBfpCkn5PtDPg75CGm1JRrPwRhkRojfMlhBn39YcwtXSqbMc4%2F58clKYnArfOxaaDEdV4cYA7iizEftKNKmZxMmRn3%2B9Q8YGBTtZn3UjpWFyV69rXDwg%2F6BfoGcwylsc6%2FM7wRp5wHtECG5Z7Ffuvu%2F6BXVjJjLTiFjjcl3z%2BM%2F%2FTuw5bcdDn2l3ycvSYrTEHdTQlqQpQxV0fR50tDKWklUPrgwtXp2TvdNHnvSlqXZszxTg367uAwu9uw0QY6rAKw6ejecdP8ZQ45dk73KWeJl1w8hn0aWvUHRTIVKV5FizKeOv%2FKQrQ8loAJ4v8IA4v3LA2uIolG9DKOFJfI6WA0uOkIdrcoJhI9r92t%2FG7XPE4KhnWAgAPFY3AWvo0rikBjSXc%2Fu2k9BANoqkG4tXWux6YgvS8CaeZ3p8Pei%2Fv1uLYXUyAQBDMcwv1TGYQAlef3fo9eSN8wUKo3%2FzqHHKyq%2BZFX08HAw7lVlzmUedF8P8e0nj0EK2ohDmfh5VnjDC5hBWBJvzFCugkf9ZGTljbZTyMZNRM46YMmyjmZXyqsAD1JBNce%2F3YEcTPTe54157nE1JHri3DwyFQtIReTxa%2BpJenYenfN30QJNf%2Fy3vGc0ObBk8TonskU4%2B%2F2aaU9hTdOQEmdLW6sW2UtTV8%3D&X-Amz-Signature=645984a83ef9952fde2c9f5f96fb368e6a1a83dafa7fbd9f1886eb434d0311f4&X-Amz-SignedHeaders=host&response-content-disposition=inline
Viviana Abbott,cfhsoft@optonline.net,Account Dir,"Genentech – Hillsboro, OR","Delta - Detroit, MI",07/01/2021,5:25 PM,(666) 666-6679,"$5,666.00",Swing,https://cdn.4insite.com/assets/95213175388a42e2853c7f8b7c179da6_20230417_074714_t.jpg,https://cdn.4insite.com/assets/b8b0155003b141ec97c94c251ecbf1ad_b0d2d80c36974c318013ee5b1d157348_t.png?X-Amz-Algorithm=AWS4-HMAC-SHA256&X-Amz-Content-Sha256=UNSIGNED-PAYLOAD&X-Amz-Credential=ASIA3P5EIQBK2EAQQJGJ%2F20260612%2Fus-west-2%2Fs3%2Faws4_request&X-Amz-Date=20260612T182822Z&X-Amz-Expires=300&X-Amz-Security-Token=IQoJb3JpZ2luX2VjEFMaCXVzLXdlc3QtMiJIMEYCIQD7KMRDZFJWYkfGCdXYApkS8K5vx6Z0M%2F6glnpxwSJ0jQIhAP3ShKjrMYxejB3Nt%2B9np%2Buje6TcRvAqgNycgnVOQ3ucKu0CCBwQBBoMNzkwMDgxNjAxNjIxIgwHgLc7ZY7sW841rFEqygJy%2BOAkHJMI%2BAajjHps6ZmL%2FZiXZ8KpOCPeJcLFc2HJmV%2BkS5AS%2BO0PtVkBv3Q4n0veLZ%2FqH3fVLFXBfj4t7W0TQ85CnCnBNXv1E7VAH2dp2qr2X2x7CRChFs5BMNXuxLo1nOnhlgPPtvWy%2BZqTaiP%2FksKv7BXWKtcB2fJkIJlkHXmA66EcGkcXPeSrLJYzb8MmXHxBfpCkn5PtDPg75CGm1JRrPwRhkRojfMlhBn39YcwtXSqbMc4%2F58clKYnArfOxaaDEdV4cYA7iizEftKNKmZxMmRn3%2B9Q8YGBTtZn3UjpWFyV69rXDwg%2F6BfoGcwylsc6%2FM7wRp5wHtECG5Z7Ffuvu%2F6BXVjJjLTiFjjcl3z%2BM%2F%2FTuw5bcdDn2l3ycvSYrTEHdTQlqQpQxV0fR50tDKWklUPrgwtXp2TvdNHnvSlqXZszxTg367uAwu9uw0QY6rAKw6ejecdP8ZQ45dk73KWeJl1w8hn0aWvUHRTIVKV5FizKeOv%2FKQrQ8loAJ4v8IA4v3LA2uIolG9DKOFJfI6WA0uOkIdrcoJhI9r92t%2FG7XPE4KhnWAgAPFY3AWvo0rikBjSXc%2Fu2k9BANoqkG4tXWux6YgvS8CaeZ3p8Pei%2Fv1uLYXUyAQBDMcwv1TGYQAlef3fo9eSN8wUKo3%2FzqHHKyq%2BZFX08HAw7lVlzmUedF8P8e0nj0EK2ohDmfh5VnjDC5hBWBJvzFCugkf9ZGTljbZTyMZNRM46YMmyjmZXyqsAD1JBNce%2F3YEcTPTe54157nE1JHri3DwyFQtIReTxa%2BpJenYenfN30QJNf%2Fy3vGc0ObBk8TonskU4%2B%2F2aaU9hTdOQEmdLW6sW2UtTV8%3D&X-Amz-Signature=0c3b86b05f0b324ad05b9ec390f353a1ad054f5f7916cb91244f30c8b3d87831&X-Amz-SignedHeaders=host&response-content-disposition=inline
Braxton Joyce,amimojo@aol.com,Site Mgr,"HP (JLL) – Palo Alto, CA",Microsoft (CBRE) – Puget Sound (CBRE),04/17/2021,2:00 PM,(666) 666-6676,"$7,324.00",Graveyard,https://cdn.4insite.com/assets/d59260db4c624794aa21a73c958b5e09_FB_IMG_1750046846456_t.jpg,https://cdn.4insite.com/assets/b410b7defaf74300a45a5d7613d4d26e_1000001389_t.png?X-Amz-Algorithm=AWS4-HMAC-SHA256&X-Amz-Content-Sha256=UNSIGNED-PAYLOAD&X-Amz-Credential=ASIA3P5EIQBK2EAQQJGJ%2F20260612%2Fus-west-2%2Fs3%2Faws4_request&X-Amz-Date=20260612T182822Z&X-Amz-Expires=300&X-Amz-Security-Token=IQoJb3JpZ2luX2VjEFMaCXVzLXdlc3QtMiJIMEYCIQD7KMRDZFJWYkfGCdXYApkS8K5vx6Z0M%2F6glnpxwSJ0jQIhAP3ShKjrMYxejB3Nt%2B9np%2Buje6TcRvAqgNycgnVOQ3ucKu0CCBwQBBoMNzkwMDgxNjAxNjIxIgwHgLc7ZY7sW841rFEqygJy%2BOAkHJMI%2BAajjHps6ZmL%2FZiXZ8KpOCPeJcLFc2HJmV%2BkS5AS%2BO0PtVkBv3Q4n0veLZ%2FqH3fVLFXBfj4t7W0TQ85CnCnBNXv1E7VAH2dp2qr2X2x7CRChFs5BMNXuxLo1nOnhlgPPtvWy%2BZqTaiP%2FksKv7BXWKtcB2fJkIJlkHXmA66EcGkcXPeSrLJYzb8MmXHxBfpCkn5PtDPg75CGm1JRrPwRhkRojfMlhBn39YcwtXSqbMc4%2F58clKYnArfOxaaDEdV4cYA7iizEftKNKmZxMmRn3%2B9Q8YGBTtZn3UjpWFyV69rXDwg%2F6BfoGcwylsc6%2FM7wRp5wHtECG5Z7Ffuvu%2F6BXVjJjLTiFjjcl3z%2BM%2F%2FTuw5bcdDn2l3ycvSYrTEHdTQlqQpQxV0fR50tDKWklUPrgwtXp2TvdNHnvSlqXZszxTg367uAwu9uw0QY6rAKw6ejecdP8ZQ45dk73KWeJl1w8hn0aWvUHRTIVKV5FizKeOv%2FKQrQ8loAJ4v8IA4v3LA2uIolG9DKOFJfI6WA0uOkIdrcoJhI9r92t%2FG7XPE4KhnWAgAPFY3AWvo0rikBjSXc%2Fu2k9BANoqkG4tXWux6YgvS8CaeZ3p8Pei%2Fv1uLYXUyAQBDMcwv1TGYQAlef3fo9eSN8wUKo3%2FzqHHKyq%2BZFX08HAw7lVlzmUedF8P8e0nj0EK2ohDmfh5VnjDC5hBWBJvzFCugkf9ZGTljbZTyMZNRM46YMmyjmZXyqsAD1JBNce%2F3YEcTPTe54157nE1JHri3DwyFQtIReTxa%2BpJenYenfN30QJNf%2Fy3vGc0ObBk8TonskU4%2B%2F2aaU9hTdOQEmdLW6sW2UtTV8%3D&X-Amz-Signature=468514fb9163c1d963a2fac243e50cbff7fdd6966494be25c5af4c224d9a81c9&X-Amz-SignedHeaders=host&response-content-disposition=inline
Theresa Salazar,tedrlord@comcast.net,Sr Site Mgr,Hasbro (JLL) – Central Falls,"Delta - LaGuardia, NY",10/21/2021,7:40 AM,(222) 222-224,"$8,244.00",Day,https://cdn.4insite.com/assets/rc7c1a163596546e097a3312917128ab4_be_t.jpg,https://cdn.4insite.com/assets/b285f90a676f4b62b0d2fb74a940bae3_REALESTATEPIC_t.png?X-Amz-Algorithm=AWS4-HMAC-SHA256&X-Amz-Content-Sha256=UNSIGNED-PAYLOAD&X-Amz-Credential=ASIA3P5EIQBK2EAQQJGJ%2F20260612%2Fus-west-2%2Fs3%2Faws4_request&X-Amz-Date=20260612T182822Z&X-Amz-Expires=300&X-Amz-Security-Token=IQoJb3JpZ2luX2VjEFMaCXVzLXdlc3QtMiJIMEYCIQD7KMRDZFJWYkfGCdXYApkS8K5vx6Z0M%2F6glnpxwSJ0jQIhAP3ShKjrMYxejB3Nt%2B9np%2Buje6TcRvAqgNycgnVOQ3ucKu0CCBwQBBoMNzkwMDgxNjAxNjIxIgwHgLc7ZY7sW841rFEqygJy%2BOAkHJMI%2BAajjHps6ZmL%2FZiXZ8KpOCPeJcLFc2HJmV%2BkS5AS%2BO0PtVkBv3Q4n0veLZ%2FqH3fVLFXBfj4t7W0TQ85CnCnBNXv1E7VAH2dp2qr2X2x7CRChFs5BMNXuxLo1nOnhlgPPtvWy%2BZqTaiP%2FksKv7BXWKtcB2fJkIJlkHXmA66EcGkcXPeSrLJYzb8MmXHxBfpCkn5PtDPg75CGm1JRrPwRhkRojfMlhBn39YcwtXSqbMc4%2F58clKYnArfOxaaDEdV4cYA7iizEftKNKmZxMmRn3%2B9Q8YGBTtZn3UjpWFyV69rXDwg%2F6BfoGcwylsc6%2FM7wRp5wHtECG5Z7Ffuvu%2F6BXVjJjLTiFjjcl3z%2BM%2F%2FTuw5bcdDn2l3ycvSYrTEHdTQlqQpQxV0fR50tDKWklUPrgwtXp2TvdNHnvSlqXZszxTg367uAwu9uw0QY6rAKw6ejecdP8ZQ45dk73KWeJl1w8hn0aWvUHRTIVKV5FizKeOv%2FKQrQ8loAJ4v8IA4v3LA2uIolG9DKOFJfI6WA0uOkIdrcoJhI9r92t%2FG7XPE4KhnWAgAPFY3AWvo0rikBjSXc%2Fu2k9BANoqkG4tXWux6YgvS8CaeZ3p8Pei%2Fv1uLYXUyAQBDMcwv1TGYQAlef3fo9eSN8wUKo3%2FzqHHKyq%2BZFX08HAw7lVlzmUedF8P8e0nj0EK2ohDmfh5VnjDC5hBWBJvzFCugkf9ZGTljbZTyMZNRM46YMmyjmZXyqsAD1JBNce%2F3YEcTPTe54157nE1JHri3DwyFQtIReTxa%2BpJenYenfN30QJNf%2Fy3vGc0ObBk8TonskU4%2B%2F2aaU9hTdOQEmdLW6sW2UtTV8%3D&X-Amz-Signature=4785d93360f0a68cca74cfa54bdb2e0c025ae6b2dbfd86bd8ba86269ab87a018&X-Amz-SignedHeaders=host&response-content-disposition=inline
Oliver House,dimensio@att.net,Assoc Site Mgr,"GE Healthcare – Paducah, KY","Delta - Detroit, MI",06/17/2021,2:05 PM,(777) 777-7787,"$1,813.00",Night,https://cdn.4insite.com/assets/r39179793193e423d898d1724715c3f26_Headshot20264_t.png,https://cdn.4insite.com/assets/b023bd3e186f4a198bc6a16b8730b43e_IMG_4897_t.png?X-Amz-Algorithm=AWS4-HMAC-SHA256&X-Amz-Content-Sha256=UNSIGNED-PAYLOAD&X-Amz-Credential=ASIA3P5EIQBK2EAQQJGJ%2F20260612%2Fus-west-2%2Fs3%2Faws4_request&X-Amz-Date=20260612T182822Z&X-Amz-Expires=300&X-Amz-Security-Token=IQoJb3JpZ2luX2VjEFMaCXVzLXdlc3QtMiJIMEYCIQD7KMRDZFJWYkfGCdXYApkS8K5vx6Z0M%2F6glnpxwSJ0jQIhAP3ShKjrMYxejB3Nt%2B9np%2Buje6TcRvAqgNycgnVOQ3ucKu0CCBwQBBoMNzkwMDgxNjAxNjIxIgwHgLc7ZY7sW841rFEqygJy%2BOAkHJMI%2BAajjHps6ZmL%2FZiXZ8KpOCPeJcLFc2HJmV%2BkS5AS%2BO0PtVkBv3Q4n0veLZ%2FqH3fVLFXBfj4t7W0TQ85CnCnBNXv1E7VAH2dp2qr2X2x7CRChFs5BMNXuxLo1nOnhlgPPtvWy%2BZqTaiP%2FksKv7BXWKtcB2fJkIJlkHXmA66EcGkcXPeSrLJYzb8MmXHxBfpCkn5PtDPg75CGm1JRrPwRhkRojfMlhBn39YcwtXSqbMc4%2F58clKYnArfOxaaDEdV4cYA7iizEftKNKmZxMmRn3%2B9Q8YGBTtZn3UjpWFyV69rXDwg%2F6BfoGcwylsc6%2FM7wRp5wHtECG5Z7Ffuvu%2F6BXVjJjLTiFjjcl3z%2BM%2F%2FTuw5bcdDn2l3ycvSYrTEHdTQlqQpQxV0fR50tDKWklUPrgwtXp2TvdNHnvSlqXZszxTg367uAwu9uw0QY6rAKw6ejecdP8ZQ45dk73KWeJl1w8hn0aWvUHRTIVKV5FizKeOv%2FKQrQ8loAJ4v8IA4v3LA2uIolG9DKOFJfI6WA0uOkIdrcoJhI9r92t%2FG7XPE4KhnWAgAPFY3AWvo0rikBjSXc%2Fu2k9BANoqkG4tXWux6YgvS8CaeZ3p8Pei%2Fv1uLYXUyAQBDMcwv1TGYQAlef3fo9eSN8wUKo3%2FzqHHKyq%2BZFX08HAw7lVlzmUedF8P8e0nj0EK2ohDmfh5VnjDC5hBWBJvzFCugkf9ZGTljbZTyMZNRM46YMmyjmZXyqsAD1JBNce%2F3YEcTPTe54157nE1JHri3DwyFQtIReTxa%2BpJenYenfN30QJNf%2Fy3vGc0ObBk8TonskU4%2B%2F2aaU9hTdOQEmdLW6sW2UtTV8%3D&X-Amz-Signature=e76427c803b53beb74b7e25aca6a664ede4bcfe94fa3d255f2bbf3b79135b630&X-Amz-SignedHeaders=host&response-content-disposition=inline
Asa Padilla,arnold182@icloud.com,Account Mgr,Lockheed Martin Space – North Denver Metro,Microsoft (CBRE) – Puget Sound (CBRE),02/24/2020,6:05 PM,(555) 555-5569,"$4,327.00",Swing,https://cdn.4insite.com/assets/61c4197397a9465383b2fa6fbb46e986_ProfessionalHeadshotCENTERED_t.jpg,https://cdn.4insite.com/assets/a750b029139a49e483b90d485b951f26_IMG_2981_t.png?X-Amz-Algorithm=AWS4-HMAC-SHA256&X-Amz-Content-Sha256=UNSIGNED-PAYLOAD&X-Amz-Credential=ASIA3P5EIQBK2EAQQJGJ%2F20260612%2Fus-west-2%2Fs3%2Faws4_request&X-Amz-Date=20260612T182822Z&X-Amz-Expires=300&X-Amz-Security-Token=IQoJb3JpZ2luX2VjEFMaCXVzLXdlc3QtMiJIMEYCIQD7KMRDZFJWYkfGCdXYApkS8K5vx6Z0M%2F6glnpxwSJ0jQIhAP3ShKjrMYxejB3Nt%2B9np%2Buje6TcRvAqgNycgnVOQ3ucKu0CCBwQBBoMNzkwMDgxNjAxNjIxIgwHgLc7ZY7sW841rFEqygJy%2BOAkHJMI%2BAajjHps6ZmL%2FZiXZ8KpOCPeJcLFc2HJmV%2BkS5AS%2BO0PtVkBv3Q4n0veLZ%2FqH3fVLFXBfj4t7W0TQ85CnCnBNXv1E7VAH2dp2qr2X2x7CRChFs5BMNXuxLo1nOnhlgPPtvWy%2BZqTaiP%2FksKv7BXWKtcB2fJkIJlkHXmA66EcGkcXPeSrLJYzb8MmXHxBfpCkn5PtDPg75CGm1JRrPwRhkRojfMlhBn39YcwtXSqbMc4%2F58clKYnArfOxaaDEdV4cYA7iizEftKNKmZxMmRn3%2B9Q8YGBTtZn3UjpWFyV69rXDwg%2F6BfoGcwylsc6%2FM7wRp5wHtECG5Z7Ffuvu%2F6BXVjJjLTiFjjcl3z%2BM%2F%2FTuw5bcdDn2l3ycvSYrTEHdTQlqQpQxV0fR50tDKWklUPrgwtXp2TvdNHnvSlqXZszxTg367uAwu9uw0QY6rAKw6ejecdP8ZQ45dk73KWeJl1w8hn0aWvUHRTIVKV5FizKeOv%2FKQrQ8loAJ4v8IA4v3LA2uIolG9DKOFJfI6WA0uOkIdrcoJhI9r92t%2FG7XPE4KhnWAgAPFY3AWvo0rikBjSXc%2Fu2k9BANoqkG4tXWux6YgvS8CaeZ3p8Pei%2Fv1uLYXUyAQBDMcwv1TGYQAlef3fo9eSN8wUKo3%2FzqHHKyq%2BZFX08HAw7lVlzmUedF8P8e0nj0EK2ohDmfh5VnjDC5hBWBJvzFCugkf9ZGTljbZTyMZNRM46YMmyjmZXyqsAD1JBNce%2F3YEcTPTe54157nE1JHri3DwyFQtIReTxa%2BpJenYenfN30QJNf%2Fy3vGc0ObBk8TonskU4%2B%2F2aaU9hTdOQEmdLW6sW2UtTV8%3D&X-Amz-Signature=6a6595c201139647fde3a92c4b72f6032600e40639e54fe81c8a5c2c8b7d96c3&X-Amz-SignedHeaders=host&response-content-disposition=inline
Glenn Kirby,amcuri@outlook.com,Account Dir,"Lockheed Martin Corporate – Denver, CO","Delta - LaGuardia, NY",06/26/2021,8:10 AM,(888) 888-8890,"$1,392.00",Graveyard,https://cdn.4insite.com/assets/3945ad92d52340539a4c70a4e02045bc_ahmed_t.jpg,https://cdn.4insite.com/assets/a686535912b44ebca3bc8933686b93e9_jhfgyuf_t.png?X-Amz-Algorithm=AWS4-HMAC-SHA256&X-Amz-Content-Sha256=UNSIGNED-PAYLOAD&X-Amz-Credential=ASIA3P5EIQBK2EAQQJGJ%2F20260612%2Fus-west-2%2Fs3%2Faws4_request&X-Amz-Date=20260612T182822Z&X-Amz-Expires=300&X-Amz-Security-Token=IQoJb3JpZ2luX2VjEFMaCXVzLXdlc3QtMiJIMEYCIQD7KMRDZFJWYkfGCdXYApkS8K5vx6Z0M%2F6glnpxwSJ0jQIhAP3ShKjrMYxejB3Nt%2B9np%2Buje6TcRvAqgNycgnVOQ3ucKu0CCBwQBBoMNzkwMDgxNjAxNjIxIgwHgLc7ZY7sW841rFEqygJy%2BOAkHJMI%2BAajjHps6ZmL%2FZiXZ8KpOCPeJcLFc2HJmV%2BkS5AS%2BO0PtVkBv3Q4n0veLZ%2FqH3fVLFXBfj4t7W0TQ85CnCnBNXv1E7VAH2dp2qr2X2x7CRChFs5BMNXuxLo1nOnhlgPPtvWy%2BZqTaiP%2FksKv7BXWKtcB2fJkIJlkHXmA66EcGkcXPeSrLJYzb8MmXHxBfpCkn5PtDPg75CGm1JRrPwRhkRojfMlhBn39YcwtXSqbMc4%2F58clKYnArfOxaaDEdV4cYA7iizEftKNKmZxMmRn3%2B9Q8YGBTtZn3UjpWFyV69rXDwg%2F6BfoGcwylsc6%2FM7wRp5wHtECG5Z7Ffuvu%2F6BXVjJjLTiFjjcl3z%2BM%2F%2FTuw5bcdDn2l3ycvSYrTEHdTQlqQpQxV0fR50tDKWklUPrgwtXp2TvdNHnvSlqXZszxTg367uAwu9uw0QY6rAKw6ejecdP8ZQ45dk73KWeJl1w8hn0aWvUHRTIVKV5FizKeOv%2FKQrQ8loAJ4v8IA4v3LA2uIolG9DKOFJfI6WA0uOkIdrcoJhI9r92t%2FG7XPE4KhnWAgAPFY3AWvo0rikBjSXc%2Fu2k9BANoqkG4tXWux6YgvS8CaeZ3p8Pei%2Fv1uLYXUyAQBDMcwv1TGYQAlef3fo9eSN8wUKo3%2FzqHHKyq%2BZFX08HAw7lVlzmUedF8P8e0nj0EK2ohDmfh5VnjDC5hBWBJvzFCugkf9ZGTljbZTyMZNRM46YMmyjmZXyqsAD1JBNce%2F3YEcTPTe54157nE1JHri3DwyFQtIReTxa%2BpJenYenfN30QJNf%2Fy3vGc0ObBk8TonskU4%2B%2F2aaU9hTdOQEmdLW6sW2UtTV8%3D&X-Amz-Signature=ab2700ba7b7fe4a8141d48aa0fbfe27274200e15bc7fe7db4decad1a28e5d41b&X-Amz-SignedHeaders=host&response-content-disposition=inline
Dane Evans,wsnyder@aol.com,Site Mgr,"Intel (Amentum) – HJL, OR","Delta - Detroit, MI",01/21/2022,10:20 AM,(777) 777-7782,"$9,026.00",Day,https://cdn.4insite.com/assets/3e80ff336dac4d83aa4060231556d5e9_cropped7432398783125274680.jpg,https://cdn.4insite.com/assets/a5722943188c44dfad5f47f12f274998_HS_t.png?X-Amz-Algorithm=AWS4-HMAC-SHA256&X-Amz-Content-Sha256=UNSIGNED-PAYLOAD&X-Amz-Credential=ASIA3P5EIQBK2EAQQJGJ%2F20260612%2Fus-west-2%2Fs3%2Faws4_request&X-Amz-Date=20260612T182822Z&X-Amz-Expires=300&X-Amz-Security-Token=IQoJb3JpZ2luX2VjEFMaCXVzLXdlc3QtMiJIMEYCIQD7KMRDZFJWYkfGCdXYApkS8K5vx6Z0M%2F6glnpxwSJ0jQIhAP3ShKjrMYxejB3Nt%2B9np%2Buje6TcRvAqgNycgnVOQ3ucKu0CCBwQBBoMNzkwMDgxNjAxNjIxIgwHgLc7ZY7sW841rFEqygJy%2BOAkHJMI%2BAajjHps6ZmL%2FZiXZ8KpOCPeJcLFc2HJmV%2BkS5AS%2BO0PtVkBv3Q4n0veLZ%2FqH3fVLFXBfj4t7W0TQ85CnCnBNXv1E7VAH2dp2qr2X2x7CRChFs5BMNXuxLo1nOnhlgPPtvWy%2BZqTaiP%2FksKv7BXWKtcB2fJkIJlkHXmA66EcGkcXPeSrLJYzb8MmXHxBfpCkn5PtDPg75CGm1JRrPwRhkRojfMlhBn39YcwtXSqbMc4%2F58clKYnArfOxaaDEdV4cYA7iizEftKNKmZxMmRn3%2B9Q8YGBTtZn3UjpWFyV69rXDwg%2F6BfoGcwylsc6%2FM7wRp5wHtECG5Z7Ffuvu%2F6BXVjJjLTiFjjcl3z%2BM%2F%2FTuw5bcdDn2l3ycvSYrTEHdTQlqQpQxV0fR50tDKWklUPrgwtXp2TvdNHnvSlqXZszxTg367uAwu9uw0QY6rAKw6ejecdP8ZQ45dk73KWeJl1w8hn0aWvUHRTIVKV5FizKeOv%2FKQrQ8loAJ4v8IA4v3LA2uIolG9DKOFJfI6WA0uOkIdrcoJhI9r92t%2FG7XPE4KhnWAgAPFY3AWvo0rikBjSXc%2Fu2k9BANoqkG4tXWux6YgvS8CaeZ3p8Pei%2Fv1uLYXUyAQBDMcwv1TGYQAlef3fo9eSN8wUKo3%2FzqHHKyq%2BZFX08HAw7lVlzmUedF8P8e0nj0EK2ohDmfh5VnjDC5hBWBJvzFCugkf9ZGTljbZTyMZNRM46YMmyjmZXyqsAD1JBNce%2F3YEcTPTe54157nE1JHri3DwyFQtIReTxa%2BpJenYenfN30QJNf%2Fy3vGc0ObBk8TonskU4%2B%2F2aaU9hTdOQEmdLW6sW2UtTV8%3D&X-Amz-Signature=a34ad5cbf5f62c45757ca07d4a53687a7c89461fc2a0bd8f0765f9cd790e177c&X-Amz-SignedHeaders=host&response-content-disposition=inline
Larissa Blackwell,storerm@sbcglobal.net,Sr Site Mgr,"Endo Pharmaceuticals Inc – Malvern, PA",Microsoft (CBRE) – Puget Sound (CBRE),02/10/2021,10:10 PM,(888) 888-8904,"$3,659.00",Night,https://cdn.4insite.com/assets/r0a1cee2e179841c9b22f813f635edc13_portrait_t.jpg,https://cdn.4insite.com/assets/7fc87ad42a274fe69b2087f3387d5e35_received_1255780525445749_t.png?X-Amz-Algorithm=AWS4-HMAC-SHA256&X-Amz-Content-Sha256=UNSIGNED-PAYLOAD&X-Amz-Credential=ASIA3P5EIQBK2EAQQJGJ%2F20260612%2Fus-west-2%2Fs3%2Faws4_request&X-Amz-Date=20260612T182822Z&X-Amz-Expires=300&X-Amz-Security-Token=IQoJb3JpZ2luX2VjEFMaCXVzLXdlc3QtMiJIMEYCIQD7KMRDZFJWYkfGCdXYApkS8K5vx6Z0M%2F6glnpxwSJ0jQIhAP3ShKjrMYxejB3Nt%2B9np%2Buje6TcRvAqgNycgnVOQ3ucKu0CCBwQBBoMNzkwMDgxNjAxNjIxIgwHgLc7ZY7sW841rFEqygJy%2BOAkHJMI%2BAajjHps6ZmL%2FZiXZ8KpOCPeJcLFc2HJmV%2BkS5AS%2BO0PtVkBv3Q4n0veLZ%2FqH3fVLFXBfj4t7W0TQ85CnCnBNXv1E7VAH2dp2qr2X2x7CRChFs5BMNXuxLo1nOnhlgPPtvWy%2BZqTaiP%2FksKv7BXWKtcB2fJkIJlkHXmA66EcGkcXPeSrLJYzb8MmXHxBfpCkn5PtDPg75CGm1JRrPwRhkRojfMlhBn39YcwtXSqbMc4%2F58clKYnArfOxaaDEdV4cYA7iizEftKNKmZxMmRn3%2B9Q8YGBTtZn3UjpWFyV69rXDwg%2F6BfoGcwylsc6%2FM7wRp5wHtECG5Z7Ffuvu%2F6BXVjJjLTiFjjcl3z%2BM%2F%2FTuw5bcdDn2l3ycvSYrTEHdTQlqQpQxV0fR50tDKWklUPrgwtXp2TvdNHnvSlqXZszxTg367uAwu9uw0QY6rAKw6ejecdP8ZQ45dk73KWeJl1w8hn0aWvUHRTIVKV5FizKeOv%2FKQrQ8loAJ4v8IA4v3LA2uIolG9DKOFJfI6WA0uOkIdrcoJhI9r92t%2FG7XPE4KhnWAgAPFY3AWvo0rikBjSXc%2Fu2k9BANoqkG4tXWux6YgvS8CaeZ3p8Pei%2Fv1uLYXUyAQBDMcwv1TGYQAlef3fo9eSN8wUKo3%2FzqHHKyq%2BZFX08HAw7lVlzmUedF8P8e0nj0EK2ohDmfh5VnjDC5hBWBJvzFCugkf9ZGTljbZTyMZNRM46YMmyjmZXyqsAD1JBNce%2F3YEcTPTe54157nE1JHri3DwyFQtIReTxa%2BpJenYenfN30QJNf%2Fy3vGc0ObBk8TonskU4%2B%2F2aaU9hTdOQEmdLW6sW2UtTV8%3D&X-Amz-Signature=25032598663d6c47c4306e25de3563a16a8980c77dc356f3c603d900d4c9326a&X-Amz-SignedHeaders=host&response-content-disposition=inline
Catalina Boyer,padme@hotmail.com,Assoc Site Mgr,"Microsoft (CBRE) – Puget Sound, WA","Delta - LaGuardia, NY",09/28/2020,7:55 AM,(555) 555-5557,"$5,815.00",Swing,https://cdn.4insite.com/assets/027bad2c2a994309a2f5343d78902060_Headshort_t.jpg,https://cdn.4insite.com/assets/69fee21232c14e0ea0e26b8e42ffe817_1715277802227_t.png?X-Amz-Algorithm=AWS4-HMAC-SHA256&X-Amz-Content-Sha256=UNSIGNED-PAYLOAD&X-Amz-Credential=ASIA3P5EIQBK2EAQQJGJ%2F20260612%2Fus-west-2%2Fs3%2Faws4_request&X-Amz-Date=20260612T182822Z&X-Amz-Expires=300&X-Amz-Security-Token=IQoJb3JpZ2luX2VjEFMaCXVzLXdlc3QtMiJIMEYCIQD7KMRDZFJWYkfGCdXYApkS8K5vx6Z0M%2F6glnpxwSJ0jQIhAP3ShKjrMYxejB3Nt%2B9np%2Buje6TcRvAqgNycgnVOQ3ucKu0CCBwQBBoMNzkwMDgxNjAxNjIxIgwHgLc7ZY7sW841rFEqygJy%2BOAkHJMI%2BAajjHps6ZmL%2FZiXZ8KpOCPeJcLFc2HJmV%2BkS5AS%2BO0PtVkBv3Q4n0veLZ%2FqH3fVLFXBfj4t7W0TQ85CnCnBNXv1E7VAH2dp2qr2X2x7CRChFs5BMNXuxLo1nOnhlgPPtvWy%2BZqTaiP%2FksKv7BXWKtcB2fJkIJlkHXmA66EcGkcXPeSrLJYzb8MmXHxBfpCkn5PtDPg75CGm1JRrPwRhkRojfMlhBn39YcwtXSqbMc4%2F58clKYnArfOxaaDEdV4cYA7iizEftKNKmZxMmRn3%2B9Q8YGBTtZn3UjpWFyV69rXDwg%2F6BfoGcwylsc6%2FM7wRp5wHtECG5Z7Ffuvu%2F6BXVjJjLTiFjjcl3z%2BM%2F%2FTuw5bcdDn2l3ycvSYrTEHdTQlqQpQxV0fR50tDKWklUPrgwtXp2TvdNHnvSlqXZszxTg367uAwu9uw0QY6rAKw6ejecdP8ZQ45dk73KWeJl1w8hn0aWvUHRTIVKV5FizKeOv%2FKQrQ8loAJ4v8IA4v3LA2uIolG9DKOFJfI6WA0uOkIdrcoJhI9r92t%2FG7XPE4KhnWAgAPFY3AWvo0rikBjSXc%2Fu2k9BANoqkG4tXWux6YgvS8CaeZ3p8Pei%2Fv1uLYXUyAQBDMcwv1TGYQAlef3fo9eSN8wUKo3%2FzqHHKyq%2BZFX08HAw7lVlzmUedF8P8e0nj0EK2ohDmfh5VnjDC5hBWBJvzFCugkf9ZGTljbZTyMZNRM46YMmyjmZXyqsAD1JBNce%2F3YEcTPTe54157nE1JHri3DwyFQtIReTxa%2BpJenYenfN30QJNf%2Fy3vGc0ObBk8TonskU4%2B%2F2aaU9hTdOQEmdLW6sW2UtTV8%3D&X-Amz-Signature=fa549b22da73547c71a96512c1e2549a1f0440fa607f0d29fc5e9daf5a5ba5c3&X-Amz-SignedHeaders=host&response-content-disposition=inline
Anika Duke,rddesign34@hotmail.com,Account Mgr,"Lockheed Martin Corporate – Denver, CO","Delta - Detroit, MI",05/20/2020,9:25 PM,(888) 888-8903,"$8,926.00",Graveyard,https://cdn.4insite.com/assets/1598016323.0497205_CB_t.png,https://cdn.4insite.com/assets/6401bf1e6e514db68398fc24c05c6d4f_phan_tai_h_t.png?X-Amz-Algorithm=AWS4-HMAC-SHA256&X-Amz-Content-Sha256=UNSIGNED-PAYLOAD&X-Amz-Credential=ASIA3P5EIQBK2EAQQJGJ%2F20260612%2Fus-west-2%2Fs3%2Faws4_request&X-Amz-Date=20260612T182822Z&X-Amz-Expires=300&X-Amz-Security-Token=IQoJb3JpZ2luX2VjEFMaCXVzLXdlc3QtMiJIMEYCIQD7KMRDZFJWYkfGCdXYApkS8K5vx6Z0M%2F6glnpxwSJ0jQIhAP3ShKjrMYxejB3Nt%2B9np%2Buje6TcRvAqgNycgnVOQ3ucKu0CCBwQBBoMNzkwMDgxNjAxNjIxIgwHgLc7ZY7sW841rFEqygJy%2BOAkHJMI%2BAajjHps6ZmL%2FZiXZ8KpOCPeJcLFc2HJmV%2BkS5AS%2BO0PtVkBv3Q4n0veLZ%2FqH3fVLFXBfj4t7W0TQ85CnCnBNXv1E7VAH2dp2qr2X2x7CRChFs5BMNXuxLo1nOnhlgPPtvWy%2BZqTaiP%2FksKv7BXWKtcB2fJkIJlkHXmA66EcGkcXPeSrLJYzb8MmXHxBfpCkn5PtDPg75CGm1JRrPwRhkRojfMlhBn39YcwtXSqbMc4%2F58clKYnArfOxaaDEdV4cYA7iizEftKNKmZxMmRn3%2B9Q8YGBTtZn3UjpWFyV69rXDwg%2F6BfoGcwylsc6%2FM7wRp5wHtECG5Z7Ffuvu%2F6BXVjJjLTiFjjcl3z%2BM%2F%2FTuw5bcdDn2l3ycvSYrTEHdTQlqQpQxV0fR50tDKWklUPrgwtXp2TvdNHnvSlqXZszxTg367uAwu9uw0QY6rAKw6ejecdP8ZQ45dk73KWeJl1w8hn0aWvUHRTIVKV5FizKeOv%2FKQrQ8loAJ4v8IA4v3LA2uIolG9DKOFJfI6WA0uOkIdrcoJhI9r92t%2FG7XPE4KhnWAgAPFY3AWvo0rikBjSXc%2Fu2k9BANoqkG4tXWux6YgvS8CaeZ3p8Pei%2Fv1uLYXUyAQBDMcwv1TGYQAlef3fo9eSN8wUKo3%2FzqHHKyq%2BZFX08HAw7lVlzmUedF8P8e0nj0EK2ohDmfh5VnjDC5hBWBJvzFCugkf9ZGTljbZTyMZNRM46YMmyjmZXyqsAD1JBNce%2F3YEcTPTe54157nE1JHri3DwyFQtIReTxa%2BpJenYenfN30QJNf%2Fy3vGc0ObBk8TonskU4%2B%2F2aaU9hTdOQEmdLW6sW2UtTV8%3D&X-Amz-Signature=be7a9ae0f0b4d7310b78330efc5d61890014080eef09c392cae6c0d21cef55a1&X-Amz-SignedHeaders=host&response-content-disposition=inline
King Chaney,aardo@yahoo.ca,Account Dir,Iron Mountain Singapore (CBRE) – Tuas,Microsoft (CBRE) – Puget Sound (CBRE),05/07/2020,10:15 AM,(666) 666-6671,"$9,515.00",Day,https://cdn.4insite.com/assets/61c4197397a9465383b2fa6fbb46e986_ProfessionalHeadshotCENTERED_t.jpg,https://cdn.4insite.com/assets/61c4197397a9465383b2fa6fbb46e986_ProfessionalHeadshotCENTERED_t.png?X-Amz-Algorithm=AWS4-HMAC-SHA256&X-Amz-Content-Sha256=UNSIGNED-PAYLOAD&X-Amz-Credential=ASIA3P5EIQBK2EAQQJGJ%2F20260612%2Fus-west-2%2Fs3%2Faws4_request&X-Amz-Date=20260612T182822Z&X-Amz-Expires=300&X-Amz-Security-Token=IQoJb3JpZ2luX2VjEFMaCXVzLXdlc3QtMiJIMEYCIQD7KMRDZFJWYkfGCdXYApkS8K5vx6Z0M%2F6glnpxwSJ0jQIhAP3ShKjrMYxejB3Nt%2B9np%2Buje6TcRvAqgNycgnVOQ3ucKu0CCBwQBBoMNzkwMDgxNjAxNjIxIgwHgLc7ZY7sW841rFEqygJy%2BOAkHJMI%2BAajjHps6ZmL%2FZiXZ8KpOCPeJcLFc2HJmV%2BkS5AS%2BO0PtVkBv3Q4n0veLZ%2FqH3fVLFXBfj4t7W0TQ85CnCnBNXv1E7VAH2dp2qr2X2x7CRChFs5BMNXuxLo1nOnhlgPPtvWy%2BZqTaiP%2FksKv7BXWKtcB2fJkIJlkHXmA66EcGkcXPeSrLJYzb8MmXHxBfpCkn5PtDPg75CGm1JRrPwRhkRojfMlhBn39YcwtXSqbMc4%2F58clKYnArfOxaaDEdV4cYA7iizEftKNKmZxMmRn3%2B9Q8YGBTtZn3UjpWFyV69rXDwg%2F6BfoGcwylsc6%2FM7wRp5wHtECG5Z7Ffuvu%2F6BXVjJjLTiFjjcl3z%2BM%2F%2FTuw5bcdDn2l3ycvSYrTEHdTQlqQpQxV0fR50tDKWklUPrgwtXp2TvdNHnvSlqXZszxTg367uAwu9uw0QY6rAKw6ejecdP8ZQ45dk73KWeJl1w8hn0aWvUHRTIVKV5FizKeOv%2FKQrQ8loAJ4v8IA4v3LA2uIolG9DKOFJfI6WA0uOkIdrcoJhI9r92t%2FG7XPE4KhnWAgAPFY3AWvo0rikBjSXc%2Fu2k9BANoqkG4tXWux6YgvS8CaeZ3p8Pei%2Fv1uLYXUyAQBDMcwv1TGYQAlef3fo9eSN8wUKo3%2FzqHHKyq%2BZFX08HAw7lVlzmUedF8P8e0nj0EK2ohDmfh5VnjDC5hBWBJvzFCugkf9ZGTljbZTyMZNRM46YMmyjmZXyqsAD1JBNce%2F3YEcTPTe54157nE1JHri3DwyFQtIReTxa%2BpJenYenfN30QJNf%2Fy3vGc0ObBk8TonskU4%2B%2F2aaU9hTdOQEmdLW6sW2UtTV8%3D&X-Amz-Signature=ff2e4b8cd56162d0c7c3a529a422a3470e2d112f487994cf746816f79222ea2e&X-Amz-SignedHeaders=host&response-content-disposition=inline
Lara Gillespie,dowdy@aol.com,Site Mgr,"Moderna (JLL) – Norwood, MA ","Delta - LaGuardia, NY",08/25/2020,6:10 PM,(666) 666-6680,"$6,706.00",Night,https://cdn.4insite.com/assets/e5b8147192464b1d978e40c4a3ea44ac_Profilepic_t.jpg,https://cdn.4insite.com/assets/5cc0d9763ca748b7bc433e5824ffc29b_img_5928_t.png?X-Amz-Algorithm=AWS4-HMAC-SHA256&X-Amz-Content-Sha256=UNSIGNED-PAYLOAD&X-Amz-Credential=ASIA3P5EIQBK2EAQQJGJ%2F20260612%2Fus-west-2%2Fs3%2Faws4_request&X-Amz-Date=20260612T182822Z&X-Amz-Expires=300&X-Amz-Security-Token=IQoJb3JpZ2luX2VjEFMaCXVzLXdlc3QtMiJIMEYCIQD7KMRDZFJWYkfGCdXYApkS8K5vx6Z0M%2F6glnpxwSJ0jQIhAP3ShKjrMYxejB3Nt%2B9np%2Buje6TcRvAqgNycgnVOQ3ucKu0CCBwQBBoMNzkwMDgxNjAxNjIxIgwHgLc7ZY7sW841rFEqygJy%2BOAkHJMI%2BAajjHps6ZmL%2FZiXZ8KpOCPeJcLFc2HJmV%2BkS5AS%2BO0PtVkBv3Q4n0veLZ%2FqH3fVLFXBfj4t7W0TQ85CnCnBNXv1E7VAH2dp2qr2X2x7CRChFs5BMNXuxLo1nOnhlgPPtvWy%2BZqTaiP%2FksKv7BXWKtcB2fJkIJlkHXmA66EcGkcXPeSrLJYzb8MmXHxBfpCkn5PtDPg75CGm1JRrPwRhkRojfMlhBn39YcwtXSqbMc4%2F58clKYnArfOxaaDEdV4cYA7iizEftKNKmZxMmRn3%2B9Q8YGBTtZn3UjpWFyV69rXDwg%2F6BfoGcwylsc6%2FM7wRp5wHtECG5Z7Ffuvu%2F6BXVjJjLTiFjjcl3z%2BM%2F%2FTuw5bcdDn2l3ycvSYrTEHdTQlqQpQxV0fR50tDKWklUPrgwtXp2TvdNHnvSlqXZszxTg367uAwu9uw0QY6rAKw6ejecdP8ZQ45dk73KWeJl1w8hn0aWvUHRTIVKV5FizKeOv%2FKQrQ8loAJ4v8IA4v3LA2uIolG9DKOFJfI6WA0uOkIdrcoJhI9r92t%2FG7XPE4KhnWAgAPFY3AWvo0rikBjSXc%2Fu2k9BANoqkG4tXWux6YgvS8CaeZ3p8Pei%2Fv1uLYXUyAQBDMcwv1TGYQAlef3fo9eSN8wUKo3%2FzqHHKyq%2BZFX08HAw7lVlzmUedF8P8e0nj0EK2ohDmfh5VnjDC5hBWBJvzFCugkf9ZGTljbZTyMZNRM46YMmyjmZXyqsAD1JBNce%2F3YEcTPTe54157nE1JHri3DwyFQtIReTxa%2BpJenYenfN30QJNf%2Fy3vGc0ObBk8TonskU4%2B%2F2aaU9hTdOQEmdLW6sW2UtTV8%3D&X-Amz-Signature=cb2241d80bb65807f57fcdb9e5c64d999264066367abeb9512e80a394b99f738&X-Amz-SignedHeaders=host&response-content-disposition=inline
Davis Washington,amichalo@yahoo.com,Sr Site Mgr,Charles Schwab (JLL) – Boulder,"Delta - Detroit, MI",04/07/2022,6:50 AM,(111) 111-1112,"$5,972.00",Swing,https://cdn.4insite.com/assets/4a3cd2e66af74e67a86f8141db8a8c50_20240429_174001_t.jpg,https://cdn.4insite.com/assets/4b1edb2c76e84ad59c7aa5633efa9591_Gus_t.png?X-Amz-Algorithm=AWS4-HMAC-SHA256&X-Amz-Content-Sha256=UNSIGNED-PAYLOAD&X-Amz-Credential=ASIA3P5EIQBK2EAQQJGJ%2F20260612%2Fus-west-2%2Fs3%2Faws4_request&X-Amz-Date=20260612T182822Z&X-Amz-Expires=300&X-Amz-Security-Token=IQoJb3JpZ2luX2VjEFMaCXVzLXdlc3QtMiJIMEYCIQD7KMRDZFJWYkfGCdXYApkS8K5vx6Z0M%2F6glnpxwSJ0jQIhAP3ShKjrMYxejB3Nt%2B9np%2Buje6TcRvAqgNycgnVOQ3ucKu0CCBwQBBoMNzkwMDgxNjAxNjIxIgwHgLc7ZY7sW841rFEqygJy%2BOAkHJMI%2BAajjHps6ZmL%2FZiXZ8KpOCPeJcLFc2HJmV%2BkS5AS%2BO0PtVkBv3Q4n0veLZ%2FqH3fVLFXBfj4t7W0TQ85CnCnBNXv1E7VAH2dp2qr2X2x7CRChFs5BMNXuxLo1nOnhlgPPtvWy%2BZqTaiP%2FksKv7BXWKtcB2fJkIJlkHXmA66EcGkcXPeSrLJYzb8MmXHxBfpCkn5PtDPg75CGm1JRrPwRhkRojfMlhBn39YcwtXSqbMc4%2F58clKYnArfOxaaDEdV4cYA7iizEftKNKmZxMmRn3%2B9Q8YGBTtZn3UjpWFyV69rXDwg%2F6BfoGcwylsc6%2FM7wRp5wHtECG5Z7Ffuvu%2F6BXVjJjLTiFjjcl3z%2BM%2F%2FTuw5bcdDn2l3ycvSYrTEHdTQlqQpQxV0fR50tDKWklUPrgwtXp2TvdNHnvSlqXZszxTg367uAwu9uw0QY6rAKw6ejecdP8ZQ45dk73KWeJl1w8hn0aWvUHRTIVKV5FizKeOv%2FKQrQ8loAJ4v8IA4v3LA2uIolG9DKOFJfI6WA0uOkIdrcoJhI9r92t%2FG7XPE4KhnWAgAPFY3AWvo0rikBjSXc%2Fu2k9BANoqkG4tXWux6YgvS8CaeZ3p8Pei%2Fv1uLYXUyAQBDMcwv1TGYQAlef3fo9eSN8wUKo3%2FzqHHKyq%2BZFX08HAw7lVlzmUedF8P8e0nj0EK2ohDmfh5VnjDC5hBWBJvzFCugkf9ZGTljbZTyMZNRM46YMmyjmZXyqsAD1JBNce%2F3YEcTPTe54157nE1JHri3DwyFQtIReTxa%2BpJenYenfN30QJNf%2Fy3vGc0ObBk8TonskU4%2B%2F2aaU9hTdOQEmdLW6sW2UtTV8%3D&X-Amz-Signature=0e947a4653374910eaab9e85e16e39947322312b16d456f57ec836f80735935d&X-Amz-SignedHeaders=host&response-content-disposition=inline
Laney Erickson,tfinniga@me.com,Assoc Site Mgr,"GE Healthcare – Paducah, KY",Microsoft (CBRE) – Puget Sound (CBRE),08/20/2020,6:30 PM,(111) 111-1126,"$2,498.00",Graveyard,https://cdn.4insite.com/assets/eef3bd1dec194713a10441637b71ac70_MOMO_1739539250336_t.png,https://cdn.4insite.com/assets/4a3cd2e66af74e67a86f8141db8a8c50_20240429_174001_t.png?X-Amz-Algorithm=AWS4-HMAC-SHA256&X-Amz-Content-Sha256=UNSIGNED-PAYLOAD&X-Amz-Credential=ASIA3P5EIQBK2EAQQJGJ%2F20260612%2Fus-west-2%2Fs3%2Faws4_request&X-Amz-Date=20260612T182822Z&X-Amz-Expires=300&X-Amz-Security-Token=IQoJb3JpZ2luX2VjEFMaCXVzLXdlc3QtMiJIMEYCIQD7KMRDZFJWYkfGCdXYApkS8K5vx6Z0M%2F6glnpxwSJ0jQIhAP3ShKjrMYxejB3Nt%2B9np%2Buje6TcRvAqgNycgnVOQ3ucKu0CCBwQBBoMNzkwMDgxNjAxNjIxIgwHgLc7ZY7sW841rFEqygJy%2BOAkHJMI%2BAajjHps6ZmL%2FZiXZ8KpOCPeJcLFc2HJmV%2BkS5AS%2BO0PtVkBv3Q4n0veLZ%2FqH3fVLFXBfj4t7W0TQ85CnCnBNXv1E7VAH2dp2qr2X2x7CRChFs5BMNXuxLo1nOnhlgPPtvWy%2BZqTaiP%2FksKv7BXWKtcB2fJkIJlkHXmA66EcGkcXPeSrLJYzb8MmXHxBfpCkn5PtDPg75CGm1JRrPwRhkRojfMlhBn39YcwtXSqbMc4%2F58clKYnArfOxaaDEdV4cYA7iizEftKNKmZxMmRn3%2B9Q8YGBTtZn3UjpWFyV69rXDwg%2F6BfoGcwylsc6%2FM7wRp5wHtECG5Z7Ffuvu%2F6BXVjJjLTiFjjcl3z%2BM%2F%2FTuw5bcdDn2l3ycvSYrTEHdTQlqQpQxV0fR50tDKWklUPrgwtXp2TvdNHnvSlqXZszxTg367uAwu9uw0QY6rAKw6ejecdP8ZQ45dk73KWeJl1w8hn0aWvUHRTIVKV5FizKeOv%2FKQrQ8loAJ4v8IA4v3LA2uIolG9DKOFJfI6WA0uOkIdrcoJhI9r92t%2FG7XPE4KhnWAgAPFY3AWvo0rikBjSXc%2Fu2k9BANoqkG4tXWux6YgvS8CaeZ3p8Pei%2Fv1uLYXUyAQBDMcwv1TGYQAlef3fo9eSN8wUKo3%2FzqHHKyq%2BZFX08HAw7lVlzmUedF8P8e0nj0EK2ohDmfh5VnjDC5hBWBJvzFCugkf9ZGTljbZTyMZNRM46YMmyjmZXyqsAD1JBNce%2F3YEcTPTe54157nE1JHri3DwyFQtIReTxa%2BpJenYenfN30QJNf%2Fy3vGc0ObBk8TonskU4%2B%2F2aaU9hTdOQEmdLW6sW2UtTV8%3D&X-Amz-Signature=2a7734686e79ed2e7b64088f1537bedaaa0c489f81a32188a58255076d2da8f5&X-Amz-SignedHeaders=host&response-content-disposition=inline
Davin Roberson,tellis@comcast.net,Account Mgr,"Boeing (JLL) – O'Fallon, MO","Delta - LaGuardia, NY",12/16/2021,1:55 PM,(555) 555-5565,"$2,754.00",Day,https://cdn.4insite.com/assets/b22e865f595a4535ad2969e93bd53512_Headshot_t.jpg,https://cdn.4insite.com/assets/3a675ba53899498fb154994b32768cdb_me_t.png?X-Amz-Algorithm=AWS4-HMAC-SHA256&X-Amz-Content-Sha256=UNSIGNED-PAYLOAD&X-Amz-Credential=ASIA3P5EIQBK2EAQQJGJ%2F20260612%2Fus-west-2%2Fs3%2Faws4_request&X-Amz-Date=20260612T182822Z&X-Amz-Expires=300&X-Amz-Security-Token=IQoJb3JpZ2luX2VjEFMaCXVzLXdlc3QtMiJIMEYCIQD7KMRDZFJWYkfGCdXYApkS8K5vx6Z0M%2F6glnpxwSJ0jQIhAP3ShKjrMYxejB3Nt%2B9np%2Buje6TcRvAqgNycgnVOQ3ucKu0CCBwQBBoMNzkwMDgxNjAxNjIxIgwHgLc7ZY7sW841rFEqygJy%2BOAkHJMI%2BAajjHps6ZmL%2FZiXZ8KpOCPeJcLFc2HJmV%2BkS5AS%2BO0PtVkBv3Q4n0veLZ%2FqH3fVLFXBfj4t7W0TQ85CnCnBNXv1E7VAH2dp2qr2X2x7CRChFs5BMNXuxLo1nOnhlgPPtvWy%2BZqTaiP%2FksKv7BXWKtcB2fJkIJlkHXmA66EcGkcXPeSrLJYzb8MmXHxBfpCkn5PtDPg75CGm1JRrPwRhkRojfMlhBn39YcwtXSqbMc4%2F58clKYnArfOxaaDEdV4cYA7iizEftKNKmZxMmRn3%2B9Q8YGBTtZn3UjpWFyV69rXDwg%2F6BfoGcwylsc6%2FM7wRp5wHtECG5Z7Ffuvu%2F6BXVjJjLTiFjjcl3z%2BM%2F%2FTuw5bcdDn2l3ycvSYrTEHdTQlqQpQxV0fR50tDKWklUPrgwtXp2TvdNHnvSlqXZszxTg367uAwu9uw0QY6rAKw6ejecdP8ZQ45dk73KWeJl1w8hn0aWvUHRTIVKV5FizKeOv%2FKQrQ8loAJ4v8IA4v3LA2uIolG9DKOFJfI6WA0uOkIdrcoJhI9r92t%2FG7XPE4KhnWAgAPFY3AWvo0rikBjSXc%2Fu2k9BANoqkG4tXWux6YgvS8CaeZ3p8Pei%2Fv1uLYXUyAQBDMcwv1TGYQAlef3fo9eSN8wUKo3%2FzqHHKyq%2BZFX08HAw7lVlzmUedF8P8e0nj0EK2ohDmfh5VnjDC5hBWBJvzFCugkf9ZGTljbZTyMZNRM46YMmyjmZXyqsAD1JBNce%2F3YEcTPTe54157nE1JHri3DwyFQtIReTxa%2BpJenYenfN30QJNf%2Fy3vGc0ObBk8TonskU4%2B%2F2aaU9hTdOQEmdLW6sW2UtTV8%3D&X-Amz-Signature=c2643063d7f9b5b3aed6e2414690f47728dc49d6fbf862e8a7ec9f917e855fa8&X-Amz-SignedHeaders=host&response-content-disposition=inline
Adison Juarez,gknauss@yahoo.ca,Account Dir,Lockheed Martin Space – North Denver Metro,"Delta - Detroit, MI",10/03/2020,1:40 PM,(222) 222-232,"$5,957.00",Night,https://cdn.4insite.com/assets/326b5870e3164734b1fbdba49bbda344_me_t.jpg,https://cdn.4insite.com/assets/3945ad92d52340539a4c70a4e02045bc_ahmed_t.png?X-Amz-Algorithm=AWS4-HMAC-SHA256&X-Amz-Content-Sha256=UNSIGNED-PAYLOAD&X-Amz-Credential=ASIA3P5EIQBK2EAQQJGJ%2F20260612%2Fus-west-2%2Fs3%2Faws4_request&X-Amz-Date=20260612T182822Z&X-Amz-Expires=300&X-Amz-Security-Token=IQoJb3JpZ2luX2VjEFMaCXVzLXdlc3QtMiJIMEYCIQD7KMRDZFJWYkfGCdXYApkS8K5vx6Z0M%2F6glnpxwSJ0jQIhAP3ShKjrMYxejB3Nt%2B9np%2Buje6TcRvAqgNycgnVOQ3ucKu0CCBwQBBoMNzkwMDgxNjAxNjIxIgwHgLc7ZY7sW841rFEqygJy%2BOAkHJMI%2BAajjHps6ZmL%2FZiXZ8KpOCPeJcLFc2HJmV%2BkS5AS%2BO0PtVkBv3Q4n0veLZ%2FqH3fVLFXBfj4t7W0TQ85CnCnBNXv1E7VAH2dp2qr2X2x7CRChFs5BMNXuxLo1nOnhlgPPtvWy%2BZqTaiP%2FksKv7BXWKtcB2fJkIJlkHXmA66EcGkcXPeSrLJYzb8MmXHxBfpCkn5PtDPg75CGm1JRrPwRhkRojfMlhBn39YcwtXSqbMc4%2F58clKYnArfOxaaDEdV4cYA7iizEftKNKmZxMmRn3%2B9Q8YGBTtZn3UjpWFyV69rXDwg%2F6BfoGcwylsc6%2FM7wRp5wHtECG5Z7Ffuvu%2F6BXVjJjLTiFjjcl3z%2BM%2F%2FTuw5bcdDn2l3ycvSYrTEHdTQlqQpQxV0fR50tDKWklUPrgwtXp2TvdNHnvSlqXZszxTg367uAwu9uw0QY6rAKw6ejecdP8ZQ45dk73KWeJl1w8hn0aWvUHRTIVKV5FizKeOv%2FKQrQ8loAJ4v8IA4v3LA2uIolG9DKOFJfI6WA0uOkIdrcoJhI9r92t%2FG7XPE4KhnWAgAPFY3AWvo0rikBjSXc%2Fu2k9BANoqkG4tXWux6YgvS8CaeZ3p8Pei%2Fv1uLYXUyAQBDMcwv1TGYQAlef3fo9eSN8wUKo3%2FzqHHKyq%2BZFX08HAw7lVlzmUedF8P8e0nj0EK2ohDmfh5VnjDC5hBWBJvzFCugkf9ZGTljbZTyMZNRM46YMmyjmZXyqsAD1JBNce%2F3YEcTPTe54157nE1JHri3DwyFQtIReTxa%2BpJenYenfN30QJNf%2Fy3vGc0ObBk8TonskU4%2B%2F2aaU9hTdOQEmdLW6sW2UtTV8%3D&X-Amz-Signature=a2701c5dec5c71c6873457d364a771476dd520177bedb03dd45acc1c6e65058a&X-Amz-SignedHeaders=host&response-content-disposition=inline
Kallie Weber,ovprit@optonline.net,Site Mgr,"State Farm (CBRE) – Duluth, GA",Microsoft (CBRE) – Puget Sound (CBRE),06/09/2020,12:45 PM,(000) 000-0008,"$3,778.00",Swing,https://cdn.4insite.com/assets/rb5e8bb61592040a2ae8e8b99ec402783_Kimball_t.jpg,https://cdn.4insite.com/assets/341f50f507834432a64dcdc91ac8d62d_Media4_t.png?X-Amz-Algorithm=AWS4-HMAC-SHA256&X-Amz-Content-Sha256=UNSIGNED-PAYLOAD&X-Amz-Credential=ASIA3P5EIQBK2EAQQJGJ%2F20260612%2Fus-west-2%2Fs3%2Faws4_request&X-Amz-Date=20260612T182822Z&X-Amz-Expires=300&X-Amz-Security-Token=IQoJb3JpZ2luX2VjEFMaCXVzLXdlc3QtMiJIMEYCIQD7KMRDZFJWYkfGCdXYApkS8K5vx6Z0M%2F6glnpxwSJ0jQIhAP3ShKjrMYxejB3Nt%2B9np%2Buje6TcRvAqgNycgnVOQ3ucKu0CCBwQBBoMNzkwMDgxNjAxNjIxIgwHgLc7ZY7sW841rFEqygJy%2BOAkHJMI%2BAajjHps6ZmL%2FZiXZ8KpOCPeJcLFc2HJmV%2BkS5AS%2BO0PtVkBv3Q4n0veLZ%2FqH3fVLFXBfj4t7W0TQ85CnCnBNXv1E7VAH2dp2qr2X2x7CRChFs5BMNXuxLo1nOnhlgPPtvWy%2BZqTaiP%2FksKv7BXWKtcB2fJkIJlkHXmA66EcGkcXPeSrLJYzb8MmXHxBfpCkn5PtDPg75CGm1JRrPwRhkRojfMlhBn39YcwtXSqbMc4%2F58clKYnArfOxaaDEdV4cYA7iizEftKNKmZxMmRn3%2B9Q8YGBTtZn3UjpWFyV69rXDwg%2F6BfoGcwylsc6%2FM7wRp5wHtECG5Z7Ffuvu%2F6BXVjJjLTiFjjcl3z%2BM%2F%2FTuw5bcdDn2l3ycvSYrTEHdTQlqQpQxV0fR50tDKWklUPrgwtXp2TvdNHnvSlqXZszxTg367uAwu9uw0QY6rAKw6ejecdP8ZQ45dk73KWeJl1w8hn0aWvUHRTIVKV5FizKeOv%2FKQrQ8loAJ4v8IA4v3LA2uIolG9DKOFJfI6WA0uOkIdrcoJhI9r92t%2FG7XPE4KhnWAgAPFY3AWvo0rikBjSXc%2Fu2k9BANoqkG4tXWux6YgvS8CaeZ3p8Pei%2Fv1uLYXUyAQBDMcwv1TGYQAlef3fo9eSN8wUKo3%2FzqHHKyq%2BZFX08HAw7lVlzmUedF8P8e0nj0EK2ohDmfh5VnjDC5hBWBJvzFCugkf9ZGTljbZTyMZNRM46YMmyjmZXyqsAD1JBNce%2F3YEcTPTe54157nE1JHri3DwyFQtIReTxa%2BpJenYenfN30QJNf%2Fy3vGc0ObBk8TonskU4%2B%2F2aaU9hTdOQEmdLW6sW2UtTV8%3D&X-Amz-Signature=16f086f4867ddcbc00f093edd65cd8d670dcaac0d2f39176a3e6bfcefb91521d&X-Amz-SignedHeaders=host&response-content-disposition=inline
Macy Sosa,iamcal@icloud.com,Sr Site Mgr,"Juniper (CBRE) – Sunnyvale, CA","Delta - LaGuardia, NY",08/23/2020,6:55 PM,(666) 666-6681,"$9,778.00",Graveyard,https://cdn.4insite.com/assets/fca0e506f7bf41a798f7c415a0d3833b_Pic.Med_t.jpg,https://cdn.4insite.com/assets/33e587c6abc74a46936483a11efa9669_ValdesJeremy_t.png?X-Amz-Algorithm=AWS4-HMAC-SHA256&X-Amz-Content-Sha256=UNSIGNED-PAYLOAD&X-Amz-Credential=ASIA3P5EIQBK2EAQQJGJ%2F20260612%2Fus-west-2%2Fs3%2Faws4_request&X-Amz-Date=20260612T182822Z&X-Amz-Expires=300&X-Amz-Security-Token=IQoJb3JpZ2luX2VjEFMaCXVzLXdlc3QtMiJIMEYCIQD7KMRDZFJWYkfGCdXYApkS8K5vx6Z0M%2F6glnpxwSJ0jQIhAP3ShKjrMYxejB3Nt%2B9np%2Buje6TcRvAqgNycgnVOQ3ucKu0CCBwQBBoMNzkwMDgxNjAxNjIxIgwHgLc7ZY7sW841rFEqygJy%2BOAkHJMI%2BAajjHps6ZmL%2FZiXZ8KpOCPeJcLFc2HJmV%2BkS5AS%2BO0PtVkBv3Q4n0veLZ%2FqH3fVLFXBfj4t7W0TQ85CnCnBNXv1E7VAH2dp2qr2X2x7CRChFs5BMNXuxLo1nOnhlgPPtvWy%2BZqTaiP%2FksKv7BXWKtcB2fJkIJlkHXmA66EcGkcXPeSrLJYzb8MmXHxBfpCkn5PtDPg75CGm1JRrPwRhkRojfMlhBn39YcwtXSqbMc4%2F58clKYnArfOxaaDEdV4cYA7iizEftKNKmZxMmRn3%2B9Q8YGBTtZn3UjpWFyV69rXDwg%2F6BfoGcwylsc6%2FM7wRp5wHtECG5Z7Ffuvu%2F6BXVjJjLTiFjjcl3z%2BM%2F%2FTuw5bcdDn2l3ycvSYrTEHdTQlqQpQxV0fR50tDKWklUPrgwtXp2TvdNHnvSlqXZszxTg367uAwu9uw0QY6rAKw6ejecdP8ZQ45dk73KWeJl1w8hn0aWvUHRTIVKV5FizKeOv%2FKQrQ8loAJ4v8IA4v3LA2uIolG9DKOFJfI6WA0uOkIdrcoJhI9r92t%2FG7XPE4KhnWAgAPFY3AWvo0rikBjSXc%2Fu2k9BANoqkG4tXWux6YgvS8CaeZ3p8Pei%2Fv1uLYXUyAQBDMcwv1TGYQAlef3fo9eSN8wUKo3%2FzqHHKyq%2BZFX08HAw7lVlzmUedF8P8e0nj0EK2ohDmfh5VnjDC5hBWBJvzFCugkf9ZGTljbZTyMZNRM46YMmyjmZXyqsAD1JBNce%2F3YEcTPTe54157nE1JHri3DwyFQtIReTxa%2BpJenYenfN30QJNf%2Fy3vGc0ObBk8TonskU4%2B%2F2aaU9hTdOQEmdLW6sW2UtTV8%3D&X-Amz-Signature=afbdadc0afc2c82a9a5329931b8ff80b928c94ab7c4565dcd8419efed28902d7&X-Amz-SignedHeaders=host&response-content-disposition=inline
Amanda Watkins,mallanmba@gmail.com,Assoc Site Mgr,"Bayer (JLL) – Chesterfield, MO","Delta - Detroit, MI",04/20/2020,12:10 PM,(222) 222-230,"$4,809.00",Day,https://cdn.4insite.com/assets/33e587c6abc74a46936483a11efa9669_ValdesJeremy_t.jpg,https://cdn.4insite.com/assets/28ab37cc31524df0999ebf10f2628c66_HS1_t.png?X-Amz-Algorithm=AWS4-HMAC-SHA256&X-Amz-Content-Sha256=UNSIGNED-PAYLOAD&X-Amz-Credential=ASIA3P5EIQBK2EAQQJGJ%2F20260612%2Fus-west-2%2Fs3%2Faws4_request&X-Amz-Date=20260612T182822Z&X-Amz-Expires=300&X-Amz-Security-Token=IQoJb3JpZ2luX2VjEFMaCXVzLXdlc3QtMiJIMEYCIQD7KMRDZFJWYkfGCdXYApkS8K5vx6Z0M%2F6glnpxwSJ0jQIhAP3ShKjrMYxejB3Nt%2B9np%2Buje6TcRvAqgNycgnVOQ3ucKu0CCBwQBBoMNzkwMDgxNjAxNjIxIgwHgLc7ZY7sW841rFEqygJy%2BOAkHJMI%2BAajjHps6ZmL%2FZiXZ8KpOCPeJcLFc2HJmV%2BkS5AS%2BO0PtVkBv3Q4n0veLZ%2FqH3fVLFXBfj4t7W0TQ85CnCnBNXv1E7VAH2dp2qr2X2x7CRChFs5BMNXuxLo1nOnhlgPPtvWy%2BZqTaiP%2FksKv7BXWKtcB2fJkIJlkHXmA66EcGkcXPeSrLJYzb8MmXHxBfpCkn5PtDPg75CGm1JRrPwRhkRojfMlhBn39YcwtXSqbMc4%2F58clKYnArfOxaaDEdV4cYA7iizEftKNKmZxMmRn3%2B9Q8YGBTtZn3UjpWFyV69rXDwg%2F6BfoGcwylsc6%2FM7wRp5wHtECG5Z7Ffuvu%2F6BXVjJjLTiFjjcl3z%2BM%2F%2FTuw5bcdDn2l3ycvSYrTEHdTQlqQpQxV0fR50tDKWklUPrgwtXp2TvdNHnvSlqXZszxTg367uAwu9uw0QY6rAKw6ejecdP8ZQ45dk73KWeJl1w8hn0aWvUHRTIVKV5FizKeOv%2FKQrQ8loAJ4v8IA4v3LA2uIolG9DKOFJfI6WA0uOkIdrcoJhI9r92t%2FG7XPE4KhnWAgAPFY3AWvo0rikBjSXc%2Fu2k9BANoqkG4tXWux6YgvS8CaeZ3p8Pei%2Fv1uLYXUyAQBDMcwv1TGYQAlef3fo9eSN8wUKo3%2FzqHHKyq%2BZFX08HAw7lVlzmUedF8P8e0nj0EK2ohDmfh5VnjDC5hBWBJvzFCugkf9ZGTljbZTyMZNRM46YMmyjmZXyqsAD1JBNce%2F3YEcTPTe54157nE1JHri3DwyFQtIReTxa%2BpJenYenfN30QJNf%2Fy3vGc0ObBk8TonskU4%2B%2F2aaU9hTdOQEmdLW6sW2UtTV8%3D&X-Amz-Signature=8307ea04fed8732d50592c7003f56c1e9239a1b373b5b54a677b863f68fb1f6a&X-Amz-SignedHeaders=host&response-content-disposition=inline
Deegan Marshall,psharpe@hotmail.com,Account Mgr,Intel (Amentum) – Bowers,Microsoft (CBRE) – Puget Sound (CBRE),01/21/2022,3:35 PM,(777) 777-7789,"$1,682.00",Night,https://cdn.4insite.com/assets/2b8208b753c942b48b37cf1b7475e89e_Image14_t.jpg,https://cdn.4insite.com/assets/074c7e2fba88474f838ef295f36791db_1538665448068_t.png?X-Amz-Algorithm=AWS4-HMAC-SHA256&X-Amz-Content-Sha256=UNSIGNED-PAYLOAD&X-Amz-Credential=ASIA3P5EIQBK2EAQQJGJ%2F20260612%2Fus-west-2%2Fs3%2Faws4_request&X-Amz-Date=20260612T182822Z&X-Amz-Expires=300&X-Amz-Security-Token=IQoJb3JpZ2luX2VjEFMaCXVzLXdlc3QtMiJIMEYCIQD7KMRDZFJWYkfGCdXYApkS8K5vx6Z0M%2F6glnpxwSJ0jQIhAP3ShKjrMYxejB3Nt%2B9np%2Buje6TcRvAqgNycgnVOQ3ucKu0CCBwQBBoMNzkwMDgxNjAxNjIxIgwHgLc7ZY7sW841rFEqygJy%2BOAkHJMI%2BAajjHps6ZmL%2FZiXZ8KpOCPeJcLFc2HJmV%2BkS5AS%2BO0PtVkBv3Q4n0veLZ%2FqH3fVLFXBfj4t7W0TQ85CnCnBNXv1E7VAH2dp2qr2X2x7CRChFs5BMNXuxLo1nOnhlgPPtvWy%2BZqTaiP%2FksKv7BXWKtcB2fJkIJlkHXmA66EcGkcXPeSrLJYzb8MmXHxBfpCkn5PtDPg75CGm1JRrPwRhkRojfMlhBn39YcwtXSqbMc4%2F58clKYnArfOxaaDEdV4cYA7iizEftKNKmZxMmRn3%2B9Q8YGBTtZn3UjpWFyV69rXDwg%2F6BfoGcwylsc6%2FM7wRp5wHtECG5Z7Ffuvu%2F6BXVjJjLTiFjjcl3z%2BM%2F%2FTuw5bcdDn2l3ycvSYrTEHdTQlqQpQxV0fR50tDKWklUPrgwtXp2TvdNHnvSlqXZszxTg367uAwu9uw0QY6rAKw6ejecdP8ZQ45dk73KWeJl1w8hn0aWvUHRTIVKV5FizKeOv%2FKQrQ8loAJ4v8IA4v3LA2uIolG9DKOFJfI6WA0uOkIdrcoJhI9r92t%2FG7XPE4KhnWAgAPFY3AWvo0rikBjSXc%2Fu2k9BANoqkG4tXWux6YgvS8CaeZ3p8Pei%2Fv1uLYXUyAQBDMcwv1TGYQAlef3fo9eSN8wUKo3%2FzqHHKyq%2BZFX08HAw7lVlzmUedF8P8e0nj0EK2ohDmfh5VnjDC5hBWBJvzFCugkf9ZGTljbZTyMZNRM46YMmyjmZXyqsAD1JBNce%2F3YEcTPTe54157nE1JHri3DwyFQtIReTxa%2BpJenYenfN30QJNf%2Fy3vGc0ObBk8TonskU4%2B%2F2aaU9hTdOQEmdLW6sW2UtTV8%3D&X-Amz-Signature=a2cc12643c9ee7c5996656360802fb8b444273e6feb4c9e78f045a2eb30f7aa0&X-Amz-SignedHeaders=host&response-content-disposition=inline
Yasmin Gallegos,makarow@gmail.com,Account Dir,Cigna (CBRE) – Arizona,"Delta - LaGuardia, NY",11/19/2020,11:05 AM,(777) 777-7783,"$6,454.00",Swing,https://cdn.4insite.com/assets/r9caff6d0b6b04667bbfebdad11191ea7_StuKelloffsProfilePic_t.png,https://cdn.4insite.com/assets/01d82a9297d94fc598e3c7e0f4829bb5_Facetune_27102024070554_t.png?X-Amz-Algorithm=AWS4-HMAC-SHA256&X-Amz-Content-Sha256=UNSIGNED-PAYLOAD&X-Amz-Credential=ASIA3P5EIQBK2EAQQJGJ%2F20260612%2Fus-west-2%2Fs3%2Faws4_request&X-Amz-Date=20260612T182822Z&X-Amz-Expires=300&X-Amz-Security-Token=IQoJb3JpZ2luX2VjEFMaCXVzLXdlc3QtMiJIMEYCIQD7KMRDZFJWYkfGCdXYApkS8K5vx6Z0M%2F6glnpxwSJ0jQIhAP3ShKjrMYxejB3Nt%2B9np%2Buje6TcRvAqgNycgnVOQ3ucKu0CCBwQBBoMNzkwMDgxNjAxNjIxIgwHgLc7ZY7sW841rFEqygJy%2BOAkHJMI%2BAajjHps6ZmL%2FZiXZ8KpOCPeJcLFc2HJmV%2BkS5AS%2BO0PtVkBv3Q4n0veLZ%2FqH3fVLFXBfj4t7W0TQ85CnCnBNXv1E7VAH2dp2qr2X2x7CRChFs5BMNXuxLo1nOnhlgPPtvWy%2BZqTaiP%2FksKv7BXWKtcB2fJkIJlkHXmA66EcGkcXPeSrLJYzb8MmXHxBfpCkn5PtDPg75CGm1JRrPwRhkRojfMlhBn39YcwtXSqbMc4%2F58clKYnArfOxaaDEdV4cYA7iizEftKNKmZxMmRn3%2B9Q8YGBTtZn3UjpWFyV69rXDwg%2F6BfoGcwylsc6%2FM7wRp5wHtECG5Z7Ffuvu%2F6BXVjJjLTiFjjcl3z%2BM%2F%2FTuw5bcdDn2l3ycvSYrTEHdTQlqQpQxV0fR50tDKWklUPrgwtXp2TvdNHnvSlqXZszxTg367uAwu9uw0QY6rAKw6ejecdP8ZQ45dk73KWeJl1w8hn0aWvUHRTIVKV5FizKeOv%2FKQrQ8loAJ4v8IA4v3LA2uIolG9DKOFJfI6WA0uOkIdrcoJhI9r92t%2FG7XPE4KhnWAgAPFY3AWvo0rikBjSXc%2Fu2k9BANoqkG4tXWux6YgvS8CaeZ3p8Pei%2Fv1uLYXUyAQBDMcwv1TGYQAlef3fo9eSN8wUKo3%2FzqHHKyq%2BZFX08HAw7lVlzmUedF8P8e0nj0EK2ohDmfh5VnjDC5hBWBJvzFCugkf9ZGTljbZTyMZNRM46YMmyjmZXyqsAD1JBNce%2F3YEcTPTe54157nE1JHri3DwyFQtIReTxa%2BpJenYenfN30QJNf%2Fy3vGc0ObBk8TonskU4%2B%2F2aaU9hTdOQEmdLW6sW2UtTV8%3D&X-Amz-Signature=d5dcf9d0ecb22d0c222ff39928fc14e2ce3eec00e5ca9a883f0a3d0c337592d7&X-Amz-SignedHeaders=host&response-content-disposition=inline
Aedan Parks,dkrishna@mac.com,Site Mgr,"HP (JLL) – Aguadilla, PR ","Delta - Detroit, MI",07/30/2020,6:00 AM,(999) 999-9999,"$213,213.34",Graveyard,https://cdn.4insite.com/assets/1596129880.2201388_LIProfilePic_t.jpg,https://cdn.4insite.com/assets/002b10f6fbbc41d48a5778651c2f73b5_grantfrazier2_t.png?X-Amz-Algorithm=AWS4-HMAC-SHA256&X-Amz-Content-Sha256=UNSIGNED-PAYLOAD&X-Amz-Credential=ASIA3P5EIQBK2EAQQJGJ%2F20260612%2Fus-west-2%2Fs3%2Faws4_request&X-Amz-Date=20260612T182822Z&X-Amz-Expires=300&X-Amz-Security-Token=IQoJb3JpZ2luX2VjEFMaCXVzLXdlc3QtMiJIMEYCIQD7KMRDZFJWYkfGCdXYApkS8K5vx6Z0M%2F6glnpxwSJ0jQIhAP3ShKjrMYxejB3Nt%2B9np%2Buje6TcRvAqgNycgnVOQ3ucKu0CCBwQBBoMNzkwMDgxNjAxNjIxIgwHgLc7ZY7sW841rFEqygJy%2BOAkHJMI%2BAajjHps6ZmL%2FZiXZ8KpOCPeJcLFc2HJmV%2BkS5AS%2BO0PtVkBv3Q4n0veLZ%2FqH3fVLFXBfj4t7W0TQ85CnCnBNXv1E7VAH2dp2qr2X2x7CRChFs5BMNXuxLo1nOnhlgPPtvWy%2BZqTaiP%2FksKv7BXWKtcB2fJkIJlkHXmA66EcGkcXPeSrLJYzb8MmXHxBfpCkn5PtDPg75CGm1JRrPwRhkRojfMlhBn39YcwtXSqbMc4%2F58clKYnArfOxaaDEdV4cYA7iizEftKNKmZxMmRn3%2B9Q8YGBTtZn3UjpWFyV69rXDwg%2F6BfoGcwylsc6%2FM7wRp5wHtECG5Z7Ffuvu%2F6BXVjJjLTiFjjcl3z%2BM%2F%2FTuw5bcdDn2l3ycvSYrTEHdTQlqQpQxV0fR50tDKWklUPrgwtXp2TvdNHnvSlqXZszxTg367uAwu9uw0QY6rAKw6ejecdP8ZQ45dk73KWeJl1w8hn0aWvUHRTIVKV5FizKeOv%2FKQrQ8loAJ4v8IA4v3LA2uIolG9DKOFJfI6WA0uOkIdrcoJhI9r92t%2FG7XPE4KhnWAgAPFY3AWvo0rikBjSXc%2Fu2k9BANoqkG4tXWux6YgvS8CaeZ3p8Pei%2Fv1uLYXUyAQBDMcwv1TGYQAlef3fo9eSN8wUKo3%2FzqHHKyq%2BZFX08HAw7lVlzmUedF8P8e0nj0EK2ohDmfh5VnjDC5hBWBJvzFCugkf9ZGTljbZTyMZNRM46YMmyjmZXyqsAD1JBNce%2F3YEcTPTe54157nE1JHri3DwyFQtIReTxa%2BpJenYenfN30QJNf%2Fy3vGc0ObBk8TonskU4%2B%2F2aaU9hTdOQEmdLW6sW2UtTV8%3D&X-Amz-Signature=73c1f32d9ee988f752b00af68f12408d8b15d651588075f4c1c64729d408ab4f&X-Amz-SignedHeaders=host&response-content-disposition=inline
Tristian Mason,uncled@outlook.com,Sr Site Mgr,Uber (CBRE) – Burbank,Microsoft (CBRE) – Puget Sound (CBRE),04/21/2022,8:40 PM,(444) 444-4460,"$3,739.00",Day,https://cdn.4insite.com/assets/01d82a9297d94fc598e3c7e0f4829bb5_Facetune_27102024070554_t.jpg,https://cdn.4insite.com/assets/3e80ff336dac4d83aa4060231556d5e9_cropped7432398783125274680.jpg?X-Amz-Algorithm=AWS4-HMAC-SHA256&X-Amz-Content-Sha256=UNSIGNED-PAYLOAD&X-Amz-Credential=ASIA3P5EIQBK2EAQQJGJ%2F20260612%2Fus-west-2%2Fs3%2Faws4_request&X-Amz-Date=20260612T183738Z&X-Amz-Expires=300&X-Amz-Security-Token=IQoJb3JpZ2luX2VjEFMaCXVzLXdlc3QtMiJIMEYCIQD7KMRDZFJWYkfGCdXYApkS8K5vx6Z0M%2F6glnpxwSJ0jQIhAP3ShKjrMYxejB3Nt%2B9np%2Buje6TcRvAqgNycgnVOQ3ucKu0CCBwQBBoMNzkwMDgxNjAxNjIxIgwHgLc7ZY7sW841rFEqygJy%2BOAkHJMI%2BAajjHps6ZmL%2FZiXZ8KpOCPeJcLFc2HJmV%2BkS5AS%2BO0PtVkBv3Q4n0veLZ%2FqH3fVLFXBfj4t7W0TQ85CnCnBNXv1E7VAH2dp2qr2X2x7CRChFs5BMNXuxLo1nOnhlgPPtvWy%2BZqTaiP%2FksKv7BXWKtcB2fJkIJlkHXmA66EcGkcXPeSrLJYzb8MmXHxBfpCkn5PtDPg75CGm1JRrPwRhkRojfMlhBn39YcwtXSqbMc4%2F58clKYnArfOxaaDEdV4cYA7iizEftKNKmZxMmRn3%2B9Q8YGBTtZn3UjpWFyV69rXDwg%2F6BfoGcwylsc6%2FM7wRp5wHtECG5Z7Ffuvu%2F6BXVjJjLTiFjjcl3z%2BM%2F%2FTuw5bcdDn2l3ycvSYrTEHdTQlqQpQxV0fR50tDKWklUPrgwtXp2TvdNHnvSlqXZszxTg367uAwu9uw0QY6rAKw6ejecdP8ZQ45dk73KWeJl1w8hn0aWvUHRTIVKV5FizKeOv%2FKQrQ8loAJ4v8IA4v3LA2uIolG9DKOFJfI6WA0uOkIdrcoJhI9r92t%2FG7XPE4KhnWAgAPFY3AWvo0rikBjSXc%2Fu2k9BANoqkG4tXWux6YgvS8CaeZ3p8Pei%2Fv1uLYXUyAQBDMcwv1TGYQAlef3fo9eSN8wUKo3%2FzqHHKyq%2BZFX08HAw7lVlzmUedF8P8e0nj0EK2ohDmfh5VnjDC5hBWBJvzFCugkf9ZGTljbZTyMZNRM46YMmyjmZXyqsAD1JBNce%2F3YEcTPTe54157nE1JHri3DwyFQtIReTxa%2BpJenYenfN30QJNf%2Fy3vGc0ObBk8TonskU4%2B%2F2aaU9hTdOQEmdLW6sW2UtTV8%3D&X-Amz-Signature=af6f376b55b686183de62600339b51a4782ca5cc9fc69e21a8debb30d693036b&X-Amz-SignedHeaders=host&response-content-disposition=inline
Dante Good,fallorn@yahoo.com,Assoc Site Mgr,"E&J Gallo Winery – Modesto, CA","Delta - LaGuardia, NY",12/14/2020,1:35 PM,(111) 111-1121,"$4,053.00",Night,https://cdn.4insite.com/assets/3ae2715a2d9f45b484ec68292049f53a_Headshot_t.jpg,https://cdn.4insite.com/assets/270f1c6b1f674897871279e472bbbb59_Madeleine_Nelson_29437_Websize_t.png?X-Amz-Algorithm=AWS4-HMAC-SHA256&X-Amz-Content-Sha256=UNSIGNED-PAYLOAD&X-Amz-Credential=ASIA3P5EIQBK2EAQQJGJ%2F20260612%2Fus-west-2%2Fs3%2Faws4_request&X-Amz-Date=20260612T183738Z&X-Amz-Expires=300&X-Amz-Security-Token=IQoJb3JpZ2luX2VjEFMaCXVzLXdlc3QtMiJIMEYCIQD7KMRDZFJWYkfGCdXYApkS8K5vx6Z0M%2F6glnpxwSJ0jQIhAP3ShKjrMYxejB3Nt%2B9np%2Buje6TcRvAqgNycgnVOQ3ucKu0CCBwQBBoMNzkwMDgxNjAxNjIxIgwHgLc7ZY7sW841rFEqygJy%2BOAkHJMI%2BAajjHps6ZmL%2FZiXZ8KpOCPeJcLFc2HJmV%2BkS5AS%2BO0PtVkBv3Q4n0veLZ%2FqH3fVLFXBfj4t7W0TQ85CnCnBNXv1E7VAH2dp2qr2X2x7CRChFs5BMNXuxLo1nOnhlgPPtvWy%2BZqTaiP%2FksKv7BXWKtcB2fJkIJlkHXmA66EcGkcXPeSrLJYzb8MmXHxBfpCkn5PtDPg75CGm1JRrPwRhkRojfMlhBn39YcwtXSqbMc4%2F58clKYnArfOxaaDEdV4cYA7iizEftKNKmZxMmRn3%2B9Q8YGBTtZn3UjpWFyV69rXDwg%2F6BfoGcwylsc6%2FM7wRp5wHtECG5Z7Ffuvu%2F6BXVjJjLTiFjjcl3z%2BM%2F%2FTuw5bcdDn2l3ycvSYrTEHdTQlqQpQxV0fR50tDKWklUPrgwtXp2TvdNHnvSlqXZszxTg367uAwu9uw0QY6rAKw6ejecdP8ZQ45dk73KWeJl1w8hn0aWvUHRTIVKV5FizKeOv%2FKQrQ8loAJ4v8IA4v3LA2uIolG9DKOFJfI6WA0uOkIdrcoJhI9r92t%2FG7XPE4KhnWAgAPFY3AWvo0rikBjSXc%2Fu2k9BANoqkG4tXWux6YgvS8CaeZ3p8Pei%2Fv1uLYXUyAQBDMcwv1TGYQAlef3fo9eSN8wUKo3%2FzqHHKyq%2BZFX08HAw7lVlzmUedF8P8e0nj0EK2ohDmfh5VnjDC5hBWBJvzFCugkf9ZGTljbZTyMZNRM46YMmyjmZXyqsAD1JBNce%2F3YEcTPTe54157nE1JHri3DwyFQtIReTxa%2BpJenYenfN30QJNf%2Fy3vGc0ObBk8TonskU4%2B%2F2aaU9hTdOQEmdLW6sW2UtTV8%3D&X-Amz-Signature=f9044bcf6599e396ee7b2c361cd8069adbba85c083a74c8e85dddb5b2ab17ec4&X-Amz-SignedHeaders=host&response-content-disposition=inline
Josue Flowers,wmszeliga@sbcglobal.net,Account Mgr,Charles Schwab (JLL) – Abilene,"Delta - Detroit, MI",10/19/2021,7:30 PM,(888) 888-8902,$656.00,Swing,https://cdn.4insite.com/assets/1612299821.4215329_MITPhoto_t.jpg,https://cdn.4insite.com/assets/1612299821.4215329_MITPhoto_t.png?X-Amz-Algorithm=AWS4-HMAC-SHA256&X-Amz-Content-Sha256=UNSIGNED-PAYLOAD&X-Amz-Credential=ASIA3P5EIQBK2EAQQJGJ%2F20260612%2Fus-west-2%2Fs3%2Faws4_request&X-Amz-Date=20260612T183738Z&X-Amz-Expires=300&X-Amz-Security-Token=IQoJb3JpZ2luX2VjEFMaCXVzLXdlc3QtMiJIMEYCIQD7KMRDZFJWYkfGCdXYApkS8K5vx6Z0M%2F6glnpxwSJ0jQIhAP3ShKjrMYxejB3Nt%2B9np%2Buje6TcRvAqgNycgnVOQ3ucKu0CCBwQBBoMNzkwMDgxNjAxNjIxIgwHgLc7ZY7sW841rFEqygJy%2BOAkHJMI%2BAajjHps6ZmL%2FZiXZ8KpOCPeJcLFc2HJmV%2BkS5AS%2BO0PtVkBv3Q4n0veLZ%2FqH3fVLFXBfj4t7W0TQ85CnCnBNXv1E7VAH2dp2qr2X2x7CRChFs5BMNXuxLo1nOnhlgPPtvWy%2BZqTaiP%2FksKv7BXWKtcB2fJkIJlkHXmA66EcGkcXPeSrLJYzb8MmXHxBfpCkn5PtDPg75CGm1JRrPwRhkRojfMlhBn39YcwtXSqbMc4%2F58clKYnArfOxaaDEdV4cYA7iizEftKNKmZxMmRn3%2B9Q8YGBTtZn3UjpWFyV69rXDwg%2F6BfoGcwylsc6%2FM7wRp5wHtECG5Z7Ffuvu%2F6BXVjJjLTiFjjcl3z%2BM%2F%2FTuw5bcdDn2l3ycvSYrTEHdTQlqQpQxV0fR50tDKWklUPrgwtXp2TvdNHnvSlqXZszxTg367uAwu9uw0QY6rAKw6ejecdP8ZQ45dk73KWeJl1w8hn0aWvUHRTIVKV5FizKeOv%2FKQrQ8loAJ4v8IA4v3LA2uIolG9DKOFJfI6WA0uOkIdrcoJhI9r92t%2FG7XPE4KhnWAgAPFY3AWvo0rikBjSXc%2Fu2k9BANoqkG4tXWux6YgvS8CaeZ3p8Pei%2Fv1uLYXUyAQBDMcwv1TGYQAlef3fo9eSN8wUKo3%2FzqHHKyq%2BZFX08HAw7lVlzmUedF8P8e0nj0EK2ohDmfh5VnjDC5hBWBJvzFCugkf9ZGTljbZTyMZNRM46YMmyjmZXyqsAD1JBNce%2F3YEcTPTe54157nE1JHri3DwyFQtIReTxa%2BpJenYenfN30QJNf%2Fy3vGc0ObBk8TonskU4%2B%2F2aaU9hTdOQEmdLW6sW2UtTV8%3D&X-Amz-Signature=c27ab6921d892c55f4ec6c091c6ac22489ec22aab357613c429ac6b1a07ba8fe&X-Amz-SignedHeaders=host&response-content-disposition=inline
Jewel Lucas,bradl@hotmail.com,Account Dir,IBM (SG) (CBRE) – MBFC,Microsoft (CBRE) – Puget Sound (CBRE),04/06/2021,1:30 PM,(000) 000-0009,"$1,128.00",Graveyard,https://cdn.4insite.com/assets/28ab37cc31524df0999ebf10f2628c66_HS1_t.jpg,https://cdn.4insite.com/assets/4f8a0636843a4d7ebd8348116f66c5dc_IMG_0319_t.png?X-Amz-Algorithm=AWS4-HMAC-SHA256&X-Amz-Content-Sha256=UNSIGNED-PAYLOAD&X-Amz-Credential=ASIA3P5EIQBK6SEGSSUC%2F20260612%2Fus-west-2%2Fs3%2Faws4_request&X-Amz-Date=20260612T183908Z&X-Amz-Expires=300&X-Amz-Security-Token=IQoJb3JpZ2luX2VjEFMaCXVzLXdlc3QtMiJHMEUCIFXt64TUcxL0aKV5GKRME99rA6P8orHKHWAkpkMCWrt%2FAiEAu1v6f%2BAyhk7aoTciaX3JcygYZVHl1HR0ohhl57%2FPHtUq7QIIHBAEGgw3OTAwODE2MDE2MjEiDOtMBiERQkJahrCG1irKAlLaTjP7ayIM2ZHBtI8vFP3I2ZNInPqJgoPU%2FtGq6j%2FEKrLOQc%2B4aq012Zs6PPSlABrahFXVvOk7l%2BXaY8jSHhzd0%2FPGln5pm%2FG0cO6zNG4iqXovql0MVNrlTqwBjUa3swSdbsCEfIPbXmkOYH4N3pbCn8L%2FRc2n3C5Xawz0vyLTqNOEn4gAhQVd2i4oigxbWmxFyfEJP3YPdKk%2FR94P3D%2BEa2h3Bfg3skDL0GwVO6g0keFOs%2BEsFMA7BbbaJCWFhc1rQRKp422Pe1gvZg0RJlidtwS74l8bJUdaw%2FUnMkRKdTLF5wd6bnjtEkw6Fy8IU4nqPLhkMHXyHM7g9X5%2FhlCOMDubJz7vZALeSHtn1iL1e6yNY2CtbRJhYpSlDx3jXl571Z7etA0PuE%2BvOAMsKniOO5nHZEc%2BcyBsittY0%2F4ZZCSyGjHG%2FXIQKzC727DRBjqtAqPiTqBi7QTouh0gP5v0rChjoq%2B0e0oVJ%2F%2FQyDc13wTgvVtqB96hq8UpYAiIddp27PT7oiHq92a%2F5gP%2BOvRwQ2VAndowVABhdxUzIxTTDgUkQdKKOXldpzysSKYzuPq64WZQ1DQMn00lssjhqIqbru2%2Bs9XjH%2BFYC8oIKcuKV035y94M1IOStTns3V4Ati%2B9A0zjqCkdrrBvH0gRTlwQijNQMFec5uc0JojnB0HJ%2F7yZyyKFD4cRAicR8p2%2FYUuisIgCZV9Gf8dGK0OmeujMk30TefRMxHCINvmPl%2FCoxGlACg5yvsXTV7mUNoID8A%2FzVstOU3kBsEq7CRZk0n%2Bg%2BjewyxiddZNe5WfHIObmL6x%2BQnf9lDk0ldmVwFDo176Pnl21YBLr7iBsZcLphEA%3D&X-Amz-Signature=c447551b8f7157b3013ea9e49a79c47876854b11bfa21e8cc7931e33013619fd&X-Amz-SignedHeaders=host&response-content-disposition=inline
Davis Marsh,dsugal@sbcglobal.net,Site Mgr,"HP (JLL) – Aguadilla, PR ","Delta - LaGuardia, NY",02/16/2020,7:15 PM,(555) 555-5569,"$7,932.00",Day,https://cdn.4insite.com/assets/1597337609.0038068_joshgrady_t.jpg,https://cdn.4insite.com/assets/8820e304d56842aa91c63a8b1de048aa_Anna_t.png?X-Amz-Algorithm=AWS4-HMAC-SHA256&X-Amz-Content-Sha256=UNSIGNED-PAYLOAD&X-Amz-Credential=ASIA3P5EIQBK6SEGSSUC%2F20260612%2Fus-west-2%2Fs3%2Faws4_request&X-Amz-Date=20260612T183908Z&X-Amz-Expires=300&X-Amz-Security-Token=IQoJb3JpZ2luX2VjEFMaCXVzLXdlc3QtMiJHMEUCIFXt64TUcxL0aKV5GKRME99rA6P8orHKHWAkpkMCWrt%2FAiEAu1v6f%2BAyhk7aoTciaX3JcygYZVHl1HR0ohhl57%2FPHtUq7QIIHBAEGgw3OTAwODE2MDE2MjEiDOtMBiERQkJahrCG1irKAlLaTjP7ayIM2ZHBtI8vFP3I2ZNInPqJgoPU%2FtGq6j%2FEKrLOQc%2B4aq012Zs6PPSlABrahFXVvOk7l%2BXaY8jSHhzd0%2FPGln5pm%2FG0cO6zNG4iqXovql0MVNrlTqwBjUa3swSdbsCEfIPbXmkOYH4N3pbCn8L%2FRc2n3C5Xawz0vyLTqNOEn4gAhQVd2i4oigxbWmxFyfEJP3YPdKk%2FR94P3D%2BEa2h3Bfg3skDL0GwVO6g0keFOs%2BEsFMA7BbbaJCWFhc1rQRKp422Pe1gvZg0RJlidtwS74l8bJUdaw%2FUnMkRKdTLF5wd6bnjtEkw6Fy8IU4nqPLhkMHXyHM7g9X5%2FhlCOMDubJz7vZALeSHtn1iL1e6yNY2CtbRJhYpSlDx3jXl571Z7etA0PuE%2BvOAMsKniOO5nHZEc%2BcyBsittY0%2F4ZZCSyGjHG%2FXIQKzC727DRBjqtAqPiTqBi7QTouh0gP5v0rChjoq%2B0e0oVJ%2F%2FQyDc13wTgvVtqB96hq8UpYAiIddp27PT7oiHq92a%2F5gP%2BOvRwQ2VAndowVABhdxUzIxTTDgUkQdKKOXldpzysSKYzuPq64WZQ1DQMn00lssjhqIqbru2%2Bs9XjH%2BFYC8oIKcuKV035y94M1IOStTns3V4Ati%2B9A0zjqCkdrrBvH0gRTlwQijNQMFec5uc0JojnB0HJ%2F7yZyyKFD4cRAicR8p2%2FYUuisIgCZV9Gf8dGK0OmeujMk30TefRMxHCINvmPl%2FCoxGlACg5yvsXTV7mUNoID8A%2FzVstOU3kBsEq7CRZk0n%2Bg%2BjewyxiddZNe5WfHIObmL6x%2BQnf9lDk0ldmVwFDo176Pnl21YBLr7iBsZcLphEA%3D&X-Amz-Signature=540727556994063ee75829167247c0b217c9e15420323d35eef9c1bfb0ea46ef&X-Amz-SignedHeaders=host&response-content-disposition=inline
Asher Bass,notaprguy@me.com,Sr Site Mgr,"Admedes – Admedes, Cartago","Delta - Detroit, MI",12/05/2020,7:50 PM,(333) 333-3348,"$4,829.00",Night,https://cdn.4insite.com/assets/ba725c4f8816402fa5b98f2bcde79224_LinkedInPic_t.jpg,https://cdn.4insite.com/assets/77b3f773d35440b6b2467d1dbd12ba5b_ProfilePicture_t.png?X-Amz-Algorithm=AWS4-HMAC-SHA256&X-Amz-Content-Sha256=UNSIGNED-PAYLOAD&X-Amz-Credential=ASIA3P5EIQBK6SEGSSUC%2F20260612%2Fus-west-2%2Fs3%2Faws4_request&X-Amz-Date=20260612T183908Z&X-Amz-Expires=300&X-Amz-Security-Token=IQoJb3JpZ2luX2VjEFMaCXVzLXdlc3QtMiJHMEUCIFXt64TUcxL0aKV5GKRME99rA6P8orHKHWAkpkMCWrt%2FAiEAu1v6f%2BAyhk7aoTciaX3JcygYZVHl1HR0ohhl57%2FPHtUq7QIIHBAEGgw3OTAwODE2MDE2MjEiDOtMBiERQkJahrCG1irKAlLaTjP7ayIM2ZHBtI8vFP3I2ZNInPqJgoPU%2FtGq6j%2FEKrLOQc%2B4aq012Zs6PPSlABrahFXVvOk7l%2BXaY8jSHhzd0%2FPGln5pm%2FG0cO6zNG4iqXovql0MVNrlTqwBjUa3swSdbsCEfIPbXmkOYH4N3pbCn8L%2FRc2n3C5Xawz0vyLTqNOEn4gAhQVd2i4oigxbWmxFyfEJP3YPdKk%2FR94P3D%2BEa2h3Bfg3skDL0GwVO6g0keFOs%2BEsFMA7BbbaJCWFhc1rQRKp422Pe1gvZg0RJlidtwS74l8bJUdaw%2FUnMkRKdTLF5wd6bnjtEkw6Fy8IU4nqPLhkMHXyHM7g9X5%2FhlCOMDubJz7vZALeSHtn1iL1e6yNY2CtbRJhYpSlDx3jXl571Z7etA0PuE%2BvOAMsKniOO5nHZEc%2BcyBsittY0%2F4ZZCSyGjHG%2FXIQKzC727DRBjqtAqPiTqBi7QTouh0gP5v0rChjoq%2B0e0oVJ%2F%2FQyDc13wTgvVtqB96hq8UpYAiIddp27PT7oiHq92a%2F5gP%2BOvRwQ2VAndowVABhdxUzIxTTDgUkQdKKOXldpzysSKYzuPq64WZQ1DQMn00lssjhqIqbru2%2Bs9XjH%2BFYC8oIKcuKV035y94M1IOStTns3V4Ati%2B9A0zjqCkdrrBvH0gRTlwQijNQMFec5uc0JojnB0HJ%2F7yZyyKFD4cRAicR8p2%2FYUuisIgCZV9Gf8dGK0OmeujMk30TefRMxHCINvmPl%2FCoxGlACg5yvsXTV7mUNoID8A%2FzVstOU3kBsEq7CRZk0n%2Bg%2BjewyxiddZNe5WfHIObmL6x%2BQnf9lDk0ldmVwFDo176Pnl21YBLr7iBsZcLphEA%3D&X-Amz-Signature=742bf439e76aa435393866fd5355c0531b382902230446a5fc6165e7e3618d48&X-Amz-SignedHeaders=host&response-content-disposition=inline
Yandel Hester,bbirth@yahoo.com,Assoc Site Mgr,"Nestle – ST. Joseph, MO - Purina ",Microsoft (CBRE) – Puget Sound (CBRE),06/28/2021,10:00 AM,(333) 333-3338,"$4,035.00",Swing,https://cdn.4insite.com/assets/r880c04faa1ab469689a84ac1ee3967db_NewPic_t.png,https://cdn.4insite.com/assets/323ea52977b44443af678cdd76a1ea8d_GLoriapic_t.png?X-Amz-Algorithm=AWS4-HMAC-SHA256&X-Amz-Content-Sha256=UNSIGNED-PAYLOAD&X-Amz-Credential=ASIA3P5EIQBK6SEGSSUC%2F20260612%2Fus-west-2%2Fs3%2Faws4_request&X-Amz-Date=20260612T183908Z&X-Amz-Expires=300&X-Amz-Security-Token=IQoJb3JpZ2luX2VjEFMaCXVzLXdlc3QtMiJHMEUCIFXt64TUcxL0aKV5GKRME99rA6P8orHKHWAkpkMCWrt%2FAiEAu1v6f%2BAyhk7aoTciaX3JcygYZVHl1HR0ohhl57%2FPHtUq7QIIHBAEGgw3OTAwODE2MDE2MjEiDOtMBiERQkJahrCG1irKAlLaTjP7ayIM2ZHBtI8vFP3I2ZNInPqJgoPU%2FtGq6j%2FEKrLOQc%2B4aq012Zs6PPSlABrahFXVvOk7l%2BXaY8jSHhzd0%2FPGln5pm%2FG0cO6zNG4iqXovql0MVNrlTqwBjUa3swSdbsCEfIPbXmkOYH4N3pbCn8L%2FRc2n3C5Xawz0vyLTqNOEn4gAhQVd2i4oigxbWmxFyfEJP3YPdKk%2FR94P3D%2BEa2h3Bfg3skDL0GwVO6g0keFOs%2BEsFMA7BbbaJCWFhc1rQRKp422Pe1gvZg0RJlidtwS74l8bJUdaw%2FUnMkRKdTLF5wd6bnjtEkw6Fy8IU4nqPLhkMHXyHM7g9X5%2FhlCOMDubJz7vZALeSHtn1iL1e6yNY2CtbRJhYpSlDx3jXl571Z7etA0PuE%2BvOAMsKniOO5nHZEc%2BcyBsittY0%2F4ZZCSyGjHG%2FXIQKzC727DRBjqtAqPiTqBi7QTouh0gP5v0rChjoq%2B0e0oVJ%2F%2FQyDc13wTgvVtqB96hq8UpYAiIddp27PT7oiHq92a%2F5gP%2BOvRwQ2VAndowVABhdxUzIxTTDgUkQdKKOXldpzysSKYzuPq64WZQ1DQMn00lssjhqIqbru2%2Bs9XjH%2BFYC8oIKcuKV035y94M1IOStTns3V4Ati%2B9A0zjqCkdrrBvH0gRTlwQijNQMFec5uc0JojnB0HJ%2F7yZyyKFD4cRAicR8p2%2FYUuisIgCZV9Gf8dGK0OmeujMk30TefRMxHCINvmPl%2FCoxGlACg5yvsXTV7mUNoID8A%2FzVstOU3kBsEq7CRZk0n%2Bg%2BjewyxiddZNe5WfHIObmL6x%2BQnf9lDk0ldmVwFDo176Pnl21YBLr7iBsZcLphEA%3D&X-Amz-Signature=64420e95dc80346b8fa1848db29bb2035a1c90e3ab3834298ab3646b206e1a76&X-Amz-SignedHeaders=host&response-content-disposition=inline
Alyson Bradley,jdhedden@comcast.net,Account Mgr,"GE Healthcare – Chicago, IL","Delta - LaGuardia, NY",02/23/2020,12:25 PM,(555) 555-5563,"$4,015.00",Graveyard,https://cdn.4insite.com/assets/r6fa7e5e9447f412ea5d19152cd587135_Screenshot20250923111350_t.png,https://cdn.4insite.com/assets/c965d3339f034fe2bf19448110dab4cc_ir_t.png?X-Amz-Algorithm=AWS4-HMAC-SHA256&X-Amz-Content-Sha256=UNSIGNED-PAYLOAD&X-Amz-Credential=ASIA3P5EIQBK6SEGSSUC%2F20260612%2Fus-west-2%2Fs3%2Faws4_request&X-Amz-Date=20260612T183908Z&X-Amz-Expires=300&X-Amz-Security-Token=IQoJb3JpZ2luX2VjEFMaCXVzLXdlc3QtMiJHMEUCIFXt64TUcxL0aKV5GKRME99rA6P8orHKHWAkpkMCWrt%2FAiEAu1v6f%2BAyhk7aoTciaX3JcygYZVHl1HR0ohhl57%2FPHtUq7QIIHBAEGgw3OTAwODE2MDE2MjEiDOtMBiERQkJahrCG1irKAlLaTjP7ayIM2ZHBtI8vFP3I2ZNInPqJgoPU%2FtGq6j%2FEKrLOQc%2B4aq012Zs6PPSlABrahFXVvOk7l%2BXaY8jSHhzd0%2FPGln5pm%2FG0cO6zNG4iqXovql0MVNrlTqwBjUa3swSdbsCEfIPbXmkOYH4N3pbCn8L%2FRc2n3C5Xawz0vyLTqNOEn4gAhQVd2i4oigxbWmxFyfEJP3YPdKk%2FR94P3D%2BEa2h3Bfg3skDL0GwVO6g0keFOs%2BEsFMA7BbbaJCWFhc1rQRKp422Pe1gvZg0RJlidtwS74l8bJUdaw%2FUnMkRKdTLF5wd6bnjtEkw6Fy8IU4nqPLhkMHXyHM7g9X5%2FhlCOMDubJz7vZALeSHtn1iL1e6yNY2CtbRJhYpSlDx3jXl571Z7etA0PuE%2BvOAMsKniOO5nHZEc%2BcyBsittY0%2F4ZZCSyGjHG%2FXIQKzC727DRBjqtAqPiTqBi7QTouh0gP5v0rChjoq%2B0e0oVJ%2F%2FQyDc13wTgvVtqB96hq8UpYAiIddp27PT7oiHq92a%2F5gP%2BOvRwQ2VAndowVABhdxUzIxTTDgUkQdKKOXldpzysSKYzuPq64WZQ1DQMn00lssjhqIqbru2%2Bs9XjH%2BFYC8oIKcuKV035y94M1IOStTns3V4Ati%2B9A0zjqCkdrrBvH0gRTlwQijNQMFec5uc0JojnB0HJ%2F7yZyyKFD4cRAicR8p2%2FYUuisIgCZV9Gf8dGK0OmeujMk30TefRMxHCINvmPl%2FCoxGlACg5yvsXTV7mUNoID8A%2FzVstOU3kBsEq7CRZk0n%2Bg%2BjewyxiddZNe5WfHIObmL6x%2BQnf9lDk0ldmVwFDo176Pnl21YBLr7iBsZcLphEA%3D&X-Amz-Signature=c520b99a9c6a5fca230d92b0336f4706717dfcde49475df1d7d81c0544454767&X-Amz-SignedHeaders=host&response-content-disposition=inline
Walter Skinner,comdig@mac.com,Account Dir,"Genentech – Hillsboro, OR","Delta - Detroit, MI",09/25/2021,8:35 AM,(444) 444-4447,"$8,303.00",Day,https://cdn.4insite.com/assets/r638204abf8a74c6588ae0706550a87bc_Wittekind_Kim_WHT_t.jpg,https://cdn.4insite.com/assets/bb6ba2cdc8b14c43ae94f3550aa86c00_NicolasVillalobos_t.png?X-Amz-Algorithm=AWS4-HMAC-SHA256&X-Amz-Content-Sha256=UNSIGNED-PAYLOAD&X-Amz-Credential=ASIA3P5EIQBK6SEGSSUC%2F20260612%2Fus-west-2%2Fs3%2Faws4_request&X-Amz-Date=20260612T183908Z&X-Amz-Expires=300&X-Amz-Security-Token=IQoJb3JpZ2luX2VjEFMaCXVzLXdlc3QtMiJHMEUCIFXt64TUcxL0aKV5GKRME99rA6P8orHKHWAkpkMCWrt%2FAiEAu1v6f%2BAyhk7aoTciaX3JcygYZVHl1HR0ohhl57%2FPHtUq7QIIHBAEGgw3OTAwODE2MDE2MjEiDOtMBiERQkJahrCG1irKAlLaTjP7ayIM2ZHBtI8vFP3I2ZNInPqJgoPU%2FtGq6j%2FEKrLOQc%2B4aq012Zs6PPSlABrahFXVvOk7l%2BXaY8jSHhzd0%2FPGln5pm%2FG0cO6zNG4iqXovql0MVNrlTqwBjUa3swSdbsCEfIPbXmkOYH4N3pbCn8L%2FRc2n3C5Xawz0vyLTqNOEn4gAhQVd2i4oigxbWmxFyfEJP3YPdKk%2FR94P3D%2BEa2h3Bfg3skDL0GwVO6g0keFOs%2BEsFMA7BbbaJCWFhc1rQRKp422Pe1gvZg0RJlidtwS74l8bJUdaw%2FUnMkRKdTLF5wd6bnjtEkw6Fy8IU4nqPLhkMHXyHM7g9X5%2FhlCOMDubJz7vZALeSHtn1iL1e6yNY2CtbRJhYpSlDx3jXl571Z7etA0PuE%2BvOAMsKniOO5nHZEc%2BcyBsittY0%2F4ZZCSyGjHG%2FXIQKzC727DRBjqtAqPiTqBi7QTouh0gP5v0rChjoq%2B0e0oVJ%2F%2FQyDc13wTgvVtqB96hq8UpYAiIddp27PT7oiHq92a%2F5gP%2BOvRwQ2VAndowVABhdxUzIxTTDgUkQdKKOXldpzysSKYzuPq64WZQ1DQMn00lssjhqIqbru2%2Bs9XjH%2BFYC8oIKcuKV035y94M1IOStTns3V4Ati%2B9A0zjqCkdrrBvH0gRTlwQijNQMFec5uc0JojnB0HJ%2F7yZyyKFD4cRAicR8p2%2FYUuisIgCZV9Gf8dGK0OmeujMk30TefRMxHCINvmPl%2FCoxGlACg5yvsXTV7mUNoID8A%2FzVstOU3kBsEq7CRZk0n%2Bg%2BjewyxiddZNe5WfHIObmL6x%2BQnf9lDk0ldmVwFDo176Pnl21YBLr7iBsZcLphEA%3D&X-Amz-Signature=a9a6429fc0050f7071ed81b32995e52c8ccb09e12268e098bbe7e104c75d9185&X-Amz-SignedHeaders=host&response-content-disposition=inline
Gracie Parker,world@sbcglobal.net,Site Mgr,Hasbro (JLL) – Central Falls,Microsoft (CBRE) – Puget Sound (CBRE),01/10/2022,12:05 PM,(111) 111-1119,"$5,097.00",Night,https://cdn.4insite.com/assets/r9517ad7ffd7446e9b1dc043c720689fd_NickCullinanHeadshotcopy_t.png,https://cdn.4insite.com/assets/b4405cbab1e84969aea671be61ad0106_CA_t.png?X-Amz-Algorithm=AWS4-HMAC-SHA256&X-Amz-Content-Sha256=UNSIGNED-PAYLOAD&X-Amz-Credential=ASIA3P5EIQBK6SEGSSUC%2F20260612%2Fus-west-2%2Fs3%2Faws4_request&X-Amz-Date=20260612T183908Z&X-Amz-Expires=300&X-Amz-Security-Token=IQoJb3JpZ2luX2VjEFMaCXVzLXdlc3QtMiJHMEUCIFXt64TUcxL0aKV5GKRME99rA6P8orHKHWAkpkMCWrt%2FAiEAu1v6f%2BAyhk7aoTciaX3JcygYZVHl1HR0ohhl57%2FPHtUq7QIIHBAEGgw3OTAwODE2MDE2MjEiDOtMBiERQkJahrCG1irKAlLaTjP7ayIM2ZHBtI8vFP3I2ZNInPqJgoPU%2FtGq6j%2FEKrLOQc%2B4aq012Zs6PPSlABrahFXVvOk7l%2BXaY8jSHhzd0%2FPGln5pm%2FG0cO6zNG4iqXovql0MVNrlTqwBjUa3swSdbsCEfIPbXmkOYH4N3pbCn8L%2FRc2n3C5Xawz0vyLTqNOEn4gAhQVd2i4oigxbWmxFyfEJP3YPdKk%2FR94P3D%2BEa2h3Bfg3skDL0GwVO6g0keFOs%2BEsFMA7BbbaJCWFhc1rQRKp422Pe1gvZg0RJlidtwS74l8bJUdaw%2FUnMkRKdTLF5wd6bnjtEkw6Fy8IU4nqPLhkMHXyHM7g9X5%2FhlCOMDubJz7vZALeSHtn1iL1e6yNY2CtbRJhYpSlDx3jXl571Z7etA0PuE%2BvOAMsKniOO5nHZEc%2BcyBsittY0%2F4ZZCSyGjHG%2FXIQKzC727DRBjqtAqPiTqBi7QTouh0gP5v0rChjoq%2B0e0oVJ%2F%2FQyDc13wTgvVtqB96hq8UpYAiIddp27PT7oiHq92a%2F5gP%2BOvRwQ2VAndowVABhdxUzIxTTDgUkQdKKOXldpzysSKYzuPq64WZQ1DQMn00lssjhqIqbru2%2Bs9XjH%2BFYC8oIKcuKV035y94M1IOStTns3V4Ati%2B9A0zjqCkdrrBvH0gRTlwQijNQMFec5uc0JojnB0HJ%2F7yZyyKFD4cRAicR8p2%2FYUuisIgCZV9Gf8dGK0OmeujMk30TefRMxHCINvmPl%2FCoxGlACg5yvsXTV7mUNoID8A%2FzVstOU3kBsEq7CRZk0n%2Bg%2BjewyxiddZNe5WfHIObmL6x%2BQnf9lDk0ldmVwFDo176Pnl21YBLr7iBsZcLphEA%3D&X-Amz-Signature=68441e3b426c4f6a894aae9f3c88800c29cf0b05b2c73259ccf671f66ff896cb&X-Amz-SignedHeaders=host&response-content-disposition=inline
Landin Rivers,jorgb@icloud.com,Sr Site Mgr,AT&T (CBRE) – Singapore,"Delta - LaGuardia, NY",01/03/2021,9:55 AM,(222) 222-227,"$5,377.00",Swing,https://cdn.4insite.com/assets/1578959432.5334392_Mypic_t.jpg,https://cdn.4insite.com/assets/96869805cb324b1cacd3f9915a8f4bb9_SBMHeadshot1_t.png?X-Amz-Algorithm=AWS4-HMAC-SHA256&X-Amz-Content-Sha256=UNSIGNED-PAYLOAD&X-Amz-Credential=ASIA3P5EIQBK6SEGSSUC%2F20260612%2Fus-west-2%2Fs3%2Faws4_request&X-Amz-Date=20260612T183908Z&X-Amz-Expires=300&X-Amz-Security-Token=IQoJb3JpZ2luX2VjEFMaCXVzLXdlc3QtMiJHMEUCIFXt64TUcxL0aKV5GKRME99rA6P8orHKHWAkpkMCWrt%2FAiEAu1v6f%2BAyhk7aoTciaX3JcygYZVHl1HR0ohhl57%2FPHtUq7QIIHBAEGgw3OTAwODE2MDE2MjEiDOtMBiERQkJahrCG1irKAlLaTjP7ayIM2ZHBtI8vFP3I2ZNInPqJgoPU%2FtGq6j%2FEKrLOQc%2B4aq012Zs6PPSlABrahFXVvOk7l%2BXaY8jSHhzd0%2FPGln5pm%2FG0cO6zNG4iqXovql0MVNrlTqwBjUa3swSdbsCEfIPbXmkOYH4N3pbCn8L%2FRc2n3C5Xawz0vyLTqNOEn4gAhQVd2i4oigxbWmxFyfEJP3YPdKk%2FR94P3D%2BEa2h3Bfg3skDL0GwVO6g0keFOs%2BEsFMA7BbbaJCWFhc1rQRKp422Pe1gvZg0RJlidtwS74l8bJUdaw%2FUnMkRKdTLF5wd6bnjtEkw6Fy8IU4nqPLhkMHXyHM7g9X5%2FhlCOMDubJz7vZALeSHtn1iL1e6yNY2CtbRJhYpSlDx3jXl571Z7etA0PuE%2BvOAMsKniOO5nHZEc%2BcyBsittY0%2F4ZZCSyGjHG%2FXIQKzC727DRBjqtAqPiTqBi7QTouh0gP5v0rChjoq%2B0e0oVJ%2F%2FQyDc13wTgvVtqB96hq8UpYAiIddp27PT7oiHq92a%2F5gP%2BOvRwQ2VAndowVABhdxUzIxTTDgUkQdKKOXldpzysSKYzuPq64WZQ1DQMn00lssjhqIqbru2%2Bs9XjH%2BFYC8oIKcuKV035y94M1IOStTns3V4Ati%2B9A0zjqCkdrrBvH0gRTlwQijNQMFec5uc0JojnB0HJ%2F7yZyyKFD4cRAicR8p2%2FYUuisIgCZV9Gf8dGK0OmeujMk30TefRMxHCINvmPl%2FCoxGlACg5yvsXTV7mUNoID8A%2FzVstOU3kBsEq7CRZk0n%2Bg%2BjewyxiddZNe5WfHIObmL6x%2BQnf9lDk0ldmVwFDo176Pnl21YBLr7iBsZcLphEA%3D&X-Amz-Signature=89f717d59f379d0bc53385490a5f9e56cd882fe83640b7e0d2c09a36a6efa0e3&X-Amz-SignedHeaders=host&response-content-disposition=inline
Tommy Mays,gordonjcp@outlook.com,Assoc Site Mgr,NIKE – Adapt,"Delta - Detroit, MI",12/23/2021,6:20 AM,(444) 444-4444,"$720,230.30",Graveyard,https://cdn.4insite.com/assets/r90341859da1b44df8b9859f8860a58df_Screenshot20240116233449_t.png,https://cdn.4insite.com/assets/r15538fe9fbf8458b9a9ce7dafabd993f_IMG_8800Medium_t.png?X-Amz-Algorithm=AWS4-HMAC-SHA256&X-Amz-Content-Sha256=UNSIGNED-PAYLOAD&X-Amz-Credential=ASIA3P5EIQBK6SEGSSUC%2F20260612%2Fus-west-2%2Fs3%2Faws4_request&X-Amz-Date=20260612T183908Z&X-Amz-Expires=300&X-Amz-Security-Token=IQoJb3JpZ2luX2VjEFMaCXVzLXdlc3QtMiJHMEUCIFXt64TUcxL0aKV5GKRME99rA6P8orHKHWAkpkMCWrt%2FAiEAu1v6f%2BAyhk7aoTciaX3JcygYZVHl1HR0ohhl57%2FPHtUq7QIIHBAEGgw3OTAwODE2MDE2MjEiDOtMBiERQkJahrCG1irKAlLaTjP7ayIM2ZHBtI8vFP3I2ZNInPqJgoPU%2FtGq6j%2FEKrLOQc%2B4aq012Zs6PPSlABrahFXVvOk7l%2BXaY8jSHhzd0%2FPGln5pm%2FG0cO6zNG4iqXovql0MVNrlTqwBjUa3swSdbsCEfIPbXmkOYH4N3pbCn8L%2FRc2n3C5Xawz0vyLTqNOEn4gAhQVd2i4oigxbWmxFyfEJP3YPdKk%2FR94P3D%2BEa2h3Bfg3skDL0GwVO6g0keFOs%2BEsFMA7BbbaJCWFhc1rQRKp422Pe1gvZg0RJlidtwS74l8bJUdaw%2FUnMkRKdTLF5wd6bnjtEkw6Fy8IU4nqPLhkMHXyHM7g9X5%2FhlCOMDubJz7vZALeSHtn1iL1e6yNY2CtbRJhYpSlDx3jXl571Z7etA0PuE%2BvOAMsKniOO5nHZEc%2BcyBsittY0%2F4ZZCSyGjHG%2FXIQKzC727DRBjqtAqPiTqBi7QTouh0gP5v0rChjoq%2B0e0oVJ%2F%2FQyDc13wTgvVtqB96hq8UpYAiIddp27PT7oiHq92a%2F5gP%2BOvRwQ2VAndowVABhdxUzIxTTDgUkQdKKOXldpzysSKYzuPq64WZQ1DQMn00lssjhqIqbru2%2Bs9XjH%2BFYC8oIKcuKV035y94M1IOStTns3V4Ati%2B9A0zjqCkdrrBvH0gRTlwQijNQMFec5uc0JojnB0HJ%2F7yZyyKFD4cRAicR8p2%2FYUuisIgCZV9Gf8dGK0OmeujMk30TefRMxHCINvmPl%2FCoxGlACg5yvsXTV7mUNoID8A%2FzVstOU3kBsEq7CRZk0n%2Bg%2BjewyxiddZNe5WfHIObmL6x%2BQnf9lDk0ldmVwFDo176Pnl21YBLr7iBsZcLphEA%3D&X-Amz-Signature=cd3b5bd263ba77642781d645613126e7b65191213522d1c2e6c2d4c9ef7abcc3&X-Amz-SignedHeaders=host&response-content-disposition=inline
Ellie Saunders,ryanshaw@icloud.com,Account Mgr,Asurion (JLL) – Gulch,Microsoft (CBRE) – Puget Sound (CBRE),10/23/2020,12:55 PM,(222) 222-231,"$1,167.00",Day,https://cdn.4insite.com/assets/61615d212b634c3fafc1a841455d8f96_TLheadshot_t.jpg,https://cdn.4insite.com/assets/f1b056f6b6874f37b4e23ace9b2ce03d_IMG_5624_t.png?X-Amz-Algorithm=AWS4-HMAC-SHA256&X-Amz-Content-Sha256=UNSIGNED-PAYLOAD&X-Amz-Credential=ASIA3P5EIQBK6SEGSSUC%2F20260612%2Fus-west-2%2Fs3%2Faws4_request&X-Amz-Date=20260612T183908Z&X-Amz-Expires=300&X-Amz-Security-Token=IQoJb3JpZ2luX2VjEFMaCXVzLXdlc3QtMiJHMEUCIFXt64TUcxL0aKV5GKRME99rA6P8orHKHWAkpkMCWrt%2FAiEAu1v6f%2BAyhk7aoTciaX3JcygYZVHl1HR0ohhl57%2FPHtUq7QIIHBAEGgw3OTAwODE2MDE2MjEiDOtMBiERQkJahrCG1irKAlLaTjP7ayIM2ZHBtI8vFP3I2ZNInPqJgoPU%2FtGq6j%2FEKrLOQc%2B4aq012Zs6PPSlABrahFXVvOk7l%2BXaY8jSHhzd0%2FPGln5pm%2FG0cO6zNG4iqXovql0MVNrlTqwBjUa3swSdbsCEfIPbXmkOYH4N3pbCn8L%2FRc2n3C5Xawz0vyLTqNOEn4gAhQVd2i4oigxbWmxFyfEJP3YPdKk%2FR94P3D%2BEa2h3Bfg3skDL0GwVO6g0keFOs%2BEsFMA7BbbaJCWFhc1rQRKp422Pe1gvZg0RJlidtwS74l8bJUdaw%2FUnMkRKdTLF5wd6bnjtEkw6Fy8IU4nqPLhkMHXyHM7g9X5%2FhlCOMDubJz7vZALeSHtn1iL1e6yNY2CtbRJhYpSlDx3jXl571Z7etA0PuE%2BvOAMsKniOO5nHZEc%2BcyBsittY0%2F4ZZCSyGjHG%2FXIQKzC727DRBjqtAqPiTqBi7QTouh0gP5v0rChjoq%2B0e0oVJ%2F%2FQyDc13wTgvVtqB96hq8UpYAiIddp27PT7oiHq92a%2F5gP%2BOvRwQ2VAndowVABhdxUzIxTTDgUkQdKKOXldpzysSKYzuPq64WZQ1DQMn00lssjhqIqbru2%2Bs9XjH%2BFYC8oIKcuKV035y94M1IOStTns3V4Ati%2B9A0zjqCkdrrBvH0gRTlwQijNQMFec5uc0JojnB0HJ%2F7yZyyKFD4cRAicR8p2%2FYUuisIgCZV9Gf8dGK0OmeujMk30TefRMxHCINvmPl%2FCoxGlACg5yvsXTV7mUNoID8A%2FzVstOU3kBsEq7CRZk0n%2Bg%2BjewyxiddZNe5WfHIObmL6x%2BQnf9lDk0ldmVwFDo176Pnl21YBLr7iBsZcLphEA%3D&X-Amz-Signature=ff8c82160ac1540212792cf472bdf762cd7fbb2e43366e582d00afbdc35a10bd&X-Amz-SignedHeaders=host&response-content-disposition=inline
Landin Boyle,parents@msn.com,Account Dir,IBM (SG) (CBRE) – MBFC,"Delta - LaGuardia, NY",03/18/2021,5:55 PM,(333) 333-3347,"$4,489.00",Night,https://cdn.4insite.com/assets/2cbc7b25e22345be91eed9e2fbfa8387_Upright2_t.jpg,https://cdn.4insite.com/assets/eef3bd1dec194713a10441637b71ac70_MOMO_1739539250336_t.png?X-Amz-Algorithm=AWS4-HMAC-SHA256&X-Amz-Content-Sha256=UNSIGNED-PAYLOAD&X-Amz-Credential=ASIA3P5EIQBK6SEGSSUC%2F20260612%2Fus-west-2%2Fs3%2Faws4_request&X-Amz-Date=20260612T183908Z&X-Amz-Expires=300&X-Amz-Security-Token=IQoJb3JpZ2luX2VjEFMaCXVzLXdlc3QtMiJHMEUCIFXt64TUcxL0aKV5GKRME99rA6P8orHKHWAkpkMCWrt%2FAiEAu1v6f%2BAyhk7aoTciaX3JcygYZVHl1HR0ohhl57%2FPHtUq7QIIHBAEGgw3OTAwODE2MDE2MjEiDOtMBiERQkJahrCG1irKAlLaTjP7ayIM2ZHBtI8vFP3I2ZNInPqJgoPU%2FtGq6j%2FEKrLOQc%2B4aq012Zs6PPSlABrahFXVvOk7l%2BXaY8jSHhzd0%2FPGln5pm%2FG0cO6zNG4iqXovql0MVNrlTqwBjUa3swSdbsCEfIPbXmkOYH4N3pbCn8L%2FRc2n3C5Xawz0vyLTqNOEn4gAhQVd2i4oigxbWmxFyfEJP3YPdKk%2FR94P3D%2BEa2h3Bfg3skDL0GwVO6g0keFOs%2BEsFMA7BbbaJCWFhc1rQRKp422Pe1gvZg0RJlidtwS74l8bJUdaw%2FUnMkRKdTLF5wd6bnjtEkw6Fy8IU4nqPLhkMHXyHM7g9X5%2FhlCOMDubJz7vZALeSHtn1iL1e6yNY2CtbRJhYpSlDx3jXl571Z7etA0PuE%2BvOAMsKniOO5nHZEc%2BcyBsittY0%2F4ZZCSyGjHG%2FXIQKzC727DRBjqtAqPiTqBi7QTouh0gP5v0rChjoq%2B0e0oVJ%2F%2FQyDc13wTgvVtqB96hq8UpYAiIddp27PT7oiHq92a%2F5gP%2BOvRwQ2VAndowVABhdxUzIxTTDgUkQdKKOXldpzysSKYzuPq64WZQ1DQMn00lssjhqIqbru2%2Bs9XjH%2BFYC8oIKcuKV035y94M1IOStTns3V4Ati%2B9A0zjqCkdrrBvH0gRTlwQijNQMFec5uc0JojnB0HJ%2F7yZyyKFD4cRAicR8p2%2FYUuisIgCZV9Gf8dGK0OmeujMk30TefRMxHCINvmPl%2FCoxGlACg5yvsXTV7mUNoID8A%2FzVstOU3kBsEq7CRZk0n%2Bg%2BjewyxiddZNe5WfHIObmL6x%2BQnf9lDk0ldmVwFDo176Pnl21YBLr7iBsZcLphEA%3D&X-Amz-Signature=2e3421557a5c032c6ee9c603e543bc5f1956742607f20fc3899f1b3cd8fc0852&X-Amz-SignedHeaders=host&response-content-disposition=inline
Kayley Kemp,miltchev19@sbcglobal.net,Site Mgr,Wells Fargo (CBRE) – Campus - MN,"Delta - Detroit, MI",07/20/2020,8:45 PM,(555) 555-5571,"$7,649.00",Swing,https://cdn.4insite.com/assets/6401bf1e6e514db68398fc24c05c6d4f_phan_tai_h_t.png,https://cdn.4insite.com/assets/d00d62b4d550470eae367630d8785362_1714354628162_t.png?X-Amz-Algorithm=AWS4-HMAC-SHA256&X-Amz-Content-Sha256=UNSIGNED-PAYLOAD&X-Amz-Credential=ASIA3P5EIQBK6SEGSSUC%2F20260612%2Fus-west-2%2Fs3%2Faws4_request&X-Amz-Date=20260612T183908Z&X-Amz-Expires=300&X-Amz-Security-Token=IQoJb3JpZ2luX2VjEFMaCXVzLXdlc3QtMiJHMEUCIFXt64TUcxL0aKV5GKRME99rA6P8orHKHWAkpkMCWrt%2FAiEAu1v6f%2BAyhk7aoTciaX3JcygYZVHl1HR0ohhl57%2FPHtUq7QIIHBAEGgw3OTAwODE2MDE2MjEiDOtMBiERQkJahrCG1irKAlLaTjP7ayIM2ZHBtI8vFP3I2ZNInPqJgoPU%2FtGq6j%2FEKrLOQc%2B4aq012Zs6PPSlABrahFXVvOk7l%2BXaY8jSHhzd0%2FPGln5pm%2FG0cO6zNG4iqXovql0MVNrlTqwBjUa3swSdbsCEfIPbXmkOYH4N3pbCn8L%2FRc2n3C5Xawz0vyLTqNOEn4gAhQVd2i4oigxbWmxFyfEJP3YPdKk%2FR94P3D%2BEa2h3Bfg3skDL0GwVO6g0keFOs%2BEsFMA7BbbaJCWFhc1rQRKp422Pe1gvZg0RJlidtwS74l8bJUdaw%2FUnMkRKdTLF5wd6bnjtEkw6Fy8IU4nqPLhkMHXyHM7g9X5%2FhlCOMDubJz7vZALeSHtn1iL1e6yNY2CtbRJhYpSlDx3jXl571Z7etA0PuE%2BvOAMsKniOO5nHZEc%2BcyBsittY0%2F4ZZCSyGjHG%2FXIQKzC727DRBjqtAqPiTqBi7QTouh0gP5v0rChjoq%2B0e0oVJ%2F%2FQyDc13wTgvVtqB96hq8UpYAiIddp27PT7oiHq92a%2F5gP%2BOvRwQ2VAndowVABhdxUzIxTTDgUkQdKKOXldpzysSKYzuPq64WZQ1DQMn00lssjhqIqbru2%2Bs9XjH%2BFYC8oIKcuKV035y94M1IOStTns3V4Ati%2B9A0zjqCkdrrBvH0gRTlwQijNQMFec5uc0JojnB0HJ%2F7yZyyKFD4cRAicR8p2%2FYUuisIgCZV9Gf8dGK0OmeujMk30TefRMxHCINvmPl%2FCoxGlACg5yvsXTV7mUNoID8A%2FzVstOU3kBsEq7CRZk0n%2Bg%2BjewyxiddZNe5WfHIObmL6x%2BQnf9lDk0ldmVwFDo176Pnl21YBLr7iBsZcLphEA%3D&X-Amz-Signature=1d4f896fab42c7e03b6ccbdf4ddfec0d787f306f075dd07c24ffd107ad61c6a0&X-Amz-SignedHeaders=host&response-content-disposition=inline
Blaine Andrade,mbswan@outlook.com,Sr Site Mgr,AT&T (CBRE) – Singapore,Microsoft (CBRE) – Puget Sound (CBRE),01/14/2020,2:20 PM,(111) 111-1122,"$7,229.00",Graveyard,https://cdn.4insite.com/assets/de4f4480374045e580a2548316c68c8e_540995e8902e4461a0770dc70e7eb48e_t.jpg,https://cdn.4insite.com/assets/rdd0abc53c0974ef89f3685235a430010_PXL_20211103_113948699_t.png?X-Amz-Algorithm=AWS4-HMAC-SHA256&X-Amz-Content-Sha256=UNSIGNED-PAYLOAD&X-Amz-Credential=ASIA3P5EIQBK6SEGSSUC%2F20260612%2Fus-west-2%2Fs3%2Faws4_request&X-Amz-Date=20260612T183908Z&X-Amz-Expires=300&X-Amz-Security-Token=IQoJb3JpZ2luX2VjEFMaCXVzLXdlc3QtMiJHMEUCIFXt64TUcxL0aKV5GKRME99rA6P8orHKHWAkpkMCWrt%2FAiEAu1v6f%2BAyhk7aoTciaX3JcygYZVHl1HR0ohhl57%2FPHtUq7QIIHBAEGgw3OTAwODE2MDE2MjEiDOtMBiERQkJahrCG1irKAlLaTjP7ayIM2ZHBtI8vFP3I2ZNInPqJgoPU%2FtGq6j%2FEKrLOQc%2B4aq012Zs6PPSlABrahFXVvOk7l%2BXaY8jSHhzd0%2FPGln5pm%2FG0cO6zNG4iqXovql0MVNrlTqwBjUa3swSdbsCEfIPbXmkOYH4N3pbCn8L%2FRc2n3C5Xawz0vyLTqNOEn4gAhQVd2i4oigxbWmxFyfEJP3YPdKk%2FR94P3D%2BEa2h3Bfg3skDL0GwVO6g0keFOs%2BEsFMA7BbbaJCWFhc1rQRKp422Pe1gvZg0RJlidtwS74l8bJUdaw%2FUnMkRKdTLF5wd6bnjtEkw6Fy8IU4nqPLhkMHXyHM7g9X5%2FhlCOMDubJz7vZALeSHtn1iL1e6yNY2CtbRJhYpSlDx3jXl571Z7etA0PuE%2BvOAMsKniOO5nHZEc%2BcyBsittY0%2F4ZZCSyGjHG%2FXIQKzC727DRBjqtAqPiTqBi7QTouh0gP5v0rChjoq%2B0e0oVJ%2F%2FQyDc13wTgvVtqB96hq8UpYAiIddp27PT7oiHq92a%2F5gP%2BOvRwQ2VAndowVABhdxUzIxTTDgUkQdKKOXldpzysSKYzuPq64WZQ1DQMn00lssjhqIqbru2%2Bs9XjH%2BFYC8oIKcuKV035y94M1IOStTns3V4Ati%2B9A0zjqCkdrrBvH0gRTlwQijNQMFec5uc0JojnB0HJ%2F7yZyyKFD4cRAicR8p2%2FYUuisIgCZV9Gf8dGK0OmeujMk30TefRMxHCINvmPl%2FCoxGlACg5yvsXTV7mUNoID8A%2FzVstOU3kBsEq7CRZk0n%2Bg%2BjewyxiddZNe5WfHIObmL6x%2BQnf9lDk0ldmVwFDo176Pnl21YBLr7iBsZcLphEA%3D&X-Amz-Signature=d0d5c656dddd1ce868e5a95a25124715462ac645faac59a0baa9a47323151dac&X-Amz-SignedHeaders=host&response-content-disposition=inline
Reid Pitts,suresh@mac.com,Assoc Site Mgr,"Juniper (CBRE) – Sunnyvale, CA","Delta - LaGuardia, NY",04/05/2020,2:30 PM,(333) 333-3344,"$6,396.00",Day,https://cdn.4insite.com/assets/efefa9b9532a4182bf4b181ac1290f2e_JohnSimHeadshot_t.jpg,https://cdn.4insite.com/assets/rff66c5df069444ac97cc4c85ee906d6a_Headshot_t.png?X-Amz-Algorithm=AWS4-HMAC-SHA256&X-Amz-Content-Sha256=UNSIGNED-PAYLOAD&X-Amz-Credential=ASIA3P5EIQBK2EAQQJGJ%2F20260612%2Fus-west-2%2Fs3%2Faws4_request&X-Amz-Date=20260612T182822Z&X-Amz-Expires=300&X-Amz-Security-Token=IQoJb3JpZ2luX2VjEFMaCXVzLXdlc3QtMiJIMEYCIQD7KMRDZFJWYkfGCdXYApkS8K5vx6Z0M%2F6glnpxwSJ0jQIhAP3ShKjrMYxejB3Nt%2B9np%2Buje6TcRvAqgNycgnVOQ3ucKu0CCBwQBBoMNzkwMDgxNjAxNjIxIgwHgLc7ZY7sW841rFEqygJy%2BOAkHJMI%2BAajjHps6ZmL%2FZiXZ8KpOCPeJcLFc2HJmV%2BkS5AS%2BO0PtVkBv3Q4n0veLZ%2FqH3fVLFXBfj4t7W0TQ85CnCnBNXv1E7VAH2dp2qr2X2x7CRChFs5BMNXuxLo1nOnhlgPPtvWy%2BZqTaiP%2FksKv7BXWKtcB2fJkIJlkHXmA66EcGkcXPeSrLJYzb8MmXHxBfpCkn5PtDPg75CGm1JRrPwRhkRojfMlhBn39YcwtXSqbMc4%2F58clKYnArfOxaaDEdV4cYA7iizEftKNKmZxMmRn3%2B9Q8YGBTtZn3UjpWFyV69rXDwg%2F6BfoGcwylsc6%2FM7wRp5wHtECG5Z7Ffuvu%2F6BXVjJjLTiFjjcl3z%2BM%2F%2FTuw5bcdDn2l3ycvSYrTEHdTQlqQpQxV0fR50tDKWklUPrgwtXp2TvdNHnvSlqXZszxTg367uAwu9uw0QY6rAKw6ejecdP8ZQ45dk73KWeJl1w8hn0aWvUHRTIVKV5FizKeOv%2FKQrQ8loAJ4v8IA4v3LA2uIolG9DKOFJfI6WA0uOkIdrcoJhI9r92t%2FG7XPE4KhnWAgAPFY3AWvo0rikBjSXc%2Fu2k9BANoqkG4tXWux6YgvS8CaeZ3p8Pei%2Fv1uLYXUyAQBDMcwv1TGYQAlef3fo9eSN8wUKo3%2FzqHHKyq%2BZFX08HAw7lVlzmUedF8P8e0nj0EK2ohDmfh5VnjDC5hBWBJvzFCugkf9ZGTljbZTyMZNRM46YMmyjmZXyqsAD1JBNce%2F3YEcTPTe54157nE1JHri3DwyFQtIReTxa%2BpJenYenfN30QJNf%2Fy3vGc0ObBk8TonskU4%2B%2F2aaU9hTdOQEmdLW6sW2UtTV8%3D&X-Amz-Signature=5c8a43026e67c784f72e7ca8397943a19b4d92a27b1fe01aa3861fb2f93c4f45&X-Amz-SignedHeaders=host&response-content-disposition=inline
Susan Rocha,jschauma@verizon.net,Account Mgr,"Textron – Sacramento, CA","Delta - Detroit, MI",01/02/2020,9:45 AM,(000) 000-0004,"$6,919.00",Night,https://cdn.4insite.com/assets/e7f7acbcca5749318687b48ededea6bc_Screenshot20240306095329_t.png,https://cdn.4insite.com/assets/rf2863015eb7f46ea9c641eec2db424cd_Alex_Picture_t.png?X-Amz-Algorithm=AWS4-HMAC-SHA256&X-Amz-Content-Sha256=UNSIGNED-PAYLOAD&X-Amz-Credential=ASIA3P5EIQBK2EAQQJGJ%2F20260612%2Fus-west-2%2Fs3%2Faws4_request&X-Amz-Date=20260612T182822Z&X-Amz-Expires=300&X-Amz-Security-Token=IQoJb3JpZ2luX2VjEFMaCXVzLXdlc3QtMiJIMEYCIQD7KMRDZFJWYkfGCdXYApkS8K5vx6Z0M%2F6glnpxwSJ0jQIhAP3ShKjrMYxejB3Nt%2B9np%2Buje6TcRvAqgNycgnVOQ3ucKu0CCBwQBBoMNzkwMDgxNjAxNjIxIgwHgLc7ZY7sW841rFEqygJy%2BOAkHJMI%2BAajjHps6ZmL%2FZiXZ8KpOCPeJcLFc2HJmV%2BkS5AS%2BO0PtVkBv3Q4n0veLZ%2FqH3fVLFXBfj4t7W0TQ85CnCnBNXv1E7VAH2dp2qr2X2x7CRChFs5BMNXuxLo1nOnhlgPPtvWy%2BZqTaiP%2FksKv7BXWKtcB2fJkIJlkHXmA66EcGkcXPeSrLJYzb8MmXHxBfpCkn5PtDPg75CGm1JRrPwRhkRojfMlhBn39YcwtXSqbMc4%2F58clKYnArfOxaaDEdV4cYA7iizEftKNKmZxMmRn3%2B9Q8YGBTtZn3UjpWFyV69rXDwg%2F6BfoGcwylsc6%2FM7wRp5wHtECG5Z7Ffuvu%2F6BXVjJjLTiFjjcl3z%2BM%2F%2FTuw5bcdDn2l3ycvSYrTEHdTQlqQpQxV0fR50tDKWklUPrgwtXp2TvdNHnvSlqXZszxTg367uAwu9uw0QY6rAKw6ejecdP8ZQ45dk73KWeJl1w8hn0aWvUHRTIVKV5FizKeOv%2FKQrQ8loAJ4v8IA4v3LA2uIolG9DKOFJfI6WA0uOkIdrcoJhI9r92t%2FG7XPE4KhnWAgAPFY3AWvo0rikBjSXc%2Fu2k9BANoqkG4tXWux6YgvS8CaeZ3p8Pei%2Fv1uLYXUyAQBDMcwv1TGYQAlef3fo9eSN8wUKo3%2FzqHHKyq%2BZFX08HAw7lVlzmUedF8P8e0nj0EK2ohDmfh5VnjDC5hBWBJvzFCugkf9ZGTljbZTyMZNRM46YMmyjmZXyqsAD1JBNce%2F3YEcTPTe54157nE1JHri3DwyFQtIReTxa%2BpJenYenfN30QJNf%2Fy3vGc0ObBk8TonskU4%2B%2F2aaU9hTdOQEmdLW6sW2UtTV8%3D&X-Amz-Signature=d13d1f29e91dda0ffd3a47307356ab53f3df1b3e0505c4a011f5a163f7f59e3a&X-Amz-SignedHeaders=host&response-content-disposition=inline
Hanna Davis,tlinden@mac.com,Account Dir,"Bayer (JLL) – Chesterfield, MO",Microsoft (CBRE) – Puget Sound (CBRE),12/27/2020,9:00 PM,(888) 888-8904,"$9,320.00",Swing,https://cdn.4insite.com/assets/b3aac23b813844779bd6508dddd5a62e_SBMProfilePicture_t.jpg,https://cdn.4insite.com/assets/re212dd5e42764832b42ea1c3ee805a2d_Screenshot_20230118_203821_Gallery_t.png?X-Amz-Algorithm=AWS4-HMAC-SHA256&X-Amz-Content-Sha256=UNSIGNED-PAYLOAD&X-Amz-Credential=ASIA3P5EIQBK2EAQQJGJ%2F20260612%2Fus-west-2%2Fs3%2Faws4_request&X-Amz-Date=20260612T182822Z&X-Amz-Expires=300&X-Amz-Security-Token=IQoJb3JpZ2luX2VjEFMaCXVzLXdlc3QtMiJIMEYCIQD7KMRDZFJWYkfGCdXYApkS8K5vx6Z0M%2F6glnpxwSJ0jQIhAP3ShKjrMYxejB3Nt%2B9np%2Buje6TcRvAqgNycgnVOQ3ucKu0CCBwQBBoMNzkwMDgxNjAxNjIxIgwHgLc7ZY7sW841rFEqygJy%2BOAkHJMI%2BAajjHps6ZmL%2FZiXZ8KpOCPeJcLFc2HJmV%2BkS5AS%2BO0PtVkBv3Q4n0veLZ%2FqH3fVLFXBfj4t7W0TQ85CnCnBNXv1E7VAH2dp2qr2X2x7CRChFs5BMNXuxLo1nOnhlgPPtvWy%2BZqTaiP%2FksKv7BXWKtcB2fJkIJlkHXmA66EcGkcXPeSrLJYzb8MmXHxBfpCkn5PtDPg75CGm1JRrPwRhkRojfMlhBn39YcwtXSqbMc4%2F58clKYnArfOxaaDEdV4cYA7iizEftKNKmZxMmRn3%2B9Q8YGBTtZn3UjpWFyV69rXDwg%2F6BfoGcwylsc6%2FM7wRp5wHtECG5Z7Ffuvu%2F6BXVjJjLTiFjjcl3z%2BM%2F%2FTuw5bcdDn2l3ycvSYrTEHdTQlqQpQxV0fR50tDKWklUPrgwtXp2TvdNHnvSlqXZszxTg367uAwu9uw0QY6rAKw6ejecdP8ZQ45dk73KWeJl1w8hn0aWvUHRTIVKV5FizKeOv%2FKQrQ8loAJ4v8IA4v3LA2uIolG9DKOFJfI6WA0uOkIdrcoJhI9r92t%2FG7XPE4KhnWAgAPFY3AWvo0rikBjSXc%2Fu2k9BANoqkG4tXWux6YgvS8CaeZ3p8Pei%2Fv1uLYXUyAQBDMcwv1TGYQAlef3fo9eSN8wUKo3%2FzqHHKyq%2BZFX08HAw7lVlzmUedF8P8e0nj0EK2ohDmfh5VnjDC5hBWBJvzFCugkf9ZGTljbZTyMZNRM46YMmyjmZXyqsAD1JBNce%2F3YEcTPTe54157nE1JHri3DwyFQtIReTxa%2BpJenYenfN30QJNf%2Fy3vGc0ObBk8TonskU4%2B%2F2aaU9hTdOQEmdLW6sW2UtTV8%3D&X-Amz-Signature=d410963db18c0aa360ca4a2da89e965e1666102fda4bcafad6c65fb6967d78fb&X-Amz-SignedHeaders=host&response-content-disposition=inline
Royce Mack,giafly@outlook.com,Site Mgr,"Boeing (JLL) – O'Fallon, MO","Delta - LaGuardia, NY",03/26/2022,9:30 AM,(666) 666-6670,"$3,114.00",Graveyard,https://cdn.4insite.com/assets/1597972659.6729383_PaulVolkerdingInSitePhoto4_t.jpg,https://cdn.4insite.com/assets/r9caff6d0b6b04667bbfebdad11191ea7_StuKelloffsProfilePic_t.png?X-Amz-Algorithm=AWS4-HMAC-SHA256&X-Amz-Content-Sha256=UNSIGNED-PAYLOAD&X-Amz-Credential=ASIA3P5EIQBK2EAQQJGJ%2F20260612%2Fus-west-2%2Fs3%2Faws4_request&X-Amz-Date=20260612T182822Z&X-Amz-Expires=300&X-Amz-Security-Token=IQoJb3JpZ2luX2VjEFMaCXVzLXdlc3QtMiJIMEYCIQD7KMRDZFJWYkfGCdXYApkS8K5vx6Z0M%2F6glnpxwSJ0jQIhAP3ShKjrMYxejB3Nt%2B9np%2Buje6TcRvAqgNycgnVOQ3ucKu0CCBwQBBoMNzkwMDgxNjAxNjIxIgwHgLc7ZY7sW841rFEqygJy%2BOAkHJMI%2BAajjHps6ZmL%2FZiXZ8KpOCPeJcLFc2HJmV%2BkS5AS%2BO0PtVkBv3Q4n0veLZ%2FqH3fVLFXBfj4t7W0TQ85CnCnBNXv1E7VAH2dp2qr2X2x7CRChFs5BMNXuxLo1nOnhlgPPtvWy%2BZqTaiP%2FksKv7BXWKtcB2fJkIJlkHXmA66EcGkcXPeSrLJYzb8MmXHxBfpCkn5PtDPg75CGm1JRrPwRhkRojfMlhBn39YcwtXSqbMc4%2F58clKYnArfOxaaDEdV4cYA7iizEftKNKmZxMmRn3%2B9Q8YGBTtZn3UjpWFyV69rXDwg%2F6BfoGcwylsc6%2FM7wRp5wHtECG5Z7Ffuvu%2F6BXVjJjLTiFjjcl3z%2BM%2F%2FTuw5bcdDn2l3ycvSYrTEHdTQlqQpQxV0fR50tDKWklUPrgwtXp2TvdNHnvSlqXZszxTg367uAwu9uw0QY6rAKw6ejecdP8ZQ45dk73KWeJl1w8hn0aWvUHRTIVKV5FizKeOv%2FKQrQ8loAJ4v8IA4v3LA2uIolG9DKOFJfI6WA0uOkIdrcoJhI9r92t%2FG7XPE4KhnWAgAPFY3AWvo0rikBjSXc%2Fu2k9BANoqkG4tXWux6YgvS8CaeZ3p8Pei%2Fv1uLYXUyAQBDMcwv1TGYQAlef3fo9eSN8wUKo3%2FzqHHKyq%2BZFX08HAw7lVlzmUedF8P8e0nj0EK2ohDmfh5VnjDC5hBWBJvzFCugkf9ZGTljbZTyMZNRM46YMmyjmZXyqsAD1JBNce%2F3YEcTPTe54157nE1JHri3DwyFQtIReTxa%2BpJenYenfN30QJNf%2Fy3vGc0ObBk8TonskU4%2B%2F2aaU9hTdOQEmdLW6sW2UtTV8%3D&X-Amz-Signature=10eb480cf575158d779b3d8bd638fe193f1102f4077bf07aefb6d848f0d346a3&X-Amz-SignedHeaders=host&response-content-disposition=inline
Kayleigh Bush,makarow@att.net,Sr Site Mgr,"Textron – Sacramento, CA","Delta - Detroit, MI",07/13/2020,2:10 PM,(888) 888-8898,"$5,178.00",Day,https://cdn.4insite.com/assets/16ab09b15705453394c90c1bdefcc920_Jasmine_Campos_057_Websize_t.jpg,https://cdn.4insite.com/assets/r9ac5ef03f70b45d98e38df6fa721a0e1_PXL_20230328_211357723.PORTRAIT3_t.png?X-Amz-Algorithm=AWS4-HMAC-SHA256&X-Amz-Content-Sha256=UNSIGNED-PAYLOAD&X-Amz-Credential=ASIA3P5EIQBK2EAQQJGJ%2F20260612%2Fus-west-2%2Fs3%2Faws4_request&X-Amz-Date=20260612T182822Z&X-Amz-Expires=300&X-Amz-Security-Token=IQoJb3JpZ2luX2VjEFMaCXVzLXdlc3QtMiJIMEYCIQD7KMRDZFJWYkfGCdXYApkS8K5vx6Z0M%2F6glnpxwSJ0jQIhAP3ShKjrMYxejB3Nt%2B9np%2Buje6TcRvAqgNycgnVOQ3ucKu0CCBwQBBoMNzkwMDgxNjAxNjIxIgwHgLc7ZY7sW841rFEqygJy%2BOAkHJMI%2BAajjHps6ZmL%2FZiXZ8KpOCPeJcLFc2HJmV%2BkS5AS%2BO0PtVkBv3Q4n0veLZ%2FqH3fVLFXBfj4t7W0TQ85CnCnBNXv1E7VAH2dp2qr2X2x7CRChFs5BMNXuxLo1nOnhlgPPtvWy%2BZqTaiP%2FksKv7BXWKtcB2fJkIJlkHXmA66EcGkcXPeSrLJYzb8MmXHxBfpCkn5PtDPg75CGm1JRrPwRhkRojfMlhBn39YcwtXSqbMc4%2F58clKYnArfOxaaDEdV4cYA7iizEftKNKmZxMmRn3%2B9Q8YGBTtZn3UjpWFyV69rXDwg%2F6BfoGcwylsc6%2FM7wRp5wHtECG5Z7Ffuvu%2F6BXVjJjLTiFjjcl3z%2BM%2F%2FTuw5bcdDn2l3ycvSYrTEHdTQlqQpQxV0fR50tDKWklUPrgwtXp2TvdNHnvSlqXZszxTg367uAwu9uw0QY6rAKw6ejecdP8ZQ45dk73KWeJl1w8hn0aWvUHRTIVKV5FizKeOv%2FKQrQ8loAJ4v8IA4v3LA2uIolG9DKOFJfI6WA0uOkIdrcoJhI9r92t%2FG7XPE4KhnWAgAPFY3AWvo0rikBjSXc%2Fu2k9BANoqkG4tXWux6YgvS8CaeZ3p8Pei%2Fv1uLYXUyAQBDMcwv1TGYQAlef3fo9eSN8wUKo3%2FzqHHKyq%2BZFX08HAw7lVlzmUedF8P8e0nj0EK2ohDmfh5VnjDC5hBWBJvzFCugkf9ZGTljbZTyMZNRM46YMmyjmZXyqsAD1JBNce%2F3YEcTPTe54157nE1JHri3DwyFQtIReTxa%2BpJenYenfN30QJNf%2Fy3vGc0ObBk8TonskU4%2B%2F2aaU9hTdOQEmdLW6sW2UtTV8%3D&X-Amz-Signature=00858576427e0e4e18a04b0efd9f20fb4668d16bc02a71007c6eef524046360a&X-Amz-SignedHeaders=host&response-content-disposition=inline
Camryn Aguilar,evilopie@yahoo.com,Assoc Site Mgr,"Bayer (JLL) – Chesterfield, MO",Microsoft (CBRE) – Puget Sound (CBRE),12/10/2020,7:45 AM,(333) 333-3335,"$9,801.00",Night,https://cdn.4insite.com/assets/c965d3339f034fe2bf19448110dab4cc_ir_t.jpg,https://cdn.4insite.com/assets/r7abc65047ed449f686779c191234a98d_temp_file_.jpg?X-Amz-Algorithm=AWS4-HMAC-SHA256&X-Amz-Content-Sha256=UNSIGNED-PAYLOAD&X-Amz-Credential=ASIA3P5EIQBK2EAQQJGJ%2F20260612%2Fus-west-2%2Fs3%2Faws4_request&X-Amz-Date=20260612T182822Z&X-Amz-Expires=300&X-Amz-Security-Token=IQoJb3JpZ2luX2VjEFMaCXVzLXdlc3QtMiJIMEYCIQD7KMRDZFJWYkfGCdXYApkS8K5vx6Z0M%2F6glnpxwSJ0jQIhAP3ShKjrMYxejB3Nt%2B9np%2Buje6TcRvAqgNycgnVOQ3ucKu0CCBwQBBoMNzkwMDgxNjAxNjIxIgwHgLc7ZY7sW841rFEqygJy%2BOAkHJMI%2BAajjHps6ZmL%2FZiXZ8KpOCPeJcLFc2HJmV%2BkS5AS%2BO0PtVkBv3Q4n0veLZ%2FqH3fVLFXBfj4t7W0TQ85CnCnBNXv1E7VAH2dp2qr2X2x7CRChFs5BMNXuxLo1nOnhlgPPtvWy%2BZqTaiP%2FksKv7BXWKtcB2fJkIJlkHXmA66EcGkcXPeSrLJYzb8MmXHxBfpCkn5PtDPg75CGm1JRrPwRhkRojfMlhBn39YcwtXSqbMc4%2F58clKYnArfOxaaDEdV4cYA7iizEftKNKmZxMmRn3%2B9Q8YGBTtZn3UjpWFyV69rXDwg%2F6BfoGcwylsc6%2FM7wRp5wHtECG5Z7Ffuvu%2F6BXVjJjLTiFjjcl3z%2BM%2F%2FTuw5bcdDn2l3ycvSYrTEHdTQlqQpQxV0fR50tDKWklUPrgwtXp2TvdNHnvSlqXZszxTg367uAwu9uw0QY6rAKw6ejecdP8ZQ45dk73KWeJl1w8hn0aWvUHRTIVKV5FizKeOv%2FKQrQ8loAJ4v8IA4v3LA2uIolG9DKOFJfI6WA0uOkIdrcoJhI9r92t%2FG7XPE4KhnWAgAPFY3AWvo0rikBjSXc%2Fu2k9BANoqkG4tXWux6YgvS8CaeZ3p8Pei%2Fv1uLYXUyAQBDMcwv1TGYQAlef3fo9eSN8wUKo3%2FzqHHKyq%2BZFX08HAw7lVlzmUedF8P8e0nj0EK2ohDmfh5VnjDC5hBWBJvzFCugkf9ZGTljbZTyMZNRM46YMmyjmZXyqsAD1JBNce%2F3YEcTPTe54157nE1JHri3DwyFQtIReTxa%2BpJenYenfN30QJNf%2Fy3vGc0ObBk8TonskU4%2B%2F2aaU9hTdOQEmdLW6sW2UtTV8%3D&X-Amz-Signature=b4de03fabe427fe9ae73139e5f8d0516bab3af32016e7b51294dbad29ceaa47f&X-Amz-SignedHeaders=host&response-content-disposition=inline
Phoenix Daugherty,esbeck@live.com,Account Mgr,"Discovery Labs (CBRE) – King of Prussia, PA","Delta - LaGuardia, NY",05/26/2021,1:15 PM,(666) 666-6675,"$3,301.00",Swing,https://cdn.4insite.com/assets/r5f3b444f682142be910bcc8571fe54d7_Screenshot20250604105003_t.png,https://cdn.4insite.com/assets/r6fa7e5e9447f412ea5d19152cd587135_Screenshot20250923111350_t.png?X-Amz-Algorithm=AWS4-HMAC-SHA256&X-Amz-Content-Sha256=UNSIGNED-PAYLOAD&X-Amz-Credential=ASIA3P5EIQBK2EAQQJGJ%2F20260612%2Fus-west-2%2Fs3%2Faws4_request&X-Amz-Date=20260612T182822Z&X-Amz-Expires=300&X-Amz-Security-Token=IQoJb3JpZ2luX2VjEFMaCXVzLXdlc3QtMiJIMEYCIQD7KMRDZFJWYkfGCdXYApkS8K5vx6Z0M%2F6glnpxwSJ0jQIhAP3ShKjrMYxejB3Nt%2B9np%2Buje6TcRvAqgNycgnVOQ3ucKu0CCBwQBBoMNzkwMDgxNjAxNjIxIgwHgLc7ZY7sW841rFEqygJy%2BOAkHJMI%2BAajjHps6ZmL%2FZiXZ8KpOCPeJcLFc2HJmV%2BkS5AS%2BO0PtVkBv3Q4n0veLZ%2FqH3fVLFXBfj4t7W0TQ85CnCnBNXv1E7VAH2dp2qr2X2x7CRChFs5BMNXuxLo1nOnhlgPPtvWy%2BZqTaiP%2FksKv7BXWKtcB2fJkIJlkHXmA66EcGkcXPeSrLJYzb8MmXHxBfpCkn5PtDPg75CGm1JRrPwRhkRojfMlhBn39YcwtXSqbMc4%2F58clKYnArfOxaaDEdV4cYA7iizEftKNKmZxMmRn3%2B9Q8YGBTtZn3UjpWFyV69rXDwg%2F6BfoGcwylsc6%2FM7wRp5wHtECG5Z7Ffuvu%2F6BXVjJjLTiFjjcl3z%2BM%2F%2FTuw5bcdDn2l3ycvSYrTEHdTQlqQpQxV0fR50tDKWklUPrgwtXp2TvdNHnvSlqXZszxTg367uAwu9uw0QY6rAKw6ejecdP8ZQ45dk73KWeJl1w8hn0aWvUHRTIVKV5FizKeOv%2FKQrQ8loAJ4v8IA4v3LA2uIolG9DKOFJfI6WA0uOkIdrcoJhI9r92t%2FG7XPE4KhnWAgAPFY3AWvo0rikBjSXc%2Fu2k9BANoqkG4tXWux6YgvS8CaeZ3p8Pei%2Fv1uLYXUyAQBDMcwv1TGYQAlef3fo9eSN8wUKo3%2FzqHHKyq%2BZFX08HAw7lVlzmUedF8P8e0nj0EK2ohDmfh5VnjDC5hBWBJvzFCugkf9ZGTljbZTyMZNRM46YMmyjmZXyqsAD1JBNce%2F3YEcTPTe54157nE1JHri3DwyFQtIReTxa%2BpJenYenfN30QJNf%2Fy3vGc0ObBk8TonskU4%2B%2F2aaU9hTdOQEmdLW6sW2UtTV8%3D&X-Amz-Signature=121177e02f8d2b8b817644508ab68b1984375780894f2e3fba0b0a944a5448b8&X-Amz-SignedHeaders=host&response-content-disposition=inline
Carley Sutton,ilial@yahoo.ca,Account Dir,"Nestle – Bridgewater, NJ - Healthcare","Delta - Detroit, MI",09/04/2021,4:00 PM,(333) 333-3346,"$2,208.00",Graveyard,https://cdn.4insite.com/assets/076efe35141a4e04a9328866d7a796b2_C._t.png,https://cdn.4insite.com/assets/r613ecdcb4b794920b91e3ba16b79e62b_44d6d6963a0a4b6cad8dc78bba16e639_t.png?X-Amz-Algorithm=AWS4-HMAC-SHA256&X-Amz-Content-Sha256=UNSIGNED-PAYLOAD&X-Amz-Credential=ASIA3P5EIQBK2EAQQJGJ%2F20260612%2Fus-west-2%2Fs3%2Faws4_request&X-Amz-Date=20260612T182822Z&X-Amz-Expires=300&X-Amz-Security-Token=IQoJb3JpZ2luX2VjEFMaCXVzLXdlc3QtMiJIMEYCIQD7KMRDZFJWYkfGCdXYApkS8K5vx6Z0M%2F6glnpxwSJ0jQIhAP3ShKjrMYxejB3Nt%2B9np%2Buje6TcRvAqgNycgnVOQ3ucKu0CCBwQBBoMNzkwMDgxNjAxNjIxIgwHgLc7ZY7sW841rFEqygJy%2BOAkHJMI%2BAajjHps6ZmL%2FZiXZ8KpOCPeJcLFc2HJmV%2BkS5AS%2BO0PtVkBv3Q4n0veLZ%2FqH3fVLFXBfj4t7W0TQ85CnCnBNXv1E7VAH2dp2qr2X2x7CRChFs5BMNXuxLo1nOnhlgPPtvWy%2BZqTaiP%2FksKv7BXWKtcB2fJkIJlkHXmA66EcGkcXPeSrLJYzb8MmXHxBfpCkn5PtDPg75CGm1JRrPwRhkRojfMlhBn39YcwtXSqbMc4%2F58clKYnArfOxaaDEdV4cYA7iizEftKNKmZxMmRn3%2B9Q8YGBTtZn3UjpWFyV69rXDwg%2F6BfoGcwylsc6%2FM7wRp5wHtECG5Z7Ffuvu%2F6BXVjJjLTiFjjcl3z%2BM%2F%2FTuw5bcdDn2l3ycvSYrTEHdTQlqQpQxV0fR50tDKWklUPrgwtXp2TvdNHnvSlqXZszxTg367uAwu9uw0QY6rAKw6ejecdP8ZQ45dk73KWeJl1w8hn0aWvUHRTIVKV5FizKeOv%2FKQrQ8loAJ4v8IA4v3LA2uIolG9DKOFJfI6WA0uOkIdrcoJhI9r92t%2FG7XPE4KhnWAgAPFY3AWvo0rikBjSXc%2Fu2k9BANoqkG4tXWux6YgvS8CaeZ3p8Pei%2Fv1uLYXUyAQBDMcwv1TGYQAlef3fo9eSN8wUKo3%2FzqHHKyq%2BZFX08HAw7lVlzmUedF8P8e0nj0EK2ohDmfh5VnjDC5hBWBJvzFCugkf9ZGTljbZTyMZNRM46YMmyjmZXyqsAD1JBNce%2F3YEcTPTe54157nE1JHri3DwyFQtIReTxa%2BpJenYenfN30QJNf%2Fy3vGc0ObBk8TonskU4%2B%2F2aaU9hTdOQEmdLW6sW2UtTV8%3D&X-Amz-Signature=21fd81431a42035a2e2ccc9ee62a4cdd8d4e44af34632e23ed19a90c378f9d80&X-Amz-SignedHeaders=host&response-content-disposition=inline
Damaris Guerra,zavadsky@outlook.com,Site Mgr,"Lockheed Martin Corporate – Denver, CO",Microsoft (CBRE) – Puget Sound (CBRE),10/23/2021,12:35 PM,(777) 777-7785,"$5,711.00",Day,https://cdn.4insite.com/assets/d1e07d0700fa4b0189e6ac5acc5ddaf7_KS924IMG_5297_t.jpg,https://cdn.4insite.com/assets/r4449dd9505c248e89ba62e382c91f9ad_thumbnail_IMG_6398_t.png?X-Amz-Algorithm=AWS4-HMAC-SHA256&X-Amz-Content-Sha256=UNSIGNED-PAYLOAD&X-Amz-Credential=ASIA3P5EIQBK2EAQQJGJ%2F20260612%2Fus-west-2%2Fs3%2Faws4_request&X-Amz-Date=20260612T182822Z&X-Amz-Expires=300&X-Amz-Security-Token=IQoJb3JpZ2luX2VjEFMaCXVzLXdlc3QtMiJIMEYCIQD7KMRDZFJWYkfGCdXYApkS8K5vx6Z0M%2F6glnpxwSJ0jQIhAP3ShKjrMYxejB3Nt%2B9np%2Buje6TcRvAqgNycgnVOQ3ucKu0CCBwQBBoMNzkwMDgxNjAxNjIxIgwHgLc7ZY7sW841rFEqygJy%2BOAkHJMI%2BAajjHps6ZmL%2FZiXZ8KpOCPeJcLFc2HJmV%2BkS5AS%2BO0PtVkBv3Q4n0veLZ%2FqH3fVLFXBfj4t7W0TQ85CnCnBNXv1E7VAH2dp2qr2X2x7CRChFs5BMNXuxLo1nOnhlgPPtvWy%2BZqTaiP%2FksKv7BXWKtcB2fJkIJlkHXmA66EcGkcXPeSrLJYzb8MmXHxBfpCkn5PtDPg75CGm1JRrPwRhkRojfMlhBn39YcwtXSqbMc4%2F58clKYnArfOxaaDEdV4cYA7iizEftKNKmZxMmRn3%2B9Q8YGBTtZn3UjpWFyV69rXDwg%2F6BfoGcwylsc6%2FM7wRp5wHtECG5Z7Ffuvu%2F6BXVjJjLTiFjjcl3z%2BM%2F%2FTuw5bcdDn2l3ycvSYrTEHdTQlqQpQxV0fR50tDKWklUPrgwtXp2TvdNHnvSlqXZszxTg367uAwu9uw0QY6rAKw6ejecdP8ZQ45dk73KWeJl1w8hn0aWvUHRTIVKV5FizKeOv%2FKQrQ8loAJ4v8IA4v3LA2uIolG9DKOFJfI6WA0uOkIdrcoJhI9r92t%2FG7XPE4KhnWAgAPFY3AWvo0rikBjSXc%2Fu2k9BANoqkG4tXWux6YgvS8CaeZ3p8Pei%2Fv1uLYXUyAQBDMcwv1TGYQAlef3fo9eSN8wUKo3%2FzqHHKyq%2BZFX08HAw7lVlzmUedF8P8e0nj0EK2ohDmfh5VnjDC5hBWBJvzFCugkf9ZGTljbZTyMZNRM46YMmyjmZXyqsAD1JBNce%2F3YEcTPTe54157nE1JHri3DwyFQtIReTxa%2BpJenYenfN30QJNf%2Fy3vGc0ObBk8TonskU4%2B%2F2aaU9hTdOQEmdLW6sW2UtTV8%3D&X-Amz-Signature=cafa53c4a5b37c22b833dbbab4828837de83e6138f3d858442e3f9b31ea54c9e&X-Amz-SignedHeaders=host&response-content-disposition=inline
Mackenzie Carson,petersen@mac.com,Sr Site Mgr,Intel (Amentum) – Bowers,"Delta - LaGuardia, NY",02/03/2022,6:45 AM,(000) 000-0000,"$5,918.00",Night,https://cdn.4insite.com/assets/d00d62b4d550470eae367630d8785362_1714354628162_t.jpg,https://cdn.4insite.com/assets/r32c977234fe949efb2318c4db1ba0de4_ProfilePic_091056_t.png?X-Amz-Algorithm=AWS4-HMAC-SHA256&X-Amz-Content-Sha256=UNSIGNED-PAYLOAD&X-Amz-Credential=ASIA3P5EIQBK2EAQQJGJ%2F20260612%2Fus-west-2%2Fs3%2Faws4_request&X-Amz-Date=20260612T182822Z&X-Amz-Expires=300&X-Amz-Security-Token=IQoJb3JpZ2luX2VjEFMaCXVzLXdlc3QtMiJIMEYCIQD7KMRDZFJWYkfGCdXYApkS8K5vx6Z0M%2F6glnpxwSJ0jQIhAP3ShKjrMYxejB3Nt%2B9np%2Buje6TcRvAqgNycgnVOQ3ucKu0CCBwQBBoMNzkwMDgxNjAxNjIxIgwHgLc7ZY7sW841rFEqygJy%2BOAkHJMI%2BAajjHps6ZmL%2FZiXZ8KpOCPeJcLFc2HJmV%2BkS5AS%2BO0PtVkBv3Q4n0veLZ%2FqH3fVLFXBfj4t7W0TQ85CnCnBNXv1E7VAH2dp2qr2X2x7CRChFs5BMNXuxLo1nOnhlgPPtvWy%2BZqTaiP%2FksKv7BXWKtcB2fJkIJlkHXmA66EcGkcXPeSrLJYzb8MmXHxBfpCkn5PtDPg75CGm1JRrPwRhkRojfMlhBn39YcwtXSqbMc4%2F58clKYnArfOxaaDEdV4cYA7iizEftKNKmZxMmRn3%2B9Q8YGBTtZn3UjpWFyV69rXDwg%2F6BfoGcwylsc6%2FM7wRp5wHtECG5Z7Ffuvu%2F6BXVjJjLTiFjjcl3z%2BM%2F%2FTuw5bcdDn2l3ycvSYrTEHdTQlqQpQxV0fR50tDKWklUPrgwtXp2TvdNHnvSlqXZszxTg367uAwu9uw0QY6rAKw6ejecdP8ZQ45dk73KWeJl1w8hn0aWvUHRTIVKV5FizKeOv%2FKQrQ8loAJ4v8IA4v3LA2uIolG9DKOFJfI6WA0uOkIdrcoJhI9r92t%2FG7XPE4KhnWAgAPFY3AWvo0rikBjSXc%2Fu2k9BANoqkG4tXWux6YgvS8CaeZ3p8Pei%2Fv1uLYXUyAQBDMcwv1TGYQAlef3fo9eSN8wUKo3%2FzqHHKyq%2BZFX08HAw7lVlzmUedF8P8e0nj0EK2ohDmfh5VnjDC5hBWBJvzFCugkf9ZGTljbZTyMZNRM46YMmyjmZXyqsAD1JBNce%2F3YEcTPTe54157nE1JHri3DwyFQtIReTxa%2BpJenYenfN30QJNf%2Fy3vGc0ObBk8TonskU4%2B%2F2aaU9hTdOQEmdLW6sW2UtTV8%3D&X-Amz-Signature=124136e06cc14da8e82f661cf78edb492cc317153b4ffb6f018ab1a9211d77e8&X-Amz-SignedHeaders=host&response-content-disposition=inline
Sydnee Guerrero,microfab@optonline.net,Assoc Site Mgr,Charles Schwab (JLL) – Abilene,"Delta - Detroit, MI",08/08/2020,3:05 PM,(111) 111-1123,$220.00,Swing,https://cdn.4insite.com/assets/565bfdbaac2a4262a5ac04091553d5ec_Screenshot20250701163710_t.png,https://cdn.4insite.com/assets/r2d096b1a4ca24d0ea8034d7a248f708e_78321_t.png?X-Amz-Algorithm=AWS4-HMAC-SHA256&X-Amz-Content-Sha256=UNSIGNED-PAYLOAD&X-Amz-Credential=ASIA3P5EIQBK2EAQQJGJ%2F20260612%2Fus-west-2%2Fs3%2Faws4_request&X-Amz-Date=20260612T182822Z&X-Amz-Expires=300&X-Amz-Security-Token=IQoJb3JpZ2luX2VjEFMaCXVzLXdlc3QtMiJIMEYCIQD7KMRDZFJWYkfGCdXYApkS8K5vx6Z0M%2F6glnpxwSJ0jQIhAP3ShKjrMYxejB3Nt%2B9np%2Buje6TcRvAqgNycgnVOQ3ucKu0CCBwQBBoMNzkwMDgxNjAxNjIxIgwHgLc7ZY7sW841rFEqygJy%2BOAkHJMI%2BAajjHps6ZmL%2FZiXZ8KpOCPeJcLFc2HJmV%2BkS5AS%2BO0PtVkBv3Q4n0veLZ%2FqH3fVLFXBfj4t7W0TQ85CnCnBNXv1E7VAH2dp2qr2X2x7CRChFs5BMNXuxLo1nOnhlgPPtvWy%2BZqTaiP%2FksKv7BXWKtcB2fJkIJlkHXmA66EcGkcXPeSrLJYzb8MmXHxBfpCkn5PtDPg75CGm1JRrPwRhkRojfMlhBn39YcwtXSqbMc4%2F58clKYnArfOxaaDEdV4cYA7iizEftKNKmZxMmRn3%2B9Q8YGBTtZn3UjpWFyV69rXDwg%2F6BfoGcwylsc6%2FM7wRp5wHtECG5Z7Ffuvu%2F6BXVjJjLTiFjjcl3z%2BM%2F%2FTuw5bcdDn2l3ycvSYrTEHdTQlqQpQxV0fR50tDKWklUPrgwtXp2TvdNHnvSlqXZszxTg367uAwu9uw0QY6rAKw6ejecdP8ZQ45dk73KWeJl1w8hn0aWvUHRTIVKV5FizKeOv%2FKQrQ8loAJ4v8IA4v3LA2uIolG9DKOFJfI6WA0uOkIdrcoJhI9r92t%2FG7XPE4KhnWAgAPFY3AWvo0rikBjSXc%2Fu2k9BANoqkG4tXWux6YgvS8CaeZ3p8Pei%2Fv1uLYXUyAQBDMcwv1TGYQAlef3fo9eSN8wUKo3%2FzqHHKyq%2BZFX08HAw7lVlzmUedF8P8e0nj0EK2ohDmfh5VnjDC5hBWBJvzFCugkf9ZGTljbZTyMZNRM46YMmyjmZXyqsAD1JBNce%2F3YEcTPTe54157nE1JHri3DwyFQtIReTxa%2BpJenYenfN30QJNf%2Fy3vGc0ObBk8TonskU4%2B%2F2aaU9hTdOQEmdLW6sW2UtTV8%3D&X-Amz-Signature=3b3d2aa62d2ee3d5e19d657664b7692fe6f11f1ef9e5bb2f3a772d0707cd3478&X-Amz-SignedHeaders=host&response-content-disposition=inline
Kyla Murillo,sekiya@att.net,Account Mgr,Johnson & Johnson – Janssen-Raritan,Microsoft (CBRE) – Puget Sound (CBRE),02/07/2022,10:00 PM,(666) 666-6682,"$1,067.00",Graveyard,https://cdn.4insite.com/assets/rcc6afba07d254bf89928b722f362caba_JR2023_t.jpg,https://cdn.4insite.com/assets/r1dbcefaac33f472b8bab87d886872314_UberEE_t.png?X-Amz-Algorithm=AWS4-HMAC-SHA256&X-Amz-Content-Sha256=UNSIGNED-PAYLOAD&X-Amz-Credential=ASIA3P5EIQBK2EAQQJGJ%2F20260612%2Fus-west-2%2Fs3%2Faws4_request&X-Amz-Date=20260612T182822Z&X-Amz-Expires=300&X-Amz-Security-Token=IQoJb3JpZ2luX2VjEFMaCXVzLXdlc3QtMiJIMEYCIQD7KMRDZFJWYkfGCdXYApkS8K5vx6Z0M%2F6glnpxwSJ0jQIhAP3ShKjrMYxejB3Nt%2B9np%2Buje6TcRvAqgNycgnVOQ3ucKu0CCBwQBBoMNzkwMDgxNjAxNjIxIgwHgLc7ZY7sW841rFEqygJy%2BOAkHJMI%2BAajjHps6ZmL%2FZiXZ8KpOCPeJcLFc2HJmV%2BkS5AS%2BO0PtVkBv3Q4n0veLZ%2FqH3fVLFXBfj4t7W0TQ85CnCnBNXv1E7VAH2dp2qr2X2x7CRChFs5BMNXuxLo1nOnhlgPPtvWy%2BZqTaiP%2FksKv7BXWKtcB2fJkIJlkHXmA66EcGkcXPeSrLJYzb8MmXHxBfpCkn5PtDPg75CGm1JRrPwRhkRojfMlhBn39YcwtXSqbMc4%2F58clKYnArfOxaaDEdV4cYA7iizEftKNKmZxMmRn3%2B9Q8YGBTtZn3UjpWFyV69rXDwg%2F6BfoGcwylsc6%2FM7wRp5wHtECG5Z7Ffuvu%2F6BXVjJjLTiFjjcl3z%2BM%2F%2FTuw5bcdDn2l3ycvSYrTEHdTQlqQpQxV0fR50tDKWklUPrgwtXp2TvdNHnvSlqXZszxTg367uAwu9uw0QY6rAKw6ejecdP8ZQ45dk73KWeJl1w8hn0aWvUHRTIVKV5FizKeOv%2FKQrQ8loAJ4v8IA4v3LA2uIolG9DKOFJfI6WA0uOkIdrcoJhI9r92t%2FG7XPE4KhnWAgAPFY3AWvo0rikBjSXc%2Fu2k9BANoqkG4tXWux6YgvS8CaeZ3p8Pei%2Fv1uLYXUyAQBDMcwv1TGYQAlef3fo9eSN8wUKo3%2FzqHHKyq%2BZFX08HAw7lVlzmUedF8P8e0nj0EK2ohDmfh5VnjDC5hBWBJvzFCugkf9ZGTljbZTyMZNRM46YMmyjmZXyqsAD1JBNce%2F3YEcTPTe54157nE1JHri3DwyFQtIReTxa%2BpJenYenfN30QJNf%2Fy3vGc0ObBk8TonskU4%2B%2F2aaU9hTdOQEmdLW6sW2UtTV8%3D&X-Amz-Signature=4827ef774cf40f00787e3ceedc3b7de53a0f3e55db61f38a500b0f25a8c8197a&X-Amz-SignedHeaders=host&response-content-disposition=inline
Vicente Melendez,peoplesr@comcast.net,Account Dir,"Mercedes Benz – Ann Arbor, MI","Delta - LaGuardia, NY",02/11/2021,7:20 PM,(666) 666-6680,"$8,862.00",Day,https://cdn.4insite.com/assets/1b5f1cdd74ae46a1a28ff280bc63762c_RayLopez_t.jpg,https://cdn.4insite.com/assets/r0a1cee2e179841c9b22f813f635edc13_portrait_t.png?X-Amz-Algorithm=AWS4-HMAC-SHA256&X-Amz-Content-Sha256=UNSIGNED-PAYLOAD&X-Amz-Credential=ASIA3P5EIQBK2EAQQJGJ%2F20260612%2Fus-west-2%2Fs3%2Faws4_request&X-Amz-Date=20260612T182822Z&X-Amz-Expires=300&X-Amz-Security-Token=IQoJb3JpZ2luX2VjEFMaCXVzLXdlc3QtMiJIMEYCIQD7KMRDZFJWYkfGCdXYApkS8K5vx6Z0M%2F6glnpxwSJ0jQIhAP3ShKjrMYxejB3Nt%2B9np%2Buje6TcRvAqgNycgnVOQ3ucKu0CCBwQBBoMNzkwMDgxNjAxNjIxIgwHgLc7ZY7sW841rFEqygJy%2BOAkHJMI%2BAajjHps6ZmL%2FZiXZ8KpOCPeJcLFc2HJmV%2BkS5AS%2BO0PtVkBv3Q4n0veLZ%2FqH3fVLFXBfj4t7W0TQ85CnCnBNXv1E7VAH2dp2qr2X2x7CRChFs5BMNXuxLo1nOnhlgPPtvWy%2BZqTaiP%2FksKv7BXWKtcB2fJkIJlkHXmA66EcGkcXPeSrLJYzb8MmXHxBfpCkn5PtDPg75CGm1JRrPwRhkRojfMlhBn39YcwtXSqbMc4%2F58clKYnArfOxaaDEdV4cYA7iizEftKNKmZxMmRn3%2B9Q8YGBTtZn3UjpWFyV69rXDwg%2F6BfoGcwylsc6%2FM7wRp5wHtECG5Z7Ffuvu%2F6BXVjJjLTiFjjcl3z%2BM%2F%2FTuw5bcdDn2l3ycvSYrTEHdTQlqQpQxV0fR50tDKWklUPrgwtXp2TvdNHnvSlqXZszxTg367uAwu9uw0QY6rAKw6ejecdP8ZQ45dk73KWeJl1w8hn0aWvUHRTIVKV5FizKeOv%2FKQrQ8loAJ4v8IA4v3LA2uIolG9DKOFJfI6WA0uOkIdrcoJhI9r92t%2FG7XPE4KhnWAgAPFY3AWvo0rikBjSXc%2Fu2k9BANoqkG4tXWux6YgvS8CaeZ3p8Pei%2Fv1uLYXUyAQBDMcwv1TGYQAlef3fo9eSN8wUKo3%2FzqHHKyq%2BZFX08HAw7lVlzmUedF8P8e0nj0EK2ohDmfh5VnjDC5hBWBJvzFCugkf9ZGTljbZTyMZNRM46YMmyjmZXyqsAD1JBNce%2F3YEcTPTe54157nE1JHri3DwyFQtIReTxa%2BpJenYenfN30QJNf%2Fy3vGc0ObBk8TonskU4%2B%2F2aaU9hTdOQEmdLW6sW2UtTV8%3D&X-Amz-Signature=c01b808cf4b89db0d15ac5d4cdb2db34db6f636a0c09e301b33845735b38b565&X-Amz-SignedHeaders=host&response-content-disposition=inline
Zoie Graham,madler@mac.com,Site Mgr,NIKE – Adapt,"Delta - Detroit, MI",03/22/2022,7:35 PM,(000) 000-0014,"$3,763.00",Night,https://cdn.4insite.com/assets/bb6ba2cdc8b14c43ae94f3550aa86c00_NicolasVillalobos_t.jpg,https://cdn.4insite.com/assets/fca0e506f7bf41a798f7c415a0d3833b_Pic.Med_t.png?X-Amz-Algorithm=AWS4-HMAC-SHA256&X-Amz-Content-Sha256=UNSIGNED-PAYLOAD&X-Amz-Credential=ASIA3P5EIQBK2EAQQJGJ%2F20260612%2Fus-west-2%2Fs3%2Faws4_request&X-Amz-Date=20260612T182822Z&X-Amz-Expires=300&X-Amz-Security-Token=IQoJb3JpZ2luX2VjEFMaCXVzLXdlc3QtMiJIMEYCIQD7KMRDZFJWYkfGCdXYApkS8K5vx6Z0M%2F6glnpxwSJ0jQIhAP3ShKjrMYxejB3Nt%2B9np%2Buje6TcRvAqgNycgnVOQ3ucKu0CCBwQBBoMNzkwMDgxNjAxNjIxIgwHgLc7ZY7sW841rFEqygJy%2BOAkHJMI%2BAajjHps6ZmL%2FZiXZ8KpOCPeJcLFc2HJmV%2BkS5AS%2BO0PtVkBv3Q4n0veLZ%2FqH3fVLFXBfj4t7W0TQ85CnCnBNXv1E7VAH2dp2qr2X2x7CRChFs5BMNXuxLo1nOnhlgPPtvWy%2BZqTaiP%2FksKv7BXWKtcB2fJkIJlkHXmA66EcGkcXPeSrLJYzb8MmXHxBfpCkn5PtDPg75CGm1JRrPwRhkRojfMlhBn39YcwtXSqbMc4%2F58clKYnArfOxaaDEdV4cYA7iizEftKNKmZxMmRn3%2B9Q8YGBTtZn3UjpWFyV69rXDwg%2F6BfoGcwylsc6%2FM7wRp5wHtECG5Z7Ffuvu%2F6BXVjJjLTiFjjcl3z%2BM%2F%2FTuw5bcdDn2l3ycvSYrTEHdTQlqQpQxV0fR50tDKWklUPrgwtXp2TvdNHnvSlqXZszxTg367uAwu9uw0QY6rAKw6ejecdP8ZQ45dk73KWeJl1w8hn0aWvUHRTIVKV5FizKeOv%2FKQrQ8loAJ4v8IA4v3LA2uIolG9DKOFJfI6WA0uOkIdrcoJhI9r92t%2FG7XPE4KhnWAgAPFY3AWvo0rikBjSXc%2Fu2k9BANoqkG4tXWux6YgvS8CaeZ3p8Pei%2Fv1uLYXUyAQBDMcwv1TGYQAlef3fo9eSN8wUKo3%2FzqHHKyq%2BZFX08HAw7lVlzmUedF8P8e0nj0EK2ohDmfh5VnjDC5hBWBJvzFCugkf9ZGTljbZTyMZNRM46YMmyjmZXyqsAD1JBNce%2F3YEcTPTe54157nE1JHri3DwyFQtIReTxa%2BpJenYenfN30QJNf%2Fy3vGc0ObBk8TonskU4%2B%2F2aaU9hTdOQEmdLW6sW2UtTV8%3D&X-Amz-Signature=2855d231249686bf93579edfea06cec83bae2050559ad087907a1d137b2fa658&X-Amz-SignedHeaders=host&response-content-disposition=inline
Zayden Haas,bockelboy@msn.com,Sr Site Mgr,Delta (JLL) – Cargo DFW,Microsoft (CBRE) – Puget Sound (CBRE),01/10/2022,8:50 PM,(666) 666-6682,"$1,547.00",Swing,https://cdn.4insite.com/assets/r7c8c99968c9244b3bae0f4ba0986c132_ChatGPTImageSep24202501_26_06PM_t.png,https://cdn.4insite.com/assets/efefa9b9532a4182bf4b181ac1290f2e_JohnSimHeadshot_t.png?X-Amz-Algorithm=AWS4-HMAC-SHA256&X-Amz-Content-Sha256=UNSIGNED-PAYLOAD&X-Amz-Credential=ASIA3P5EIQBK2EAQQJGJ%2F20260612%2Fus-west-2%2Fs3%2Faws4_request&X-Amz-Date=20260612T182822Z&X-Amz-Expires=300&X-Amz-Security-Token=IQoJb3JpZ2luX2VjEFMaCXVzLXdlc3QtMiJIMEYCIQD7KMRDZFJWYkfGCdXYApkS8K5vx6Z0M%2F6glnpxwSJ0jQIhAP3ShKjrMYxejB3Nt%2B9np%2Buje6TcRvAqgNycgnVOQ3ucKu0CCBwQBBoMNzkwMDgxNjAxNjIxIgwHgLc7ZY7sW841rFEqygJy%2BOAkHJMI%2BAajjHps6ZmL%2FZiXZ8KpOCPeJcLFc2HJmV%2BkS5AS%2BO0PtVkBv3Q4n0veLZ%2FqH3fVLFXBfj4t7W0TQ85CnCnBNXv1E7VAH2dp2qr2X2x7CRChFs5BMNXuxLo1nOnhlgPPtvWy%2BZqTaiP%2FksKv7BXWKtcB2fJkIJlkHXmA66EcGkcXPeSrLJYzb8MmXHxBfpCkn5PtDPg75CGm1JRrPwRhkRojfMlhBn39YcwtXSqbMc4%2F58clKYnArfOxaaDEdV4cYA7iizEftKNKmZxMmRn3%2B9Q8YGBTtZn3UjpWFyV69rXDwg%2F6BfoGcwylsc6%2FM7wRp5wHtECG5Z7Ffuvu%2F6BXVjJjLTiFjjcl3z%2BM%2F%2FTuw5bcdDn2l3ycvSYrTEHdTQlqQpQxV0fR50tDKWklUPrgwtXp2TvdNHnvSlqXZszxTg367uAwu9uw0QY6rAKw6ejecdP8ZQ45dk73KWeJl1w8hn0aWvUHRTIVKV5FizKeOv%2FKQrQ8loAJ4v8IA4v3LA2uIolG9DKOFJfI6WA0uOkIdrcoJhI9r92t%2FG7XPE4KhnWAgAPFY3AWvo0rikBjSXc%2Fu2k9BANoqkG4tXWux6YgvS8CaeZ3p8Pei%2Fv1uLYXUyAQBDMcwv1TGYQAlef3fo9eSN8wUKo3%2FzqHHKyq%2BZFX08HAw7lVlzmUedF8P8e0nj0EK2ohDmfh5VnjDC5hBWBJvzFCugkf9ZGTljbZTyMZNRM46YMmyjmZXyqsAD1JBNce%2F3YEcTPTe54157nE1JHri3DwyFQtIReTxa%2BpJenYenfN30QJNf%2Fy3vGc0ObBk8TonskU4%2B%2F2aaU9hTdOQEmdLW6sW2UtTV8%3D&X-Amz-Signature=d6b8cf4f5a18812203fe106bac29e18ec7a9eb863d6d870a3079d9bae4dd8876&X-Amz-SignedHeaders=host&response-content-disposition=inline
Andrea Curry,bmidd@optonline.net,Assoc Site Mgr,Iron Mountain Singapore (CBRE) – Tuas,"Delta - LaGuardia, NY",07/24/2020,2:40 PM,(555) 555-5566,"$1,576.00",Graveyard,https://cdn.4insite.com/assets/cca80b92793e43c79e40e57a6d83311c_Headshot_t.jpg,https://cdn.4insite.com/assets/d59260db4c624794aa21a73c958b5e09_FB_IMG_1750046846456_t.png?X-Amz-Algorithm=AWS4-HMAC-SHA256&X-Amz-Content-Sha256=UNSIGNED-PAYLOAD&X-Amz-Credential=ASIA3P5EIQBK2EAQQJGJ%2F20260612%2Fus-west-2%2Fs3%2Faws4_request&X-Amz-Date=20260612T182822Z&X-Amz-Expires=300&X-Amz-Security-Token=IQoJb3JpZ2luX2VjEFMaCXVzLXdlc3QtMiJIMEYCIQD7KMRDZFJWYkfGCdXYApkS8K5vx6Z0M%2F6glnpxwSJ0jQIhAP3ShKjrMYxejB3Nt%2B9np%2Buje6TcRvAqgNycgnVOQ3ucKu0CCBwQBBoMNzkwMDgxNjAxNjIxIgwHgLc7ZY7sW841rFEqygJy%2BOAkHJMI%2BAajjHps6ZmL%2FZiXZ8KpOCPeJcLFc2HJmV%2BkS5AS%2BO0PtVkBv3Q4n0veLZ%2FqH3fVLFXBfj4t7W0TQ85CnCnBNXv1E7VAH2dp2qr2X2x7CRChFs5BMNXuxLo1nOnhlgPPtvWy%2BZqTaiP%2FksKv7BXWKtcB2fJkIJlkHXmA66EcGkcXPeSrLJYzb8MmXHxBfpCkn5PtDPg75CGm1JRrPwRhkRojfMlhBn39YcwtXSqbMc4%2F58clKYnArfOxaaDEdV4cYA7iizEftKNKmZxMmRn3%2B9Q8YGBTtZn3UjpWFyV69rXDwg%2F6BfoGcwylsc6%2FM7wRp5wHtECG5Z7Ffuvu%2F6BXVjJjLTiFjjcl3z%2BM%2F%2FTuw5bcdDn2l3ycvSYrTEHdTQlqQpQxV0fR50tDKWklUPrgwtXp2TvdNHnvSlqXZszxTg367uAwu9uw0QY6rAKw6ejecdP8ZQ45dk73KWeJl1w8hn0aWvUHRTIVKV5FizKeOv%2FKQrQ8loAJ4v8IA4v3LA2uIolG9DKOFJfI6WA0uOkIdrcoJhI9r92t%2FG7XPE4KhnWAgAPFY3AWvo0rikBjSXc%2Fu2k9BANoqkG4tXWux6YgvS8CaeZ3p8Pei%2Fv1uLYXUyAQBDMcwv1TGYQAlef3fo9eSN8wUKo3%2FzqHHKyq%2BZFX08HAw7lVlzmUedF8P8e0nj0EK2ohDmfh5VnjDC5hBWBJvzFCugkf9ZGTljbZTyMZNRM46YMmyjmZXyqsAD1JBNce%2F3YEcTPTe54157nE1JHri3DwyFQtIReTxa%2BpJenYenfN30QJNf%2Fy3vGc0ObBk8TonskU4%2B%2F2aaU9hTdOQEmdLW6sW2UtTV8%3D&X-Amz-Signature=971ed70553b0464c2b817cf5b3eceb6b68d881c62449ceb50272a042c7160a7e&X-Amz-SignedHeaders=host&response-content-disposition=inline
Micah Cox,jaffe@att.net,Account Mgr,Johnson & Johnson – Janssen-Raritan,"Delta - Detroit, MI",03/16/2022,5:35 PM,(888) 888-8901,"$6,843.00",Day,https://cdn.4insite.com/assets/rde4ea7fcc452491c977f66f15bca75b1_Media_t.jpg,https://cdn.4insite.com/assets/cca80b92793e43c79e40e57a6d83311c_Headshot_t.png?X-Amz-Algorithm=AWS4-HMAC-SHA256&X-Amz-Content-Sha256=UNSIGNED-PAYLOAD&X-Amz-Credential=ASIA3P5EIQBK2EAQQJGJ%2F20260612%2Fus-west-2%2Fs3%2Faws4_request&X-Amz-Date=20260612T182822Z&X-Amz-Expires=300&X-Amz-Security-Token=IQoJb3JpZ2luX2VjEFMaCXVzLXdlc3QtMiJIMEYCIQD7KMRDZFJWYkfGCdXYApkS8K5vx6Z0M%2F6glnpxwSJ0jQIhAP3ShKjrMYxejB3Nt%2B9np%2Buje6TcRvAqgNycgnVOQ3ucKu0CCBwQBBoMNzkwMDgxNjAxNjIxIgwHgLc7ZY7sW841rFEqygJy%2BOAkHJMI%2BAajjHps6ZmL%2FZiXZ8KpOCPeJcLFc2HJmV%2BkS5AS%2BO0PtVkBv3Q4n0veLZ%2FqH3fVLFXBfj4t7W0TQ85CnCnBNXv1E7VAH2dp2qr2X2x7CRChFs5BMNXuxLo1nOnhlgPPtvWy%2BZqTaiP%2FksKv7BXWKtcB2fJkIJlkHXmA66EcGkcXPeSrLJYzb8MmXHxBfpCkn5PtDPg75CGm1JRrPwRhkRojfMlhBn39YcwtXSqbMc4%2F58clKYnArfOxaaDEdV4cYA7iizEftKNKmZxMmRn3%2B9Q8YGBTtZn3UjpWFyV69rXDwg%2F6BfoGcwylsc6%2FM7wRp5wHtECG5Z7Ffuvu%2F6BXVjJjLTiFjjcl3z%2BM%2F%2FTuw5bcdDn2l3ycvSYrTEHdTQlqQpQxV0fR50tDKWklUPrgwtXp2TvdNHnvSlqXZszxTg367uAwu9uw0QY6rAKw6ejecdP8ZQ45dk73KWeJl1w8hn0aWvUHRTIVKV5FizKeOv%2FKQrQ8loAJ4v8IA4v3LA2uIolG9DKOFJfI6WA0uOkIdrcoJhI9r92t%2FG7XPE4KhnWAgAPFY3AWvo0rikBjSXc%2Fu2k9BANoqkG4tXWux6YgvS8CaeZ3p8Pei%2Fv1uLYXUyAQBDMcwv1TGYQAlef3fo9eSN8wUKo3%2FzqHHKyq%2BZFX08HAw7lVlzmUedF8P8e0nj0EK2ohDmfh5VnjDC5hBWBJvzFCugkf9ZGTljbZTyMZNRM46YMmyjmZXyqsAD1JBNce%2F3YEcTPTe54157nE1JHri3DwyFQtIReTxa%2BpJenYenfN30QJNf%2Fy3vGc0ObBk8TonskU4%2B%2F2aaU9hTdOQEmdLW6sW2UtTV8%3D&X-Amz-Signature=0c0a530f44261bdc038a463cae6216610b526f24c1f66dac578b62f16d86971d&X-Amz-SignedHeaders=host&response-content-disposition=inline
Marques Hubbard,danneng@optonline.net,Account Dir,"Moderna (JLL) – Norwood, MA ",Microsoft (CBRE) – Puget Sound (CBRE),01/08/2020,9:20 AM,(444) 444-4448,"$3,318.00",Night,https://cdn.4insite.com/assets/c0dabd08f60d4e3bb90befb2f4852de4_ryan_t.jpg,https://cdn.4insite.com/assets/c13088edc05c450eb6aaf9e409785659_thumbnail_image0_t.png?X-Amz-Algorithm=AWS4-HMAC-SHA256&X-Amz-Content-Sha256=UNSIGNED-PAYLOAD&X-Amz-Credential=ASIA3P5EIQBK2EAQQJGJ%2F20260612%2Fus-west-2%2Fs3%2Faws4_request&X-Amz-Date=20260612T182822Z&X-Amz-Expires=300&X-Amz-Security-Token=IQoJb3JpZ2luX2VjEFMaCXVzLXdlc3QtMiJIMEYCIQD7KMRDZFJWYkfGCdXYApkS8K5vx6Z0M%2F6glnpxwSJ0jQIhAP3ShKjrMYxejB3Nt%2B9np%2Buje6TcRvAqgNycgnVOQ3ucKu0CCBwQBBoMNzkwMDgxNjAxNjIxIgwHgLc7ZY7sW841rFEqygJy%2BOAkHJMI%2BAajjHps6ZmL%2FZiXZ8KpOCPeJcLFc2HJmV%2BkS5AS%2BO0PtVkBv3Q4n0veLZ%2FqH3fVLFXBfj4t7W0TQ85CnCnBNXv1E7VAH2dp2qr2X2x7CRChFs5BMNXuxLo1nOnhlgPPtvWy%2BZqTaiP%2FksKv7BXWKtcB2fJkIJlkHXmA66EcGkcXPeSrLJYzb8MmXHxBfpCkn5PtDPg75CGm1JRrPwRhkRojfMlhBn39YcwtXSqbMc4%2F58clKYnArfOxaaDEdV4cYA7iizEftKNKmZxMmRn3%2B9Q8YGBTtZn3UjpWFyV69rXDwg%2F6BfoGcwylsc6%2FM7wRp5wHtECG5Z7Ffuvu%2F6BXVjJjLTiFjjcl3z%2BM%2F%2FTuw5bcdDn2l3ycvSYrTEHdTQlqQpQxV0fR50tDKWklUPrgwtXp2TvdNHnvSlqXZszxTg367uAwu9uw0QY6rAKw6ejecdP8ZQ45dk73KWeJl1w8hn0aWvUHRTIVKV5FizKeOv%2FKQrQ8loAJ4v8IA4v3LA2uIolG9DKOFJfI6WA0uOkIdrcoJhI9r92t%2FG7XPE4KhnWAgAPFY3AWvo0rikBjSXc%2Fu2k9BANoqkG4tXWux6YgvS8CaeZ3p8Pei%2Fv1uLYXUyAQBDMcwv1TGYQAlef3fo9eSN8wUKo3%2FzqHHKyq%2BZFX08HAw7lVlzmUedF8P8e0nj0EK2ohDmfh5VnjDC5hBWBJvzFCugkf9ZGTljbZTyMZNRM46YMmyjmZXyqsAD1JBNce%2F3YEcTPTe54157nE1JHri3DwyFQtIReTxa%2BpJenYenfN30QJNf%2Fy3vGc0ObBk8TonskU4%2B%2F2aaU9hTdOQEmdLW6sW2UtTV8%3D&X-Amz-Signature=645984a83ef9952fde2c9f5f96fb368e6a1a83dafa7fbd9f1886eb434d0311f4&X-Amz-SignedHeaders=host&response-content-disposition=inline
Erin Glenn,johndo@gmail.com,Site Mgr,"HP (JLL) – Palo Alto, CA","Delta - LaGuardia, NY",03/31/2021,9:35 AM,(777) 777-7781,"$6,098.00",Swing,https://cdn.4insite.com/assets/5396266e01b74a00b44ce469e9f47212_ProfilePic2_t.png,https://cdn.4insite.com/assets/b8b0155003b141ec97c94c251ecbf1ad_b0d2d80c36974c318013ee5b1d157348_t.png?X-Amz-Algorithm=AWS4-HMAC-SHA256&X-Amz-Content-Sha256=UNSIGNED-PAYLOAD&X-Amz-Credential=ASIA3P5EIQBK2EAQQJGJ%2F20260612%2Fus-west-2%2Fs3%2Faws4_request&X-Amz-Date=20260612T182822Z&X-Amz-Expires=300&X-Amz-Security-Token=IQoJb3JpZ2luX2VjEFMaCXVzLXdlc3QtMiJIMEYCIQD7KMRDZFJWYkfGCdXYApkS8K5vx6Z0M%2F6glnpxwSJ0jQIhAP3ShKjrMYxejB3Nt%2B9np%2Buje6TcRvAqgNycgnVOQ3ucKu0CCBwQBBoMNzkwMDgxNjAxNjIxIgwHgLc7ZY7sW841rFEqygJy%2BOAkHJMI%2BAajjHps6ZmL%2FZiXZ8KpOCPeJcLFc2HJmV%2BkS5AS%2BO0PtVkBv3Q4n0veLZ%2FqH3fVLFXBfj4t7W0TQ85CnCnBNXv1E7VAH2dp2qr2X2x7CRChFs5BMNXuxLo1nOnhlgPPtvWy%2BZqTaiP%2FksKv7BXWKtcB2fJkIJlkHXmA66EcGkcXPeSrLJYzb8MmXHxBfpCkn5PtDPg75CGm1JRrPwRhkRojfMlhBn39YcwtXSqbMc4%2F58clKYnArfOxaaDEdV4cYA7iizEftKNKmZxMmRn3%2B9Q8YGBTtZn3UjpWFyV69rXDwg%2F6BfoGcwylsc6%2FM7wRp5wHtECG5Z7Ffuvu%2F6BXVjJjLTiFjjcl3z%2BM%2F%2FTuw5bcdDn2l3ycvSYrTEHdTQlqQpQxV0fR50tDKWklUPrgwtXp2TvdNHnvSlqXZszxTg367uAwu9uw0QY6rAKw6ejecdP8ZQ45dk73KWeJl1w8hn0aWvUHRTIVKV5FizKeOv%2FKQrQ8loAJ4v8IA4v3LA2uIolG9DKOFJfI6WA0uOkIdrcoJhI9r92t%2FG7XPE4KhnWAgAPFY3AWvo0rikBjSXc%2Fu2k9BANoqkG4tXWux6YgvS8CaeZ3p8Pei%2Fv1uLYXUyAQBDMcwv1TGYQAlef3fo9eSN8wUKo3%2FzqHHKyq%2BZFX08HAw7lVlzmUedF8P8e0nj0EK2ohDmfh5VnjDC5hBWBJvzFCugkf9ZGTljbZTyMZNRM46YMmyjmZXyqsAD1JBNce%2F3YEcTPTe54157nE1JHri3DwyFQtIReTxa%2BpJenYenfN30QJNf%2Fy3vGc0ObBk8TonskU4%2B%2F2aaU9hTdOQEmdLW6sW2UtTV8%3D&X-Amz-Signature=0c3b86b05f0b324ad05b9ec390f353a1ad054f5f7916cb91244f30c8b3d87831&X-Amz-SignedHeaders=host&response-content-disposition=inline
Brianna Fischer,makarow@sbcglobal.net,Sr Site Mgr,"Technicolor (CBRE) – Memphis, TN","Delta - Detroit, MI",09/04/2020,9:00 AM,(000) 000-0003,"$2,631.00",Graveyard,https://cdn.4insite.com/assets/0f5ebb444fba4b6db302929404569ba0_chr_t.jpg,https://cdn.4insite.com/assets/b410b7defaf74300a45a5d7613d4d26e_1000001389_t.png?X-Amz-Algorithm=AWS4-HMAC-SHA256&X-Amz-Content-Sha256=UNSIGNED-PAYLOAD&X-Amz-Credential=ASIA3P5EIQBK2EAQQJGJ%2F20260612%2Fus-west-2%2Fs3%2Faws4_request&X-Amz-Date=20260612T182822Z&X-Amz-Expires=300&X-Amz-Security-Token=IQoJb3JpZ2luX2VjEFMaCXVzLXdlc3QtMiJIMEYCIQD7KMRDZFJWYkfGCdXYApkS8K5vx6Z0M%2F6glnpxwSJ0jQIhAP3ShKjrMYxejB3Nt%2B9np%2Buje6TcRvAqgNycgnVOQ3ucKu0CCBwQBBoMNzkwMDgxNjAxNjIxIgwHgLc7ZY7sW841rFEqygJy%2BOAkHJMI%2BAajjHps6ZmL%2FZiXZ8KpOCPeJcLFc2HJmV%2BkS5AS%2BO0PtVkBv3Q4n0veLZ%2FqH3fVLFXBfj4t7W0TQ85CnCnBNXv1E7VAH2dp2qr2X2x7CRChFs5BMNXuxLo1nOnhlgPPtvWy%2BZqTaiP%2FksKv7BXWKtcB2fJkIJlkHXmA66EcGkcXPeSrLJYzb8MmXHxBfpCkn5PtDPg75CGm1JRrPwRhkRojfMlhBn39YcwtXSqbMc4%2F58clKYnArfOxaaDEdV4cYA7iizEftKNKmZxMmRn3%2B9Q8YGBTtZn3UjpWFyV69rXDwg%2F6BfoGcwylsc6%2FM7wRp5wHtECG5Z7Ffuvu%2F6BXVjJjLTiFjjcl3z%2BM%2F%2FTuw5bcdDn2l3ycvSYrTEHdTQlqQpQxV0fR50tDKWklUPrgwtXp2TvdNHnvSlqXZszxTg367uAwu9uw0QY6rAKw6ejecdP8ZQ45dk73KWeJl1w8hn0aWvUHRTIVKV5FizKeOv%2FKQrQ8loAJ4v8IA4v3LA2uIolG9DKOFJfI6WA0uOkIdrcoJhI9r92t%2FG7XPE4KhnWAgAPFY3AWvo0rikBjSXc%2Fu2k9BANoqkG4tXWux6YgvS8CaeZ3p8Pei%2Fv1uLYXUyAQBDMcwv1TGYQAlef3fo9eSN8wUKo3%2FzqHHKyq%2BZFX08HAw7lVlzmUedF8P8e0nj0EK2ohDmfh5VnjDC5hBWBJvzFCugkf9ZGTljbZTyMZNRM46YMmyjmZXyqsAD1JBNce%2F3YEcTPTe54157nE1JHri3DwyFQtIReTxa%2BpJenYenfN30QJNf%2Fy3vGc0ObBk8TonskU4%2B%2F2aaU9hTdOQEmdLW6sW2UtTV8%3D&X-Amz-Signature=468514fb9163c1d963a2fac243e50cbff7fdd6966494be25c5af4c224d9a81c9&X-Amz-SignedHeaders=host&response-content-disposition=inline
Kai Walter,mwilson@mac.com,Assoc Site Mgr,DuPont – Buffalo,Microsoft (CBRE) – Puget Sound (CBRE),12/12/2021,7:20 AM,(777) 777-7778,"$9,834.00",Day,https://cdn.4insite.com/assets/da88f0d585e2426086bd6b472be3f2d0_ClaudiaProffesionalpic_t.jpg,https://cdn.4insite.com/assets/b285f90a676f4b62b0d2fb74a940bae3_REALESTATEPIC_t.png?X-Amz-Algorithm=AWS4-HMAC-SHA256&X-Amz-Content-Sha256=UNSIGNED-PAYLOAD&X-Amz-Credential=ASIA3P5EIQBK2EAQQJGJ%2F20260612%2Fus-west-2%2Fs3%2Faws4_request&X-Amz-Date=20260612T182822Z&X-Amz-Expires=300&X-Amz-Security-Token=IQoJb3JpZ2luX2VjEFMaCXVzLXdlc3QtMiJIMEYCIQD7KMRDZFJWYkfGCdXYApkS8K5vx6Z0M%2F6glnpxwSJ0jQIhAP3ShKjrMYxejB3Nt%2B9np%2Buje6TcRvAqgNycgnVOQ3ucKu0CCBwQBBoMNzkwMDgxNjAxNjIxIgwHgLc7ZY7sW841rFEqygJy%2BOAkHJMI%2BAajjHps6ZmL%2FZiXZ8KpOCPeJcLFc2HJmV%2BkS5AS%2BO0PtVkBv3Q4n0veLZ%2FqH3fVLFXBfj4t7W0TQ85CnCnBNXv1E7VAH2dp2qr2X2x7CRChFs5BMNXuxLo1nOnhlgPPtvWy%2BZqTaiP%2FksKv7BXWKtcB2fJkIJlkHXmA66EcGkcXPeSrLJYzb8MmXHxBfpCkn5PtDPg75CGm1JRrPwRhkRojfMlhBn39YcwtXSqbMc4%2F58clKYnArfOxaaDEdV4cYA7iizEftKNKmZxMmRn3%2B9Q8YGBTtZn3UjpWFyV69rXDwg%2F6BfoGcwylsc6%2FM7wRp5wHtECG5Z7Ffuvu%2F6BXVjJjLTiFjjcl3z%2BM%2F%2FTuw5bcdDn2l3ycvSYrTEHdTQlqQpQxV0fR50tDKWklUPrgwtXp2TvdNHnvSlqXZszxTg367uAwu9uw0QY6rAKw6ejecdP8ZQ45dk73KWeJl1w8hn0aWvUHRTIVKV5FizKeOv%2FKQrQ8loAJ4v8IA4v3LA2uIolG9DKOFJfI6WA0uOkIdrcoJhI9r92t%2FG7XPE4KhnWAgAPFY3AWvo0rikBjSXc%2Fu2k9BANoqkG4tXWux6YgvS8CaeZ3p8Pei%2Fv1uLYXUyAQBDMcwv1TGYQAlef3fo9eSN8wUKo3%2FzqHHKyq%2BZFX08HAw7lVlzmUedF8P8e0nj0EK2ohDmfh5VnjDC5hBWBJvzFCugkf9ZGTljbZTyMZNRM46YMmyjmZXyqsAD1JBNce%2F3YEcTPTe54157nE1JHri3DwyFQtIReTxa%2BpJenYenfN30QJNf%2Fy3vGc0ObBk8TonskU4%2B%2F2aaU9hTdOQEmdLW6sW2UtTV8%3D&X-Amz-Signature=4785d93360f0a68cca74cfa54bdb2e0c025ae6b2dbfd86bd8ba86269ab87a018&X-Amz-SignedHeaders=host&response-content-disposition=inline
Ricky Walters,kildjean@icloud.com,Account Mgr,AT&T (CBRE) – Singapore,"Delta - LaGuardia, NY",03/05/2021,6:45 PM,(444) 444-4459,"$5,430.00",Night,https://cdn.4insite.com/assets/1600282454.3660638_2706cec21_t.jpg,https://cdn.4insite.com/assets/b023bd3e186f4a198bc6a16b8730b43e_IMG_4897_t.png?X-Amz-Algorithm=AWS4-HMAC-SHA256&X-Amz-Content-Sha256=UNSIGNED-PAYLOAD&X-Amz-Credential=ASIA3P5EIQBK2EAQQJGJ%2F20260612%2Fus-west-2%2Fs3%2Faws4_request&X-Amz-Date=20260612T182822Z&X-Amz-Expires=300&X-Amz-Security-Token=IQoJb3JpZ2luX2VjEFMaCXVzLXdlc3QtMiJIMEYCIQD7KMRDZFJWYkfGCdXYApkS8K5vx6Z0M%2F6glnpxwSJ0jQIhAP3ShKjrMYxejB3Nt%2B9np%2Buje6TcRvAqgNycgnVOQ3ucKu0CCBwQBBoMNzkwMDgxNjAxNjIxIgwHgLc7ZY7sW841rFEqygJy%2BOAkHJMI%2BAajjHps6ZmL%2FZiXZ8KpOCPeJcLFc2HJmV%2BkS5AS%2BO0PtVkBv3Q4n0veLZ%2FqH3fVLFXBfj4t7W0TQ85CnCnBNXv1E7VAH2dp2qr2X2x7CRChFs5BMNXuxLo1nOnhlgPPtvWy%2BZqTaiP%2FksKv7BXWKtcB2fJkIJlkHXmA66EcGkcXPeSrLJYzb8MmXHxBfpCkn5PtDPg75CGm1JRrPwRhkRojfMlhBn39YcwtXSqbMc4%2F58clKYnArfOxaaDEdV4cYA7iizEftKNKmZxMmRn3%2B9Q8YGBTtZn3UjpWFyV69rXDwg%2F6BfoGcwylsc6%2FM7wRp5wHtECG5Z7Ffuvu%2F6BXVjJjLTiFjjcl3z%2BM%2F%2FTuw5bcdDn2l3ycvSYrTEHdTQlqQpQxV0fR50tDKWklUPrgwtXp2TvdNHnvSlqXZszxTg367uAwu9uw0QY6rAKw6ejecdP8ZQ45dk73KWeJl1w8hn0aWvUHRTIVKV5FizKeOv%2FKQrQ8loAJ4v8IA4v3LA2uIolG9DKOFJfI6WA0uOkIdrcoJhI9r92t%2FG7XPE4KhnWAgAPFY3AWvo0rikBjSXc%2Fu2k9BANoqkG4tXWux6YgvS8CaeZ3p8Pei%2Fv1uLYXUyAQBDMcwv1TGYQAlef3fo9eSN8wUKo3%2FzqHHKyq%2BZFX08HAw7lVlzmUedF8P8e0nj0EK2ohDmfh5VnjDC5hBWBJvzFCugkf9ZGTljbZTyMZNRM46YMmyjmZXyqsAD1JBNce%2F3YEcTPTe54157nE1JHri3DwyFQtIReTxa%2BpJenYenfN30QJNf%2Fy3vGc0ObBk8TonskU4%2B%2F2aaU9hTdOQEmdLW6sW2UtTV8%3D&X-Amz-Signature=e76427c803b53beb74b7e25aca6a664ede4bcfe94fa3d255f2bbf3b79135b630&X-Amz-SignedHeaders=host&response-content-disposition=inline
Maleah Sutton,bahwi@verizon.net,Account Dir,DuPont – Buffalo,"Delta - Detroit, MI",08/04/2021,11:45 AM,(666) 666-6673,"$5,676.00",Swing,https://cdn.4insite.com/assets/r9ac5ef03f70b45d98e38df6fa721a0e1_PXL_20230328_211357723.PORTRAIT3_t.jpg,https://cdn.4insite.com/assets/a750b029139a49e483b90d485b951f26_IMG_2981_t.png?X-Amz-Algorithm=AWS4-HMAC-SHA256&X-Amz-Content-Sha256=UNSIGNED-PAYLOAD&X-Amz-Credential=ASIA3P5EIQBK2EAQQJGJ%2F20260612%2Fus-west-2%2Fs3%2Faws4_request&X-Amz-Date=20260612T182822Z&X-Amz-Expires=300&X-Amz-Security-Token=IQoJb3JpZ2luX2VjEFMaCXVzLXdlc3QtMiJIMEYCIQD7KMRDZFJWYkfGCdXYApkS8K5vx6Z0M%2F6glnpxwSJ0jQIhAP3ShKjrMYxejB3Nt%2B9np%2Buje6TcRvAqgNycgnVOQ3ucKu0CCBwQBBoMNzkwMDgxNjAxNjIxIgwHgLc7ZY7sW841rFEqygJy%2BOAkHJMI%2BAajjHps6ZmL%2FZiXZ8KpOCPeJcLFc2HJmV%2BkS5AS%2BO0PtVkBv3Q4n0veLZ%2FqH3fVLFXBfj4t7W0TQ85CnCnBNXv1E7VAH2dp2qr2X2x7CRChFs5BMNXuxLo1nOnhlgPPtvWy%2BZqTaiP%2FksKv7BXWKtcB2fJkIJlkHXmA66EcGkcXPeSrLJYzb8MmXHxBfpCkn5PtDPg75CGm1JRrPwRhkRojfMlhBn39YcwtXSqbMc4%2F58clKYnArfOxaaDEdV4cYA7iizEftKNKmZxMmRn3%2B9Q8YGBTtZn3UjpWFyV69rXDwg%2F6BfoGcwylsc6%2FM7wRp5wHtECG5Z7Ffuvu%2F6BXVjJjLTiFjjcl3z%2BM%2F%2FTuw5bcdDn2l3ycvSYrTEHdTQlqQpQxV0fR50tDKWklUPrgwtXp2TvdNHnvSlqXZszxTg367uAwu9uw0QY6rAKw6ejecdP8ZQ45dk73KWeJl1w8hn0aWvUHRTIVKV5FizKeOv%2FKQrQ8loAJ4v8IA4v3LA2uIolG9DKOFJfI6WA0uOkIdrcoJhI9r92t%2FG7XPE4KhnWAgAPFY3AWvo0rikBjSXc%2Fu2k9BANoqkG4tXWux6YgvS8CaeZ3p8Pei%2Fv1uLYXUyAQBDMcwv1TGYQAlef3fo9eSN8wUKo3%2FzqHHKyq%2BZFX08HAw7lVlzmUedF8P8e0nj0EK2ohDmfh5VnjDC5hBWBJvzFCugkf9ZGTljbZTyMZNRM46YMmyjmZXyqsAD1JBNce%2F3YEcTPTe54157nE1JHri3DwyFQtIReTxa%2BpJenYenfN30QJNf%2Fy3vGc0ObBk8TonskU4%2B%2F2aaU9hTdOQEmdLW6sW2UtTV8%3D&X-Amz-Signature=6a6595c201139647fde3a92c4b72f6032600e40639e54fe81c8a5c2c8b7d96c3&X-Amz-SignedHeaders=host&response-content-disposition=inline
Reilly Carrillo,bflong@icloud.com,Site Mgr,"Merck (Sodexo) – Branchburg, NJ",Microsoft (CBRE) – Puget Sound (CBRE),11/06/2021,4:05 PM,(444) 444-4457,"$5,455.00",Graveyard,https://cdn.4insite.com/assets/b285f90a676f4b62b0d2fb74a940bae3_REALESTATEPIC_t.jpg,https://cdn.4insite.com/assets/a686535912b44ebca3bc8933686b93e9_jhfgyuf_t.png?X-Amz-Algorithm=AWS4-HMAC-SHA256&X-Amz-Content-Sha256=UNSIGNED-PAYLOAD&X-Amz-Credential=ASIA3P5EIQBK2EAQQJGJ%2F20260612%2Fus-west-2%2Fs3%2Faws4_request&X-Amz-Date=20260612T182822Z&X-Amz-Expires=300&X-Amz-Security-Token=IQoJb3JpZ2luX2VjEFMaCXVzLXdlc3QtMiJIMEYCIQD7KMRDZFJWYkfGCdXYApkS8K5vx6Z0M%2F6glnpxwSJ0jQIhAP3ShKjrMYxejB3Nt%2B9np%2Buje6TcRvAqgNycgnVOQ3ucKu0CCBwQBBoMNzkwMDgxNjAxNjIxIgwHgLc7ZY7sW841rFEqygJy%2BOAkHJMI%2BAajjHps6ZmL%2FZiXZ8KpOCPeJcLFc2HJmV%2BkS5AS%2BO0PtVkBv3Q4n0veLZ%2FqH3fVLFXBfj4t7W0TQ85CnCnBNXv1E7VAH2dp2qr2X2x7CRChFs5BMNXuxLo1nOnhlgPPtvWy%2BZqTaiP%2FksKv7BXWKtcB2fJkIJlkHXmA66EcGkcXPeSrLJYzb8MmXHxBfpCkn5PtDPg75CGm1JRrPwRhkRojfMlhBn39YcwtXSqbMc4%2F58clKYnArfOxaaDEdV4cYA7iizEftKNKmZxMmRn3%2B9Q8YGBTtZn3UjpWFyV69rXDwg%2F6BfoGcwylsc6%2FM7wRp5wHtECG5Z7Ffuvu%2F6BXVjJjLTiFjjcl3z%2BM%2F%2FTuw5bcdDn2l3ycvSYrTEHdTQlqQpQxV0fR50tDKWklUPrgwtXp2TvdNHnvSlqXZszxTg367uAwu9uw0QY6rAKw6ejecdP8ZQ45dk73KWeJl1w8hn0aWvUHRTIVKV5FizKeOv%2FKQrQ8loAJ4v8IA4v3LA2uIolG9DKOFJfI6WA0uOkIdrcoJhI9r92t%2FG7XPE4KhnWAgAPFY3AWvo0rikBjSXc%2Fu2k9BANoqkG4tXWux6YgvS8CaeZ3p8Pei%2Fv1uLYXUyAQBDMcwv1TGYQAlef3fo9eSN8wUKo3%2FzqHHKyq%2BZFX08HAw7lVlzmUedF8P8e0nj0EK2ohDmfh5VnjDC5hBWBJvzFCugkf9ZGTljbZTyMZNRM46YMmyjmZXyqsAD1JBNce%2F3YEcTPTe54157nE1JHri3DwyFQtIReTxa%2BpJenYenfN30QJNf%2Fy3vGc0ObBk8TonskU4%2B%2F2aaU9hTdOQEmdLW6sW2UtTV8%3D&X-Amz-Signature=ab2700ba7b7fe4a8141d48aa0fbfe27274200e15bc7fe7db4decad1a28e5d41b&X-Amz-SignedHeaders=host&response-content-disposition=inline
Nicole Reese,rjones@sbcglobal.net,Sr Site Mgr,"Illumina – San Diego, CA","Delta - LaGuardia, NY",11/06/2020,2:15 PM,(000) 000-0010,"$5,156.00",Day,https://cdn.4insite.com/image/96e5e1bd-6631-c717-fcd8-bc18ab53a863_t.png,https://cdn.4insite.com/assets/a5722943188c44dfad5f47f12f274998_HS_t.png?X-Amz-Algorithm=AWS4-HMAC-SHA256&X-Amz-Content-Sha256=UNSIGNED-PAYLOAD&X-Amz-Credential=ASIA3P5EIQBK2EAQQJGJ%2F20260612%2Fus-west-2%2Fs3%2Faws4_request&X-Amz-Date=20260612T182822Z&X-Amz-Expires=300&X-Amz-Security-Token=IQoJb3JpZ2luX2VjEFMaCXVzLXdlc3QtMiJIMEYCIQD7KMRDZFJWYkfGCdXYApkS8K5vx6Z0M%2F6glnpxwSJ0jQIhAP3ShKjrMYxejB3Nt%2B9np%2Buje6TcRvAqgNycgnVOQ3ucKu0CCBwQBBoMNzkwMDgxNjAxNjIxIgwHgLc7ZY7sW841rFEqygJy%2BOAkHJMI%2BAajjHps6ZmL%2FZiXZ8KpOCPeJcLFc2HJmV%2BkS5AS%2BO0PtVkBv3Q4n0veLZ%2FqH3fVLFXBfj4t7W0TQ85CnCnBNXv1E7VAH2dp2qr2X2x7CRChFs5BMNXuxLo1nOnhlgPPtvWy%2BZqTaiP%2FksKv7BXWKtcB2fJkIJlkHXmA66EcGkcXPeSrLJYzb8MmXHxBfpCkn5PtDPg75CGm1JRrPwRhkRojfMlhBn39YcwtXSqbMc4%2F58clKYnArfOxaaDEdV4cYA7iizEftKNKmZxMmRn3%2B9Q8YGBTtZn3UjpWFyV69rXDwg%2F6BfoGcwylsc6%2FM7wRp5wHtECG5Z7Ffuvu%2F6BXVjJjLTiFjjcl3z%2BM%2F%2FTuw5bcdDn2l3ycvSYrTEHdTQlqQpQxV0fR50tDKWklUPrgwtXp2TvdNHnvSlqXZszxTg367uAwu9uw0QY6rAKw6ejecdP8ZQ45dk73KWeJl1w8hn0aWvUHRTIVKV5FizKeOv%2FKQrQ8loAJ4v8IA4v3LA2uIolG9DKOFJfI6WA0uOkIdrcoJhI9r92t%2FG7XPE4KhnWAgAPFY3AWvo0rikBjSXc%2Fu2k9BANoqkG4tXWux6YgvS8CaeZ3p8Pei%2Fv1uLYXUyAQBDMcwv1TGYQAlef3fo9eSN8wUKo3%2FzqHHKyq%2BZFX08HAw7lVlzmUedF8P8e0nj0EK2ohDmfh5VnjDC5hBWBJvzFCugkf9ZGTljbZTyMZNRM46YMmyjmZXyqsAD1JBNce%2F3YEcTPTe54157nE1JHri3DwyFQtIReTxa%2BpJenYenfN30QJNf%2Fy3vGc0ObBk8TonskU4%2B%2F2aaU9hTdOQEmdLW6sW2UtTV8%3D&X-Amz-Signature=a34ad5cbf5f62c45757ca07d4a53687a7c89461fc2a0bd8f0765f9cd790e177c&X-Amz-SignedHeaders=host&response-content-disposition=inline
Quincy White,brainless@att.net,Assoc Site Mgr,Charles Schwab (JLL) – Abilene,"Delta - Detroit, MI",10/24/2020,10:40 AM,(222) 222-228,"$1,371.00",Night,https://cdn.4insite.com/assets/417e37f1f4bf4f579cb06102e69943d2_Screenshot20260422114148_t.png,https://cdn.4insite.com/assets/7fc87ad42a274fe69b2087f3387d5e35_received_1255780525445749_t.png?X-Amz-Algorithm=AWS4-HMAC-SHA256&X-Amz-Content-Sha256=UNSIGNED-PAYLOAD&X-Amz-Credential=ASIA3P5EIQBK2EAQQJGJ%2F20260612%2Fus-west-2%2Fs3%2Faws4_request&X-Amz-Date=20260612T182822Z&X-Amz-Expires=300&X-Amz-Security-Token=IQoJb3JpZ2luX2VjEFMaCXVzLXdlc3QtMiJIMEYCIQD7KMRDZFJWYkfGCdXYApkS8K5vx6Z0M%2F6glnpxwSJ0jQIhAP3ShKjrMYxejB3Nt%2B9np%2Buje6TcRvAqgNycgnVOQ3ucKu0CCBwQBBoMNzkwMDgxNjAxNjIxIgwHgLc7ZY7sW841rFEqygJy%2BOAkHJMI%2BAajjHps6ZmL%2FZiXZ8KpOCPeJcLFc2HJmV%2BkS5AS%2BO0PtVkBv3Q4n0veLZ%2FqH3fVLFXBfj4t7W0TQ85CnCnBNXv1E7VAH2dp2qr2X2x7CRChFs5BMNXuxLo1nOnhlgPPtvWy%2BZqTaiP%2FksKv7BXWKtcB2fJkIJlkHXmA66EcGkcXPeSrLJYzb8MmXHxBfpCkn5PtDPg75CGm1JRrPwRhkRojfMlhBn39YcwtXSqbMc4%2F58clKYnArfOxaaDEdV4cYA7iizEftKNKmZxMmRn3%2B9Q8YGBTtZn3UjpWFyV69rXDwg%2F6BfoGcwylsc6%2FM7wRp5wHtECG5Z7Ffuvu%2F6BXVjJjLTiFjjcl3z%2BM%2F%2FTuw5bcdDn2l3ycvSYrTEHdTQlqQpQxV0fR50tDKWklUPrgwtXp2TvdNHnvSlqXZszxTg367uAwu9uw0QY6rAKw6ejecdP8ZQ45dk73KWeJl1w8hn0aWvUHRTIVKV5FizKeOv%2FKQrQ8loAJ4v8IA4v3LA2uIolG9DKOFJfI6WA0uOkIdrcoJhI9r92t%2FG7XPE4KhnWAgAPFY3AWvo0rikBjSXc%2Fu2k9BANoqkG4tXWux6YgvS8CaeZ3p8Pei%2Fv1uLYXUyAQBDMcwv1TGYQAlef3fo9eSN8wUKo3%2FzqHHKyq%2BZFX08HAw7lVlzmUedF8P8e0nj0EK2ohDmfh5VnjDC5hBWBJvzFCugkf9ZGTljbZTyMZNRM46YMmyjmZXyqsAD1JBNce%2F3YEcTPTe54157nE1JHri3DwyFQtIReTxa%2BpJenYenfN30QJNf%2Fy3vGc0ObBk8TonskU4%2B%2F2aaU9hTdOQEmdLW6sW2UtTV8%3D&X-Amz-Signature=25032598663d6c47c4306e25de3563a16a8980c77dc356f3c603d900d4c9326a&X-Amz-SignedHeaders=host&response-content-disposition=inline
Malia Vazquez,kimvette@hotmail.com,Account Mgr,"State Farm (CBRE) – Duluth, GA",Microsoft (CBRE) – Puget Sound (CBRE),04/14/2021,9:35 PM,(111) 111-1127,$680.00,Swing,https://cdn.4insite.com/assets/1274011558fa424ab71ad1bb49ff232f_1000004682_t.jpg,https://cdn.4insite.com/assets/69fee21232c14e0ea0e26b8e42ffe817_1715277802227_t.png?X-Amz-Algorithm=AWS4-HMAC-SHA256&X-Amz-Content-Sha256=UNSIGNED-PAYLOAD&X-Amz-Credential=ASIA3P5EIQBK2EAQQJGJ%2F20260612%2Fus-west-2%2Fs3%2Faws4_request&X-Amz-Date=20260612T182822Z&X-Amz-Expires=300&X-Amz-Security-Token=IQoJb3JpZ2luX2VjEFMaCXVzLXdlc3QtMiJIMEYCIQD7KMRDZFJWYkfGCdXYApkS8K5vx6Z0M%2F6glnpxwSJ0jQIhAP3ShKjrMYxejB3Nt%2B9np%2Buje6TcRvAqgNycgnVOQ3ucKu0CCBwQBBoMNzkwMDgxNjAxNjIxIgwHgLc7ZY7sW841rFEqygJy%2BOAkHJMI%2BAajjHps6ZmL%2FZiXZ8KpOCPeJcLFc2HJmV%2BkS5AS%2BO0PtVkBv3Q4n0veLZ%2FqH3fVLFXBfj4t7W0TQ85CnCnBNXv1E7VAH2dp2qr2X2x7CRChFs5BMNXuxLo1nOnhlgPPtvWy%2BZqTaiP%2FksKv7BXWKtcB2fJkIJlkHXmA66EcGkcXPeSrLJYzb8MmXHxBfpCkn5PtDPg75CGm1JRrPwRhkRojfMlhBn39YcwtXSqbMc4%2F58clKYnArfOxaaDEdV4cYA7iizEftKNKmZxMmRn3%2B9Q8YGBTtZn3UjpWFyV69rXDwg%2F6BfoGcwylsc6%2FM7wRp5wHtECG5Z7Ffuvu%2F6BXVjJjLTiFjjcl3z%2BM%2F%2FTuw5bcdDn2l3ycvSYrTEHdTQlqQpQxV0fR50tDKWklUPrgwtXp2TvdNHnvSlqXZszxTg367uAwu9uw0QY6rAKw6ejecdP8ZQ45dk73KWeJl1w8hn0aWvUHRTIVKV5FizKeOv%2FKQrQ8loAJ4v8IA4v3LA2uIolG9DKOFJfI6WA0uOkIdrcoJhI9r92t%2FG7XPE4KhnWAgAPFY3AWvo0rikBjSXc%2Fu2k9BANoqkG4tXWux6YgvS8CaeZ3p8Pei%2Fv1uLYXUyAQBDMcwv1TGYQAlef3fo9eSN8wUKo3%2FzqHHKyq%2BZFX08HAw7lVlzmUedF8P8e0nj0EK2ohDmfh5VnjDC5hBWBJvzFCugkf9ZGTljbZTyMZNRM46YMmyjmZXyqsAD1JBNce%2F3YEcTPTe54157nE1JHri3DwyFQtIReTxa%2BpJenYenfN30QJNf%2Fy3vGc0ObBk8TonskU4%2B%2F2aaU9hTdOQEmdLW6sW2UtTV8%3D&X-Amz-Signature=fa549b22da73547c71a96512c1e2549a1f0440fa607f0d29fc5e9daf5a5ba5c3&X-Amz-SignedHeaders=host&response-content-disposition=inline
Keaton Zimmerman,arachne@outlook.com,Account Dir,Wells Fargo (CBRE) – Campus - MN,"Delta - LaGuardia, NY",05/15/2021,11:55 AM,(888) 888-8895,"$7,340.00",Graveyard,https://cdn.4insite.com/assets/r6a0300477ef845958b163ae8a10bf2e3_IC_t.jpg,https://cdn.4insite.com/assets/6401bf1e6e514db68398fc24c05c6d4f_phan_tai_h_t.png?X-Amz-Algorithm=AWS4-HMAC-SHA256&X-Amz-Content-Sha256=UNSIGNED-PAYLOAD&X-Amz-Credential=ASIA3P5EIQBK2EAQQJGJ%2F20260612%2Fus-west-2%2Fs3%2Faws4_request&X-Amz-Date=20260612T182822Z&X-Amz-Expires=300&X-Amz-Security-Token=IQoJb3JpZ2luX2VjEFMaCXVzLXdlc3QtMiJIMEYCIQD7KMRDZFJWYkfGCdXYApkS8K5vx6Z0M%2F6glnpxwSJ0jQIhAP3ShKjrMYxejB3Nt%2B9np%2Buje6TcRvAqgNycgnVOQ3ucKu0CCBwQBBoMNzkwMDgxNjAxNjIxIgwHgLc7ZY7sW841rFEqygJy%2BOAkHJMI%2BAajjHps6ZmL%2FZiXZ8KpOCPeJcLFc2HJmV%2BkS5AS%2BO0PtVkBv3Q4n0veLZ%2FqH3fVLFXBfj4t7W0TQ85CnCnBNXv1E7VAH2dp2qr2X2x7CRChFs5BMNXuxLo1nOnhlgPPtvWy%2BZqTaiP%2FksKv7BXWKtcB2fJkIJlkHXmA66EcGkcXPeSrLJYzb8MmXHxBfpCkn5PtDPg75CGm1JRrPwRhkRojfMlhBn39YcwtXSqbMc4%2F58clKYnArfOxaaDEdV4cYA7iizEftKNKmZxMmRn3%2B9Q8YGBTtZn3UjpWFyV69rXDwg%2F6BfoGcwylsc6%2FM7wRp5wHtECG5Z7Ffuvu%2F6BXVjJjLTiFjjcl3z%2BM%2F%2FTuw5bcdDn2l3ycvSYrTEHdTQlqQpQxV0fR50tDKWklUPrgwtXp2TvdNHnvSlqXZszxTg367uAwu9uw0QY6rAKw6ejecdP8ZQ45dk73KWeJl1w8hn0aWvUHRTIVKV5FizKeOv%2FKQrQ8loAJ4v8IA4v3LA2uIolG9DKOFJfI6WA0uOkIdrcoJhI9r92t%2FG7XPE4KhnWAgAPFY3AWvo0rikBjSXc%2Fu2k9BANoqkG4tXWux6YgvS8CaeZ3p8Pei%2Fv1uLYXUyAQBDMcwv1TGYQAlef3fo9eSN8wUKo3%2FzqHHKyq%2BZFX08HAw7lVlzmUedF8P8e0nj0EK2ohDmfh5VnjDC5hBWBJvzFCugkf9ZGTljbZTyMZNRM46YMmyjmZXyqsAD1JBNce%2F3YEcTPTe54157nE1JHri3DwyFQtIReTxa%2BpJenYenfN30QJNf%2Fy3vGc0ObBk8TonskU4%2B%2F2aaU9hTdOQEmdLW6sW2UtTV8%3D&X-Amz-Signature=be7a9ae0f0b4d7310b78330efc5d61890014080eef09c392cae6c0d21cef55a1&X-Amz-SignedHeaders=host&response-content-disposition=inline
Darian Liu,kawasaki@msn.com,Site Mgr,Cigna (CBRE) – Arizona,"Delta - Detroit, MI",04/13/2022,6:40 AM,(888) 888-8888,"$4,326.00",Day,https://cdn.4insite.com/assets/rd21b0bb312b141cd85c2cb8b412f7929_Image2_t.jpg,https://cdn.4insite.com/assets/61c4197397a9465383b2fa6fbb46e986_ProfessionalHeadshotCENTERED_t.png?X-Amz-Algorithm=AWS4-HMAC-SHA256&X-Amz-Content-Sha256=UNSIGNED-PAYLOAD&X-Amz-Credential=ASIA3P5EIQBK2EAQQJGJ%2F20260612%2Fus-west-2%2Fs3%2Faws4_request&X-Amz-Date=20260612T182822Z&X-Amz-Expires=300&X-Amz-Security-Token=IQoJb3JpZ2luX2VjEFMaCXVzLXdlc3QtMiJIMEYCIQD7KMRDZFJWYkfGCdXYApkS8K5vx6Z0M%2F6glnpxwSJ0jQIhAP3ShKjrMYxejB3Nt%2B9np%2Buje6TcRvAqgNycgnVOQ3ucKu0CCBwQBBoMNzkwMDgxNjAxNjIxIgwHgLc7ZY7sW841rFEqygJy%2BOAkHJMI%2BAajjHps6ZmL%2FZiXZ8KpOCPeJcLFc2HJmV%2BkS5AS%2BO0PtVkBv3Q4n0veLZ%2FqH3fVLFXBfj4t7W0TQ85CnCnBNXv1E7VAH2dp2qr2X2x7CRChFs5BMNXuxLo1nOnhlgPPtvWy%2BZqTaiP%2FksKv7BXWKtcB2fJkIJlkHXmA66EcGkcXPeSrLJYzb8MmXHxBfpCkn5PtDPg75CGm1JRrPwRhkRojfMlhBn39YcwtXSqbMc4%2F58clKYnArfOxaaDEdV4cYA7iizEftKNKmZxMmRn3%2B9Q8YGBTtZn3UjpWFyV69rXDwg%2F6BfoGcwylsc6%2FM7wRp5wHtECG5Z7Ffuvu%2F6BXVjJjLTiFjjcl3z%2BM%2F%2FTuw5bcdDn2l3ycvSYrTEHdTQlqQpQxV0fR50tDKWklUPrgwtXp2TvdNHnvSlqXZszxTg367uAwu9uw0QY6rAKw6ejecdP8ZQ45dk73KWeJl1w8hn0aWvUHRTIVKV5FizKeOv%2FKQrQ8loAJ4v8IA4v3LA2uIolG9DKOFJfI6WA0uOkIdrcoJhI9r92t%2FG7XPE4KhnWAgAPFY3AWvo0rikBjSXc%2Fu2k9BANoqkG4tXWux6YgvS8CaeZ3p8Pei%2Fv1uLYXUyAQBDMcwv1TGYQAlef3fo9eSN8wUKo3%2FzqHHKyq%2BZFX08HAw7lVlzmUedF8P8e0nj0EK2ohDmfh5VnjDC5hBWBJvzFCugkf9ZGTljbZTyMZNRM46YMmyjmZXyqsAD1JBNce%2F3YEcTPTe54157nE1JHri3DwyFQtIReTxa%2BpJenYenfN30QJNf%2Fy3vGc0ObBk8TonskU4%2B%2F2aaU9hTdOQEmdLW6sW2UtTV8%3D&X-Amz-Signature=ff2e4b8cd56162d0c7c3a529a422a3470e2d112f487994cf746816f79222ea2e&X-Amz-SignedHeaders=host&response-content-disposition=inline
Abel Cardenas,kudra@yahoo.com,Sr Site Mgr,Delta (JLL) – Cargo DFW,Microsoft (CBRE) – Puget Sound (CBRE),05/09/2020,12:00 PM,(000) 000-0007,"$6,841.00",Night,https://cdn.4insite.com/assets/ba725c4f8816402fa5b98f2bcde79224_LinkedInPic_t.jpg,https://cdn.4insite.com/assets/5cc0d9763ca748b7bc433e5824ffc29b_img_5928_t.png?X-Amz-Algorithm=AWS4-HMAC-SHA256&X-Amz-Content-Sha256=UNSIGNED-PAYLOAD&X-Amz-Credential=ASIA3P5EIQBK2EAQQJGJ%2F20260612%2Fus-west-2%2Fs3%2Faws4_request&X-Amz-Date=20260612T182822Z&X-Amz-Expires=300&X-Amz-Security-Token=IQoJb3JpZ2luX2VjEFMaCXVzLXdlc3QtMiJIMEYCIQD7KMRDZFJWYkfGCdXYApkS8K5vx6Z0M%2F6glnpxwSJ0jQIhAP3ShKjrMYxejB3Nt%2B9np%2Buje6TcRvAqgNycgnVOQ3ucKu0CCBwQBBoMNzkwMDgxNjAxNjIxIgwHgLc7ZY7sW841rFEqygJy%2BOAkHJMI%2BAajjHps6ZmL%2FZiXZ8KpOCPeJcLFc2HJmV%2BkS5AS%2BO0PtVkBv3Q4n0veLZ%2FqH3fVLFXBfj4t7W0TQ85CnCnBNXv1E7VAH2dp2qr2X2x7CRChFs5BMNXuxLo1nOnhlgPPtvWy%2BZqTaiP%2FksKv7BXWKtcB2fJkIJlkHXmA66EcGkcXPeSrLJYzb8MmXHxBfpCkn5PtDPg75CGm1JRrPwRhkRojfMlhBn39YcwtXSqbMc4%2F58clKYnArfOxaaDEdV4cYA7iizEftKNKmZxMmRn3%2B9Q8YGBTtZn3UjpWFyV69rXDwg%2F6BfoGcwylsc6%2FM7wRp5wHtECG5Z7Ffuvu%2F6BXVjJjLTiFjjcl3z%2BM%2F%2FTuw5bcdDn2l3ycvSYrTEHdTQlqQpQxV0fR50tDKWklUPrgwtXp2TvdNHnvSlqXZszxTg367uAwu9uw0QY6rAKw6ejecdP8ZQ45dk73KWeJl1w8hn0aWvUHRTIVKV5FizKeOv%2FKQrQ8loAJ4v8IA4v3LA2uIolG9DKOFJfI6WA0uOkIdrcoJhI9r92t%2FG7XPE4KhnWAgAPFY3AWvo0rikBjSXc%2Fu2k9BANoqkG4tXWux6YgvS8CaeZ3p8Pei%2Fv1uLYXUyAQBDMcwv1TGYQAlef3fo9eSN8wUKo3%2FzqHHKyq%2BZFX08HAw7lVlzmUedF8P8e0nj0EK2ohDmfh5VnjDC5hBWBJvzFCugkf9ZGTljbZTyMZNRM46YMmyjmZXyqsAD1JBNce%2F3YEcTPTe54157nE1JHri3DwyFQtIReTxa%2BpJenYenfN30QJNf%2Fy3vGc0ObBk8TonskU4%2B%2F2aaU9hTdOQEmdLW6sW2UtTV8%3D&X-Amz-Signature=cb2241d80bb65807f57fcdb9e5c64d999264066367abeb9512e80a394b99f738&X-Amz-SignedHeaders=host&response-content-disposition=inline
Keegan Mejia,tmccarth@optonline.net,Assoc Site Mgr,,"Delta - LaGuardia, NY",03/18/2020,7:45 PM,(222) 222-237,"$1,970.00",Swing,https://cdn.4insite.com/assets/rc0b14e234d184d7b9308430dba200ccc_IMG_20260507_114418_t.png,https://cdn.4insite.com/assets/4b1edb2c76e84ad59c7aa5633efa9591_Gus_t.png?X-Amz-Algorithm=AWS4-HMAC-SHA256&X-Amz-Content-Sha256=UNSIGNED-PAYLOAD&X-Amz-Credential=ASIA3P5EIQBK2EAQQJGJ%2F20260612%2Fus-west-2%2Fs3%2Faws4_request&X-Amz-Date=20260612T182822Z&X-Amz-Expires=300&X-Amz-Security-Token=IQoJb3JpZ2luX2VjEFMaCXVzLXdlc3QtMiJIMEYCIQD7KMRDZFJWYkfGCdXYApkS8K5vx6Z0M%2F6glnpxwSJ0jQIhAP3ShKjrMYxejB3Nt%2B9np%2Buje6TcRvAqgNycgnVOQ3ucKu0CCBwQBBoMNzkwMDgxNjAxNjIxIgwHgLc7ZY7sW841rFEqygJy%2BOAkHJMI%2BAajjHps6ZmL%2FZiXZ8KpOCPeJcLFc2HJmV%2BkS5AS%2BO0PtVkBv3Q4n0veLZ%2FqH3fVLFXBfj4t7W0TQ85CnCnBNXv1E7VAH2dp2qr2X2x7CRChFs5BMNXuxLo1nOnhlgPPtvWy%2BZqTaiP%2FksKv7BXWKtcB2fJkIJlkHXmA66EcGkcXPeSrLJYzb8MmXHxBfpCkn5PtDPg75CGm1JRrPwRhkRojfMlhBn39YcwtXSqbMc4%2F58clKYnArfOxaaDEdV4cYA7iizEftKNKmZxMmRn3%2B9Q8YGBTtZn3UjpWFyV69rXDwg%2F6BfoGcwylsc6%2FM7wRp5wHtECG5Z7Ffuvu%2F6BXVjJjLTiFjjcl3z%2BM%2F%2FTuw5bcdDn2l3ycvSYrTEHdTQlqQpQxV0fR50tDKWklUPrgwtXp2TvdNHnvSlqXZszxTg367uAwu9uw0QY6rAKw6ejecdP8ZQ45dk73KWeJl1w8hn0aWvUHRTIVKV5FizKeOv%2FKQrQ8loAJ4v8IA4v3LA2uIolG9DKOFJfI6WA0uOkIdrcoJhI9r92t%2FG7XPE4KhnWAgAPFY3AWvo0rikBjSXc%2Fu2k9BANoqkG4tXWux6YgvS8CaeZ3p8Pei%2Fv1uLYXUyAQBDMcwv1TGYQAlef3fo9eSN8wUKo3%2FzqHHKyq%2BZFX08HAw7lVlzmUedF8P8e0nj0EK2ohDmfh5VnjDC5hBWBJvzFCugkf9ZGTljbZTyMZNRM46YMmyjmZXyqsAD1JBNce%2F3YEcTPTe54157nE1JHri3DwyFQtIReTxa%2BpJenYenfN30QJNf%2Fy3vGc0ObBk8TonskU4%2B%2F2aaU9hTdOQEmdLW6sW2UtTV8%3D&X-Amz-Signature=0e947a4653374910eaab9e85e16e39947322312b16d456f57ec836f80735935d&X-Amz-SignedHeaders=host&response-content-disposition=inline
Carley Cordova,sisyphus@comcast.net,Account Mgr,GE Aviation – Additive (West Chester),"Delta - Detroit, MI",08/31/2021,4:10 PM,(555) 555-5568,"$5,622.00",Graveyard,https://cdn.4insite.com/assets/270f1c6b1f674897871279e472bbbb59_Madeleine_Nelson_29437_Websize_t.jpg,https://cdn.4insite.com/assets/4a3cd2e66af74e67a86f8141db8a8c50_20240429_174001_t.png?X-Amz-Algorithm=AWS4-HMAC-SHA256&X-Amz-Content-Sha256=UNSIGNED-PAYLOAD&X-Amz-Credential=ASIA3P5EIQBK2EAQQJGJ%2F20260612%2Fus-west-2%2Fs3%2Faws4_request&X-Amz-Date=20260612T182822Z&X-Amz-Expires=300&X-Amz-Security-Token=IQoJb3JpZ2luX2VjEFMaCXVzLXdlc3QtMiJIMEYCIQD7KMRDZFJWYkfGCdXYApkS8K5vx6Z0M%2F6glnpxwSJ0jQIhAP3ShKjrMYxejB3Nt%2B9np%2Buje6TcRvAqgNycgnVOQ3ucKu0CCBwQBBoMNzkwMDgxNjAxNjIxIgwHgLc7ZY7sW841rFEqygJy%2BOAkHJMI%2BAajjHps6ZmL%2FZiXZ8KpOCPeJcLFc2HJmV%2BkS5AS%2BO0PtVkBv3Q4n0veLZ%2FqH3fVLFXBfj4t7W0TQ85CnCnBNXv1E7VAH2dp2qr2X2x7CRChFs5BMNXuxLo1nOnhlgPPtvWy%2BZqTaiP%2FksKv7BXWKtcB2fJkIJlkHXmA66EcGkcXPeSrLJYzb8MmXHxBfpCkn5PtDPg75CGm1JRrPwRhkRojfMlhBn39YcwtXSqbMc4%2F58clKYnArfOxaaDEdV4cYA7iizEftKNKmZxMmRn3%2B9Q8YGBTtZn3UjpWFyV69rXDwg%2F6BfoGcwylsc6%2FM7wRp5wHtECG5Z7Ffuvu%2F6BXVjJjLTiFjjcl3z%2BM%2F%2FTuw5bcdDn2l3ycvSYrTEHdTQlqQpQxV0fR50tDKWklUPrgwtXp2TvdNHnvSlqXZszxTg367uAwu9uw0QY6rAKw6ejecdP8ZQ45dk73KWeJl1w8hn0aWvUHRTIVKV5FizKeOv%2FKQrQ8loAJ4v8IA4v3LA2uIolG9DKOFJfI6WA0uOkIdrcoJhI9r92t%2FG7XPE4KhnWAgAPFY3AWvo0rikBjSXc%2Fu2k9BANoqkG4tXWux6YgvS8CaeZ3p8Pei%2Fv1uLYXUyAQBDMcwv1TGYQAlef3fo9eSN8wUKo3%2FzqHHKyq%2BZFX08HAw7lVlzmUedF8P8e0nj0EK2ohDmfh5VnjDC5hBWBJvzFCugkf9ZGTljbZTyMZNRM46YMmyjmZXyqsAD1JBNce%2F3YEcTPTe54157nE1JHri3DwyFQtIReTxa%2BpJenYenfN30QJNf%2Fy3vGc0ObBk8TonskU4%2B%2F2aaU9hTdOQEmdLW6sW2UtTV8%3D&X-Amz-Signature=2a7734686e79ed2e7b64088f1537bedaaa0c489f81a32188a58255076d2da8f5&X-Amz-SignedHeaders=host&response-content-disposition=inline
Delilah Hogan,lpalmer@yahoo.com,Account Dir,DuPont – Buffalo,Microsoft (CBRE) – Puget Sound (CBRE),04/07/2020,4:50 PM,(444) 444-4458,"$3,186.00",Day,https://cdn.4insite.com/assets/29f21b1b30ec4ec1b13c33bec2a1733e_1000000709_t.jpg,https://cdn.4insite.com/assets/3a675ba53899498fb154994b32768cdb_me_t.png?X-Amz-Algorithm=AWS4-HMAC-SHA256&X-Amz-Content-Sha256=UNSIGNED-PAYLOAD&X-Amz-Credential=ASIA3P5EIQBK2EAQQJGJ%2F20260612%2Fus-west-2%2Fs3%2Faws4_request&X-Amz-Date=20260612T182822Z&X-Amz-Expires=300&X-Amz-Security-Token=IQoJb3JpZ2luX2VjEFMaCXVzLXdlc3QtMiJIMEYCIQD7KMRDZFJWYkfGCdXYApkS8K5vx6Z0M%2F6glnpxwSJ0jQIhAP3ShKjrMYxejB3Nt%2B9np%2Buje6TcRvAqgNycgnVOQ3ucKu0CCBwQBBoMNzkwMDgxNjAxNjIxIgwHgLc7ZY7sW841rFEqygJy%2BOAkHJMI%2BAajjHps6ZmL%2FZiXZ8KpOCPeJcLFc2HJmV%2BkS5AS%2BO0PtVkBv3Q4n0veLZ%2FqH3fVLFXBfj4t7W0TQ85CnCnBNXv1E7VAH2dp2qr2X2x7CRChFs5BMNXuxLo1nOnhlgPPtvWy%2BZqTaiP%2FksKv7BXWKtcB2fJkIJlkHXmA66EcGkcXPeSrLJYzb8MmXHxBfpCkn5PtDPg75CGm1JRrPwRhkRojfMlhBn39YcwtXSqbMc4%2F58clKYnArfOxaaDEdV4cYA7iizEftKNKmZxMmRn3%2B9Q8YGBTtZn3UjpWFyV69rXDwg%2F6BfoGcwylsc6%2FM7wRp5wHtECG5Z7Ffuvu%2F6BXVjJjLTiFjjcl3z%2BM%2F%2FTuw5bcdDn2l3ycvSYrTEHdTQlqQpQxV0fR50tDKWklUPrgwtXp2TvdNHnvSlqXZszxTg367uAwu9uw0QY6rAKw6ejecdP8ZQ45dk73KWeJl1w8hn0aWvUHRTIVKV5FizKeOv%2FKQrQ8loAJ4v8IA4v3LA2uIolG9DKOFJfI6WA0uOkIdrcoJhI9r92t%2FG7XPE4KhnWAgAPFY3AWvo0rikBjSXc%2Fu2k9BANoqkG4tXWux6YgvS8CaeZ3p8Pei%2Fv1uLYXUyAQBDMcwv1TGYQAlef3fo9eSN8wUKo3%2FzqHHKyq%2BZFX08HAw7lVlzmUedF8P8e0nj0EK2ohDmfh5VnjDC5hBWBJvzFCugkf9ZGTljbZTyMZNRM46YMmyjmZXyqsAD1JBNce%2F3YEcTPTe54157nE1JHri3DwyFQtIReTxa%2BpJenYenfN30QJNf%2Fy3vGc0ObBk8TonskU4%2B%2F2aaU9hTdOQEmdLW6sW2UtTV8%3D&X-Amz-Signature=c2643063d7f9b5b3aed6e2414690f47728dc49d6fbf862e8a7ec9f917e855fa8&X-Amz-SignedHeaders=host&response-content-disposition=inline
Jenny Harris,josem@aol.com,Site Mgr,"GE Healthcare – Chicago, IL","Delta - LaGuardia, NY",01/05/2022,7:55 PM,(444) 444-4459,"$7,807.00",Night,https://cdn.4insite.com/assets/237e366e4e8e4bf5a23c9af7162b3b56_JoseProfilepic_t.jpg,https://cdn.4insite.com/assets/3945ad92d52340539a4c70a4e02045bc_ahmed_t.png?X-Amz-Algorithm=AWS4-HMAC-SHA256&X-Amz-Content-Sha256=UNSIGNED-PAYLOAD&X-Amz-Credential=ASIA3P5EIQBK2EAQQJGJ%2F20260612%2Fus-west-2%2Fs3%2Faws4_request&X-Amz-Date=20260612T182822Z&X-Amz-Expires=300&X-Amz-Security-Token=IQoJb3JpZ2luX2VjEFMaCXVzLXdlc3QtMiJIMEYCIQD7KMRDZFJWYkfGCdXYApkS8K5vx6Z0M%2F6glnpxwSJ0jQIhAP3ShKjrMYxejB3Nt%2B9np%2Buje6TcRvAqgNycgnVOQ3ucKu0CCBwQBBoMNzkwMDgxNjAxNjIxIgwHgLc7ZY7sW841rFEqygJy%2BOAkHJMI%2BAajjHps6ZmL%2FZiXZ8KpOCPeJcLFc2HJmV%2BkS5AS%2BO0PtVkBv3Q4n0veLZ%2FqH3fVLFXBfj4t7W0TQ85CnCnBNXv1E7VAH2dp2qr2X2x7CRChFs5BMNXuxLo1nOnhlgPPtvWy%2BZqTaiP%2FksKv7BXWKtcB2fJkIJlkHXmA66EcGkcXPeSrLJYzb8MmXHxBfpCkn5PtDPg75CGm1JRrPwRhkRojfMlhBn39YcwtXSqbMc4%2F58clKYnArfOxaaDEdV4cYA7iizEftKNKmZxMmRn3%2B9Q8YGBTtZn3UjpWFyV69rXDwg%2F6BfoGcwylsc6%2FM7wRp5wHtECG5Z7Ffuvu%2F6BXVjJjLTiFjjcl3z%2BM%2F%2FTuw5bcdDn2l3ycvSYrTEHdTQlqQpQxV0fR50tDKWklUPrgwtXp2TvdNHnvSlqXZszxTg367uAwu9uw0QY6rAKw6ejecdP8ZQ45dk73KWeJl1w8hn0aWvUHRTIVKV5FizKeOv%2FKQrQ8loAJ4v8IA4v3LA2uIolG9DKOFJfI6WA0uOkIdrcoJhI9r92t%2FG7XPE4KhnWAgAPFY3AWvo0rikBjSXc%2Fu2k9BANoqkG4tXWux6YgvS8CaeZ3p8Pei%2Fv1uLYXUyAQBDMcwv1TGYQAlef3fo9eSN8wUKo3%2FzqHHKyq%2BZFX08HAw7lVlzmUedF8P8e0nj0EK2ohDmfh5VnjDC5hBWBJvzFCugkf9ZGTljbZTyMZNRM46YMmyjmZXyqsAD1JBNce%2F3YEcTPTe54157nE1JHri3DwyFQtIReTxa%2BpJenYenfN30QJNf%2Fy3vGc0ObBk8TonskU4%2B%2F2aaU9hTdOQEmdLW6sW2UtTV8%3D&X-Amz-Signature=a2701c5dec5c71c6873457d364a771476dd520177bedb03dd45acc1c6e65058a&X-Amz-SignedHeaders=host&response-content-disposition=inline
Martha Wells,nimaclea@yahoo.ca,Sr Site Mgr,Cigna (CBRE) – Arizona,"Delta - Detroit, MI",07/23/2020,5:50 PM,(222) 222-236,"$2,223.00",Swing,https://cdn.4insite.com/assets/61615d212b634c3fafc1a841455d8f96_TLheadshot_t.jpg,https://cdn.4insite.com/assets/341f50f507834432a64dcdc91ac8d62d_Media4_t.png?X-Amz-Algorithm=AWS4-HMAC-SHA256&X-Amz-Content-Sha256=UNSIGNED-PAYLOAD&X-Amz-Credential=ASIA3P5EIQBK2EAQQJGJ%2F20260612%2Fus-west-2%2Fs3%2Faws4_request&X-Amz-Date=20260612T182822Z&X-Amz-Expires=300&X-Amz-Security-Token=IQoJb3JpZ2luX2VjEFMaCXVzLXdlc3QtMiJIMEYCIQD7KMRDZFJWYkfGCdXYApkS8K5vx6Z0M%2F6glnpxwSJ0jQIhAP3ShKjrMYxejB3Nt%2B9np%2Buje6TcRvAqgNycgnVOQ3ucKu0CCBwQBBoMNzkwMDgxNjAxNjIxIgwHgLc7ZY7sW841rFEqygJy%2BOAkHJMI%2BAajjHps6ZmL%2FZiXZ8KpOCPeJcLFc2HJmV%2BkS5AS%2BO0PtVkBv3Q4n0veLZ%2FqH3fVLFXBfj4t7W0TQ85CnCnBNXv1E7VAH2dp2qr2X2x7CRChFs5BMNXuxLo1nOnhlgPPtvWy%2BZqTaiP%2FksKv7BXWKtcB2fJkIJlkHXmA66EcGkcXPeSrLJYzb8MmXHxBfpCkn5PtDPg75CGm1JRrPwRhkRojfMlhBn39YcwtXSqbMc4%2F58clKYnArfOxaaDEdV4cYA7iizEftKNKmZxMmRn3%2B9Q8YGBTtZn3UjpWFyV69rXDwg%2F6BfoGcwylsc6%2FM7wRp5wHtECG5Z7Ffuvu%2F6BXVjJjLTiFjjcl3z%2BM%2F%2FTuw5bcdDn2l3ycvSYrTEHdTQlqQpQxV0fR50tDKWklUPrgwtXp2TvdNHnvSlqXZszxTg367uAwu9uw0QY6rAKw6ejecdP8ZQ45dk73KWeJl1w8hn0aWvUHRTIVKV5FizKeOv%2FKQrQ8loAJ4v8IA4v3LA2uIolG9DKOFJfI6WA0uOkIdrcoJhI9r92t%2FG7XPE4KhnWAgAPFY3AWvo0rikBjSXc%2Fu2k9BANoqkG4tXWux6YgvS8CaeZ3p8Pei%2Fv1uLYXUyAQBDMcwv1TGYQAlef3fo9eSN8wUKo3%2FzqHHKyq%2BZFX08HAw7lVlzmUedF8P8e0nj0EK2ohDmfh5VnjDC5hBWBJvzFCugkf9ZGTljbZTyMZNRM46YMmyjmZXyqsAD1JBNce%2F3YEcTPTe54157nE1JHri3DwyFQtIReTxa%2BpJenYenfN30QJNf%2Fy3vGc0ObBk8TonskU4%2B%2F2aaU9hTdOQEmdLW6sW2UtTV8%3D&X-Amz-Signature=16f086f4867ddcbc00f093edd65cd8d670dcaac0d2f39176a3e6bfcefb91521d&X-Amz-SignedHeaders=host&response-content-disposition=inline
Karley Soto,mwitte@icloud.com,Assoc Site Mgr,"Technicolor (CBRE) – Memphis, TN",Microsoft (CBRE) – Puget Sound (CBRE),04/26/2021,11:15 AM,(000) 000-0006,"$4,832.00",Graveyard,https://cdn.4insite.com/assets/8fc5c1f27820489b89882d1077201aa9_Cory_t.jpg,https://cdn.4insite.com/assets/33e587c6abc74a46936483a11efa9669_ValdesJeremy_t.png?X-Amz-Algorithm=AWS4-HMAC-SHA256&X-Amz-Content-Sha256=UNSIGNED-PAYLOAD&X-Amz-Credential=ASIA3P5EIQBK2EAQQJGJ%2F20260612%2Fus-west-2%2Fs3%2Faws4_request&X-Amz-Date=20260612T182822Z&X-Amz-Expires=300&X-Amz-Security-Token=IQoJb3JpZ2luX2VjEFMaCXVzLXdlc3QtMiJIMEYCIQD7KMRDZFJWYkfGCdXYApkS8K5vx6Z0M%2F6glnpxwSJ0jQIhAP3ShKjrMYxejB3Nt%2B9np%2Buje6TcRvAqgNycgnVOQ3ucKu0CCBwQBBoMNzkwMDgxNjAxNjIxIgwHgLc7ZY7sW841rFEqygJy%2BOAkHJMI%2BAajjHps6ZmL%2FZiXZ8KpOCPeJcLFc2HJmV%2BkS5AS%2BO0PtVkBv3Q4n0veLZ%2FqH3fVLFXBfj4t7W0TQ85CnCnBNXv1E7VAH2dp2qr2X2x7CRChFs5BMNXuxLo1nOnhlgPPtvWy%2BZqTaiP%2FksKv7BXWKtcB2fJkIJlkHXmA66EcGkcXPeSrLJYzb8MmXHxBfpCkn5PtDPg75CGm1JRrPwRhkRojfMlhBn39YcwtXSqbMc4%2F58clKYnArfOxaaDEdV4cYA7iizEftKNKmZxMmRn3%2B9Q8YGBTtZn3UjpWFyV69rXDwg%2F6BfoGcwylsc6%2FM7wRp5wHtECG5Z7Ffuvu%2F6BXVjJjLTiFjjcl3z%2BM%2F%2FTuw5bcdDn2l3ycvSYrTEHdTQlqQpQxV0fR50tDKWklUPrgwtXp2TvdNHnvSlqXZszxTg367uAwu9uw0QY6rAKw6ejecdP8ZQ45dk73KWeJl1w8hn0aWvUHRTIVKV5FizKeOv%2FKQrQ8loAJ4v8IA4v3LA2uIolG9DKOFJfI6WA0uOkIdrcoJhI9r92t%2FG7XPE4KhnWAgAPFY3AWvo0rikBjSXc%2Fu2k9BANoqkG4tXWux6YgvS8CaeZ3p8Pei%2Fv1uLYXUyAQBDMcwv1TGYQAlef3fo9eSN8wUKo3%2FzqHHKyq%2BZFX08HAw7lVlzmUedF8P8e0nj0EK2ohDmfh5VnjDC5hBWBJvzFCugkf9ZGTljbZTyMZNRM46YMmyjmZXyqsAD1JBNce%2F3YEcTPTe54157nE1JHri3DwyFQtIReTxa%2BpJenYenfN30QJNf%2Fy3vGc0ObBk8TonskU4%2B%2F2aaU9hTdOQEmdLW6sW2UtTV8%3D&X-Amz-Signature=afbdadc0afc2c82a9a5329931b8ff80b928c94ab7c4565dcd8419efed28902d7&X-Amz-SignedHeaders=host&response-content-disposition=inline
Lila Mccarty,skythe@live.com,Account Mgr,Charles Schwab (JLL) – Boulder,"Delta - LaGuardia, NY",07/25/2021,6:15 AM,(333) 333-3333,"$123,383.20",Day,https://cdn.4insite.com/assets/95213175388a42e2853c7f8b7c179da6_20230417_074714_t.jpg,https://cdn.4insite.com/assets/28ab37cc31524df0999ebf10f2628c66_HS1_t.png?X-Amz-Algorithm=AWS4-HMAC-SHA256&X-Amz-Content-Sha256=UNSIGNED-PAYLOAD&X-Amz-Credential=ASIA3P5EIQBK2EAQQJGJ%2F20260612%2Fus-west-2%2Fs3%2Faws4_request&X-Amz-Date=20260612T182822Z&X-Amz-Expires=300&X-Amz-Security-Token=IQoJb3JpZ2luX2VjEFMaCXVzLXdlc3QtMiJIMEYCIQD7KMRDZFJWYkfGCdXYApkS8K5vx6Z0M%2F6glnpxwSJ0jQIhAP3ShKjrMYxejB3Nt%2B9np%2Buje6TcRvAqgNycgnVOQ3ucKu0CCBwQBBoMNzkwMDgxNjAxNjIxIgwHgLc7ZY7sW841rFEqygJy%2BOAkHJMI%2BAajjHps6ZmL%2FZiXZ8KpOCPeJcLFc2HJmV%2BkS5AS%2BO0PtVkBv3Q4n0veLZ%2FqH3fVLFXBfj4t7W0TQ85CnCnBNXv1E7VAH2dp2qr2X2x7CRChFs5BMNXuxLo1nOnhlgPPtvWy%2BZqTaiP%2FksKv7BXWKtcB2fJkIJlkHXmA66EcGkcXPeSrLJYzb8MmXHxBfpCkn5PtDPg75CGm1JRrPwRhkRojfMlhBn39YcwtXSqbMc4%2F58clKYnArfOxaaDEdV4cYA7iizEftKNKmZxMmRn3%2B9Q8YGBTtZn3UjpWFyV69rXDwg%2F6BfoGcwylsc6%2FM7wRp5wHtECG5Z7Ffuvu%2F6BXVjJjLTiFjjcl3z%2BM%2F%2FTuw5bcdDn2l3ycvSYrTEHdTQlqQpQxV0fR50tDKWklUPrgwtXp2TvdNHnvSlqXZszxTg367uAwu9uw0QY6rAKw6ejecdP8ZQ45dk73KWeJl1w8hn0aWvUHRTIVKV5FizKeOv%2FKQrQ8loAJ4v8IA4v3LA2uIolG9DKOFJfI6WA0uOkIdrcoJhI9r92t%2FG7XPE4KhnWAgAPFY3AWvo0rikBjSXc%2Fu2k9BANoqkG4tXWux6YgvS8CaeZ3p8Pei%2Fv1uLYXUyAQBDMcwv1TGYQAlef3fo9eSN8wUKo3%2FzqHHKyq%2BZFX08HAw7lVlzmUedF8P8e0nj0EK2ohDmfh5VnjDC5hBWBJvzFCugkf9ZGTljbZTyMZNRM46YMmyjmZXyqsAD1JBNce%2F3YEcTPTe54157nE1JHri3DwyFQtIReTxa%2BpJenYenfN30QJNf%2Fy3vGc0ObBk8TonskU4%2B%2F2aaU9hTdOQEmdLW6sW2UtTV8%3D&X-Amz-Signature=8307ea04fed8732d50592c7003f56c1e9239a1b373b5b54a677b863f68fb1f6a&X-Amz-SignedHeaders=host&response-content-disposition=inline
Chana Sawyer,tjensen@me.com,Account Dir,Charles Schwab (JLL) – Abilene,"Delta - Detroit, MI",03/08/2021,10:55 AM,(555) 555-5561,"$2,530.00",Night,https://cdn.4insite.com/assets/d59260db4c624794aa21a73c958b5e09_FB_IMG_1750046846456_t.jpg,https://cdn.4insite.com/assets/074c7e2fba88474f838ef295f36791db_1538665448068_t.png?X-Amz-Algorithm=AWS4-HMAC-SHA256&X-Amz-Content-Sha256=UNSIGNED-PAYLOAD&X-Amz-Credential=ASIA3P5EIQBK2EAQQJGJ%2F20260612%2Fus-west-2%2Fs3%2Faws4_request&X-Amz-Date=20260612T182822Z&X-Amz-Expires=300&X-Amz-Security-Token=IQoJb3JpZ2luX2VjEFMaCXVzLXdlc3QtMiJIMEYCIQD7KMRDZFJWYkfGCdXYApkS8K5vx6Z0M%2F6glnpxwSJ0jQIhAP3ShKjrMYxejB3Nt%2B9np%2Buje6TcRvAqgNycgnVOQ3ucKu0CCBwQBBoMNzkwMDgxNjAxNjIxIgwHgLc7ZY7sW841rFEqygJy%2BOAkHJMI%2BAajjHps6ZmL%2FZiXZ8KpOCPeJcLFc2HJmV%2BkS5AS%2BO0PtVkBv3Q4n0veLZ%2FqH3fVLFXBfj4t7W0TQ85CnCnBNXv1E7VAH2dp2qr2X2x7CRChFs5BMNXuxLo1nOnhlgPPtvWy%2BZqTaiP%2FksKv7BXWKtcB2fJkIJlkHXmA66EcGkcXPeSrLJYzb8MmXHxBfpCkn5PtDPg75CGm1JRrPwRhkRojfMlhBn39YcwtXSqbMc4%2F58clKYnArfOxaaDEdV4cYA7iizEftKNKmZxMmRn3%2B9Q8YGBTtZn3UjpWFyV69rXDwg%2F6BfoGcwylsc6%2FM7wRp5wHtECG5Z7Ffuvu%2F6BXVjJjLTiFjjcl3z%2BM%2F%2FTuw5bcdDn2l3ycvSYrTEHdTQlqQpQxV0fR50tDKWklUPrgwtXp2TvdNHnvSlqXZszxTg367uAwu9uw0QY6rAKw6ejecdP8ZQ45dk73KWeJl1w8hn0aWvUHRTIVKV5FizKeOv%2FKQrQ8loAJ4v8IA4v3LA2uIolG9DKOFJfI6WA0uOkIdrcoJhI9r92t%2FG7XPE4KhnWAgAPFY3AWvo0rikBjSXc%2Fu2k9BANoqkG4tXWux6YgvS8CaeZ3p8Pei%2Fv1uLYXUyAQBDMcwv1TGYQAlef3fo9eSN8wUKo3%2FzqHHKyq%2BZFX08HAw7lVlzmUedF8P8e0nj0EK2ohDmfh5VnjDC5hBWBJvzFCugkf9ZGTljbZTyMZNRM46YMmyjmZXyqsAD1JBNce%2F3YEcTPTe54157nE1JHri3DwyFQtIReTxa%2BpJenYenfN30QJNf%2Fy3vGc0ObBk8TonskU4%2B%2F2aaU9hTdOQEmdLW6sW2UtTV8%3D&X-Amz-Signature=a2cc12643c9ee7c5996656360802fb8b444273e6feb4c9e78f045a2eb30f7aa0&X-Amz-SignedHeaders=host&response-content-disposition=inline
Lucas Sawyer,skaufman@comcast.net,Site Mgr,GE Aviation – Additive (West Chester),Microsoft (CBRE) – Puget Sound (CBRE),09/16/2020,6:35 AM,(777) 777-7777,"$17,131.94",Swing,https://cdn.4insite.com/assets/rc7c1a163596546e097a3312917128ab4_be_t.jpg,https://cdn.4insite.com/assets/01d82a9297d94fc598e3c7e0f4829bb5_Facetune_27102024070554_t.png?X-Amz-Algorithm=AWS4-HMAC-SHA256&X-Amz-Content-Sha256=UNSIGNED-PAYLOAD&X-Amz-Credential=ASIA3P5EIQBK2EAQQJGJ%2F20260612%2Fus-west-2%2Fs3%2Faws4_request&X-Amz-Date=20260612T182822Z&X-Amz-Expires=300&X-Amz-Security-Token=IQoJb3JpZ2luX2VjEFMaCXVzLXdlc3QtMiJIMEYCIQD7KMRDZFJWYkfGCdXYApkS8K5vx6Z0M%2F6glnpxwSJ0jQIhAP3ShKjrMYxejB3Nt%2B9np%2Buje6TcRvAqgNycgnVOQ3ucKu0CCBwQBBoMNzkwMDgxNjAxNjIxIgwHgLc7ZY7sW841rFEqygJy%2BOAkHJMI%2BAajjHps6ZmL%2FZiXZ8KpOCPeJcLFc2HJmV%2BkS5AS%2BO0PtVkBv3Q4n0veLZ%2FqH3fVLFXBfj4t7W0TQ85CnCnBNXv1E7VAH2dp2qr2X2x7CRChFs5BMNXuxLo1nOnhlgPPtvWy%2BZqTaiP%2FksKv7BXWKtcB2fJkIJlkHXmA66EcGkcXPeSrLJYzb8MmXHxBfpCkn5PtDPg75CGm1JRrPwRhkRojfMlhBn39YcwtXSqbMc4%2F58clKYnArfOxaaDEdV4cYA7iizEftKNKmZxMmRn3%2B9Q8YGBTtZn3UjpWFyV69rXDwg%2F6BfoGcwylsc6%2FM7wRp5wHtECG5Z7Ffuvu%2F6BXVjJjLTiFjjcl3z%2BM%2F%2FTuw5bcdDn2l3ycvSYrTEHdTQlqQpQxV0fR50tDKWklUPrgwtXp2TvdNHnvSlqXZszxTg367uAwu9uw0QY6rAKw6ejecdP8ZQ45dk73KWeJl1w8hn0aWvUHRTIVKV5FizKeOv%2FKQrQ8loAJ4v8IA4v3LA2uIolG9DKOFJfI6WA0uOkIdrcoJhI9r92t%2FG7XPE4KhnWAgAPFY3AWvo0rikBjSXc%2Fu2k9BANoqkG4tXWux6YgvS8CaeZ3p8Pei%2Fv1uLYXUyAQBDMcwv1TGYQAlef3fo9eSN8wUKo3%2FzqHHKyq%2BZFX08HAw7lVlzmUedF8P8e0nj0EK2ohDmfh5VnjDC5hBWBJvzFCugkf9ZGTljbZTyMZNRM46YMmyjmZXyqsAD1JBNce%2F3YEcTPTe54157nE1JHri3DwyFQtIReTxa%2BpJenYenfN30QJNf%2Fy3vGc0ObBk8TonskU4%2B%2F2aaU9hTdOQEmdLW6sW2UtTV8%3D&X-Amz-Signature=d5dcf9d0ecb22d0c222ff39928fc14e2ce3eec00e5ca9a883f0a3d0c337592d7&X-Amz-SignedHeaders=host&response-content-disposition=inline
Hadassah Dunn,mthurn@mac.com,Sr Site Mgr,"Admedes – Admedes, Cartago","Delta - LaGuardia, NY",01/10/2022,6:00 PM,(444) 444-4458,$153.00,Graveyard,https://cdn.4insite.com/assets/r39179793193e423d898d1724715c3f26_Headshot20264_t.png,https://cdn.4insite.com/assets/002b10f6fbbc41d48a5778651c2f73b5_grantfrazier2_t.png?X-Amz-Algorithm=AWS4-HMAC-SHA256&X-Amz-Content-Sha256=UNSIGNED-PAYLOAD&X-Amz-Credential=ASIA3P5EIQBK2EAQQJGJ%2F20260612%2Fus-west-2%2Fs3%2Faws4_request&X-Amz-Date=20260612T182822Z&X-Amz-Expires=300&X-Amz-Security-Token=IQoJb3JpZ2luX2VjEFMaCXVzLXdlc3QtMiJIMEYCIQD7KMRDZFJWYkfGCdXYApkS8K5vx6Z0M%2F6glnpxwSJ0jQIhAP3ShKjrMYxejB3Nt%2B9np%2Buje6TcRvAqgNycgnVOQ3ucKu0CCBwQBBoMNzkwMDgxNjAxNjIxIgwHgLc7ZY7sW841rFEqygJy%2BOAkHJMI%2BAajjHps6ZmL%2FZiXZ8KpOCPeJcLFc2HJmV%2BkS5AS%2BO0PtVkBv3Q4n0veLZ%2FqH3fVLFXBfj4t7W0TQ85CnCnBNXv1E7VAH2dp2qr2X2x7CRChFs5BMNXuxLo1nOnhlgPPtvWy%2BZqTaiP%2FksKv7BXWKtcB2fJkIJlkHXmA66EcGkcXPeSrLJYzb8MmXHxBfpCkn5PtDPg75CGm1JRrPwRhkRojfMlhBn39YcwtXSqbMc4%2F58clKYnArfOxaaDEdV4cYA7iizEftKNKmZxMmRn3%2B9Q8YGBTtZn3UjpWFyV69rXDwg%2F6BfoGcwylsc6%2FM7wRp5wHtECG5Z7Ffuvu%2F6BXVjJjLTiFjjcl3z%2BM%2F%2FTuw5bcdDn2l3ycvSYrTEHdTQlqQpQxV0fR50tDKWklUPrgwtXp2TvdNHnvSlqXZszxTg367uAwu9uw0QY6rAKw6ejecdP8ZQ45dk73KWeJl1w8hn0aWvUHRTIVKV5FizKeOv%2FKQrQ8loAJ4v8IA4v3LA2uIolG9DKOFJfI6WA0uOkIdrcoJhI9r92t%2FG7XPE4KhnWAgAPFY3AWvo0rikBjSXc%2Fu2k9BANoqkG4tXWux6YgvS8CaeZ3p8Pei%2Fv1uLYXUyAQBDMcwv1TGYQAlef3fo9eSN8wUKo3%2FzqHHKyq%2BZFX08HAw7lVlzmUedF8P8e0nj0EK2ohDmfh5VnjDC5hBWBJvzFCugkf9ZGTljbZTyMZNRM46YMmyjmZXyqsAD1JBNce%2F3YEcTPTe54157nE1JHri3DwyFQtIReTxa%2BpJenYenfN30QJNf%2Fy3vGc0ObBk8TonskU4%2B%2F2aaU9hTdOQEmdLW6sW2UtTV8%3D&X-Amz-Signature=73c1f32d9ee988f752b00af68f12408d8b15d651588075f4c1c64729d408ab4f&X-Amz-SignedHeaders=host&response-content-disposition=inline
Eliezer Meyers,luebke@live.com,Assoc Site Mgr,"E&J Gallo Winery – Modesto, CA","Delta - Detroit, MI",12/12/2021,8:15 AM,(000) 000-0002,"$5,877.00",Day,https://cdn.4insite.com/assets/61c4197397a9465383b2fa6fbb46e986_ProfessionalHeadshotCENTERED_t.jpg,https://cdn.4insite.com/assets/3e80ff336dac4d83aa4060231556d5e9_cropped7432398783125274680.jpg?X-Amz-Algorithm=AWS4-HMAC-SHA256&X-Amz-Content-Sha256=UNSIGNED-PAYLOAD&X-Amz-Credential=ASIA3P5EIQBK2EAQQJGJ%2F20260612%2Fus-west-2%2Fs3%2Faws4_request&X-Amz-Date=20260612T183738Z&X-Amz-Expires=300&X-Amz-Security-Token=IQoJb3JpZ2luX2VjEFMaCXVzLXdlc3QtMiJIMEYCIQD7KMRDZFJWYkfGCdXYApkS8K5vx6Z0M%2F6glnpxwSJ0jQIhAP3ShKjrMYxejB3Nt%2B9np%2Buje6TcRvAqgNycgnVOQ3ucKu0CCBwQBBoMNzkwMDgxNjAxNjIxIgwHgLc7ZY7sW841rFEqygJy%2BOAkHJMI%2BAajjHps6ZmL%2FZiXZ8KpOCPeJcLFc2HJmV%2BkS5AS%2BO0PtVkBv3Q4n0veLZ%2FqH3fVLFXBfj4t7W0TQ85CnCnBNXv1E7VAH2dp2qr2X2x7CRChFs5BMNXuxLo1nOnhlgPPtvWy%2BZqTaiP%2FksKv7BXWKtcB2fJkIJlkHXmA66EcGkcXPeSrLJYzb8MmXHxBfpCkn5PtDPg75CGm1JRrPwRhkRojfMlhBn39YcwtXSqbMc4%2F58clKYnArfOxaaDEdV4cYA7iizEftKNKmZxMmRn3%2B9Q8YGBTtZn3UjpWFyV69rXDwg%2F6BfoGcwylsc6%2FM7wRp5wHtECG5Z7Ffuvu%2F6BXVjJjLTiFjjcl3z%2BM%2F%2FTuw5bcdDn2l3ycvSYrTEHdTQlqQpQxV0fR50tDKWklUPrgwtXp2TvdNHnvSlqXZszxTg367uAwu9uw0QY6rAKw6ejecdP8ZQ45dk73KWeJl1w8hn0aWvUHRTIVKV5FizKeOv%2FKQrQ8loAJ4v8IA4v3LA2uIolG9DKOFJfI6WA0uOkIdrcoJhI9r92t%2FG7XPE4KhnWAgAPFY3AWvo0rikBjSXc%2Fu2k9BANoqkG4tXWux6YgvS8CaeZ3p8Pei%2Fv1uLYXUyAQBDMcwv1TGYQAlef3fo9eSN8wUKo3%2FzqHHKyq%2BZFX08HAw7lVlzmUedF8P8e0nj0EK2ohDmfh5VnjDC5hBWBJvzFCugkf9ZGTljbZTyMZNRM46YMmyjmZXyqsAD1JBNce%2F3YEcTPTe54157nE1JHri3DwyFQtIReTxa%2BpJenYenfN30QJNf%2Fy3vGc0ObBk8TonskU4%2B%2F2aaU9hTdOQEmdLW6sW2UtTV8%3D&X-Amz-Signature=af6f376b55b686183de62600339b51a4782ca5cc9fc69e21a8debb30d693036b&X-Amz-SignedHeaders=host&response-content-disposition=inline
Joy Oneill,dwendlan@icloud.com,Account Mgr,"Microsoft (CBRE) – Des Moines, IA",Microsoft (CBRE) – Puget Sound (CBRE),07/05/2021,4:55 PM,(555) 555-5569,"$9,053.00",Night,https://cdn.4insite.com/assets/3945ad92d52340539a4c70a4e02045bc_ahmed_t.jpg,https://cdn.4insite.com/assets/270f1c6b1f674897871279e472bbbb59_Madeleine_Nelson_29437_Websize_t.png?X-Amz-Algorithm=AWS4-HMAC-SHA256&X-Amz-Content-Sha256=UNSIGNED-PAYLOAD&X-Amz-Credential=ASIA3P5EIQBK2EAQQJGJ%2F20260612%2Fus-west-2%2Fs3%2Faws4_request&X-Amz-Date=20260612T183738Z&X-Amz-Expires=300&X-Amz-Security-Token=IQoJb3JpZ2luX2VjEFMaCXVzLXdlc3QtMiJIMEYCIQD7KMRDZFJWYkfGCdXYApkS8K5vx6Z0M%2F6glnpxwSJ0jQIhAP3ShKjrMYxejB3Nt%2B9np%2Buje6TcRvAqgNycgnVOQ3ucKu0CCBwQBBoMNzkwMDgxNjAxNjIxIgwHgLc7ZY7sW841rFEqygJy%2BOAkHJMI%2BAajjHps6ZmL%2FZiXZ8KpOCPeJcLFc2HJmV%2BkS5AS%2BO0PtVkBv3Q4n0veLZ%2FqH3fVLFXBfj4t7W0TQ85CnCnBNXv1E7VAH2dp2qr2X2x7CRChFs5BMNXuxLo1nOnhlgPPtvWy%2BZqTaiP%2FksKv7BXWKtcB2fJkIJlkHXmA66EcGkcXPeSrLJYzb8MmXHxBfpCkn5PtDPg75CGm1JRrPwRhkRojfMlhBn39YcwtXSqbMc4%2F58clKYnArfOxaaDEdV4cYA7iizEftKNKmZxMmRn3%2B9Q8YGBTtZn3UjpWFyV69rXDwg%2F6BfoGcwylsc6%2FM7wRp5wHtECG5Z7Ffuvu%2F6BXVjJjLTiFjjcl3z%2BM%2F%2FTuw5bcdDn2l3ycvSYrTEHdTQlqQpQxV0fR50tDKWklUPrgwtXp2TvdNHnvSlqXZszxTg367uAwu9uw0QY6rAKw6ejecdP8ZQ45dk73KWeJl1w8hn0aWvUHRTIVKV5FizKeOv%2FKQrQ8loAJ4v8IA4v3LA2uIolG9DKOFJfI6WA0uOkIdrcoJhI9r92t%2FG7XPE4KhnWAgAPFY3AWvo0rikBjSXc%2Fu2k9BANoqkG4tXWux6YgvS8CaeZ3p8Pei%2Fv1uLYXUyAQBDMcwv1TGYQAlef3fo9eSN8wUKo3%2FzqHHKyq%2BZFX08HAw7lVlzmUedF8P8e0nj0EK2ohDmfh5VnjDC5hBWBJvzFCugkf9ZGTljbZTyMZNRM46YMmyjmZXyqsAD1JBNce%2F3YEcTPTe54157nE1JHri3DwyFQtIReTxa%2BpJenYenfN30QJNf%2Fy3vGc0ObBk8TonskU4%2B%2F2aaU9hTdOQEmdLW6sW2UtTV8%3D&X-Amz-Signature=f9044bcf6599e396ee7b2c361cd8069adbba85c083a74c8e85dddb5b2ab17ec4&X-Amz-SignedHeaders=host&response-content-disposition=inline
Vincent Proctor,afeldspar@hotmail.com,Account Dir,"Anthem – Denver, CO","Delta - LaGuardia, NY",12/20/2020,10:25 AM,(888) 888-8893,"$4,710.00",Swing,https://cdn.4insite.com/assets/3e80ff336dac4d83aa4060231556d5e9_cropped7432398783125274680.jpg,https://cdn.4insite.com/assets/1612299821.4215329_MITPhoto_t.png?X-Amz-Algorithm=AWS4-HMAC-SHA256&X-Amz-Content-Sha256=UNSIGNED-PAYLOAD&X-Amz-Credential=ASIA3P5EIQBK2EAQQJGJ%2F20260612%2Fus-west-2%2Fs3%2Faws4_request&X-Amz-Date=20260612T183738Z&X-Amz-Expires=300&X-Amz-Security-Token=IQoJb3JpZ2luX2VjEFMaCXVzLXdlc3QtMiJIMEYCIQD7KMRDZFJWYkfGCdXYApkS8K5vx6Z0M%2F6glnpxwSJ0jQIhAP3ShKjrMYxejB3Nt%2B9np%2Buje6TcRvAqgNycgnVOQ3ucKu0CCBwQBBoMNzkwMDgxNjAxNjIxIgwHgLc7ZY7sW841rFEqygJy%2BOAkHJMI%2BAajjHps6ZmL%2FZiXZ8KpOCPeJcLFc2HJmV%2BkS5AS%2BO0PtVkBv3Q4n0veLZ%2FqH3fVLFXBfj4t7W0TQ85CnCnBNXv1E7VAH2dp2qr2X2x7CRChFs5BMNXuxLo1nOnhlgPPtvWy%2BZqTaiP%2FksKv7BXWKtcB2fJkIJlkHXmA66EcGkcXPeSrLJYzb8MmXHxBfpCkn5PtDPg75CGm1JRrPwRhkRojfMlhBn39YcwtXSqbMc4%2F58clKYnArfOxaaDEdV4cYA7iizEftKNKmZxMmRn3%2B9Q8YGBTtZn3UjpWFyV69rXDwg%2F6BfoGcwylsc6%2FM7wRp5wHtECG5Z7Ffuvu%2F6BXVjJjLTiFjjcl3z%2BM%2F%2FTuw5bcdDn2l3ycvSYrTEHdTQlqQpQxV0fR50tDKWklUPrgwtXp2TvdNHnvSlqXZszxTg367uAwu9uw0QY6rAKw6ejecdP8ZQ45dk73KWeJl1w8hn0aWvUHRTIVKV5FizKeOv%2FKQrQ8loAJ4v8IA4v3LA2uIolG9DKOFJfI6WA0uOkIdrcoJhI9r92t%2FG7XPE4KhnWAgAPFY3AWvo0rikBjSXc%2Fu2k9BANoqkG4tXWux6YgvS8CaeZ3p8Pei%2Fv1uLYXUyAQBDMcwv1TGYQAlef3fo9eSN8wUKo3%2FzqHHKyq%2BZFX08HAw7lVlzmUedF8P8e0nj0EK2ohDmfh5VnjDC5hBWBJvzFCugkf9ZGTljbZTyMZNRM46YMmyjmZXyqsAD1JBNce%2F3YEcTPTe54157nE1JHri3DwyFQtIReTxa%2BpJenYenfN30QJNf%2Fy3vGc0ObBk8TonskU4%2B%2F2aaU9hTdOQEmdLW6sW2UtTV8%3D&X-Amz-Signature=c27ab6921d892c55f4ec6c091c6ac22489ec22aab357613c429ac6b1a07ba8fe&X-Amz-SignedHeaders=host&response-content-disposition=inline
Joselyn Best,dleconte@me.com,Site Mgr,"HP (JLL) – Aguadilla, PR ","Delta - Detroit, MI",11/25/2020,8:30 PM,(222) 222-238,"$8,159.00",Graveyard,https://cdn.4insite.com/assets/r0a1cee2e179841c9b22f813f635edc13_portrait_t.jpg,https://cdn.4insite.com/assets/4f8a0636843a4d7ebd8348116f66c5dc_IMG_0319_t.png?X-Amz-Algorithm=AWS4-HMAC-SHA256&X-Amz-Content-Sha256=UNSIGNED-PAYLOAD&X-Amz-Credential=ASIA3P5EIQBK6SEGSSUC%2F20260612%2Fus-west-2%2Fs3%2Faws4_request&X-Amz-Date=20260612T183908Z&X-Amz-Expires=300&X-Amz-Security-Token=IQoJb3JpZ2luX2VjEFMaCXVzLXdlc3QtMiJHMEUCIFXt64TUcxL0aKV5GKRME99rA6P8orHKHWAkpkMCWrt%2FAiEAu1v6f%2BAyhk7aoTciaX3JcygYZVHl1HR0ohhl57%2FPHtUq7QIIHBAEGgw3OTAwODE2MDE2MjEiDOtMBiERQkJahrCG1irKAlLaTjP7ayIM2ZHBtI8vFP3I2ZNInPqJgoPU%2FtGq6j%2FEKrLOQc%2B4aq012Zs6PPSlABrahFXVvOk7l%2BXaY8jSHhzd0%2FPGln5pm%2FG0cO6zNG4iqXovql0MVNrlTqwBjUa3swSdbsCEfIPbXmkOYH4N3pbCn8L%2FRc2n3C5Xawz0vyLTqNOEn4gAhQVd2i4oigxbWmxFyfEJP3YPdKk%2FR94P3D%2BEa2h3Bfg3skDL0GwVO6g0keFOs%2BEsFMA7BbbaJCWFhc1rQRKp422Pe1gvZg0RJlidtwS74l8bJUdaw%2FUnMkRKdTLF5wd6bnjtEkw6Fy8IU4nqPLhkMHXyHM7g9X5%2FhlCOMDubJz7vZALeSHtn1iL1e6yNY2CtbRJhYpSlDx3jXl571Z7etA0PuE%2BvOAMsKniOO5nHZEc%2BcyBsittY0%2F4ZZCSyGjHG%2FXIQKzC727DRBjqtAqPiTqBi7QTouh0gP5v0rChjoq%2B0e0oVJ%2F%2FQyDc13wTgvVtqB96hq8UpYAiIddp27PT7oiHq92a%2F5gP%2BOvRwQ2VAndowVABhdxUzIxTTDgUkQdKKOXldpzysSKYzuPq64WZQ1DQMn00lssjhqIqbru2%2Bs9XjH%2BFYC8oIKcuKV035y94M1IOStTns3V4Ati%2B9A0zjqCkdrrBvH0gRTlwQijNQMFec5uc0JojnB0HJ%2F7yZyyKFD4cRAicR8p2%2FYUuisIgCZV9Gf8dGK0OmeujMk30TefRMxHCINvmPl%2FCoxGlACg5yvsXTV7mUNoID8A%2FzVstOU3kBsEq7CRZk0n%2Bg%2BjewyxiddZNe5WfHIObmL6x%2BQnf9lDk0ldmVwFDo176Pnl21YBLr7iBsZcLphEA%3D&X-Amz-Signature=c447551b8f7157b3013ea9e49a79c47876854b11bfa21e8cc7931e33013619fd&X-Amz-SignedHeaders=host&response-content-disposition=inline
Jaxson Mcmahon,what2988@gmail.com,Sr Site Mgr,"Merck (Sodexo) – Branchburg, NJ",Microsoft (CBRE) – Puget Sound (CBRE),01/23/2022,10:25 PM,(222) 222-239,"$8,699.00",Day,https://cdn.4insite.com/assets/027bad2c2a994309a2f5343d78902060_Headshort_t.jpg,https://cdn.4insite.com/assets/8820e304d56842aa91c63a8b1de048aa_Anna_t.png?X-Amz-Algorithm=AWS4-HMAC-SHA256&X-Amz-Content-Sha256=UNSIGNED-PAYLOAD&X-Amz-Credential=ASIA3P5EIQBK6SEGSSUC%2F20260612%2Fus-west-2%2Fs3%2Faws4_request&X-Amz-Date=20260612T183908Z&X-Amz-Expires=300&X-Amz-Security-Token=IQoJb3JpZ2luX2VjEFMaCXVzLXdlc3QtMiJHMEUCIFXt64TUcxL0aKV5GKRME99rA6P8orHKHWAkpkMCWrt%2FAiEAu1v6f%2BAyhk7aoTciaX3JcygYZVHl1HR0ohhl57%2FPHtUq7QIIHBAEGgw3OTAwODE2MDE2MjEiDOtMBiERQkJahrCG1irKAlLaTjP7ayIM2ZHBtI8vFP3I2ZNInPqJgoPU%2FtGq6j%2FEKrLOQc%2B4aq012Zs6PPSlABrahFXVvOk7l%2BXaY8jSHhzd0%2FPGln5pm%2FG0cO6zNG4iqXovql0MVNrlTqwBjUa3swSdbsCEfIPbXmkOYH4N3pbCn8L%2FRc2n3C5Xawz0vyLTqNOEn4gAhQVd2i4oigxbWmxFyfEJP3YPdKk%2FR94P3D%2BEa2h3Bfg3skDL0GwVO6g0keFOs%2BEsFMA7BbbaJCWFhc1rQRKp422Pe1gvZg0RJlidtwS74l8bJUdaw%2FUnMkRKdTLF5wd6bnjtEkw6Fy8IU4nqPLhkMHXyHM7g9X5%2FhlCOMDubJz7vZALeSHtn1iL1e6yNY2CtbRJhYpSlDx3jXl571Z7etA0PuE%2BvOAMsKniOO5nHZEc%2BcyBsittY0%2F4ZZCSyGjHG%2FXIQKzC727DRBjqtAqPiTqBi7QTouh0gP5v0rChjoq%2B0e0oVJ%2F%2FQyDc13wTgvVtqB96hq8UpYAiIddp27PT7oiHq92a%2F5gP%2BOvRwQ2VAndowVABhdxUzIxTTDgUkQdKKOXldpzysSKYzuPq64WZQ1DQMn00lssjhqIqbru2%2Bs9XjH%2BFYC8oIKcuKV035y94M1IOStTns3V4Ati%2B9A0zjqCkdrrBvH0gRTlwQijNQMFec5uc0JojnB0HJ%2F7yZyyKFD4cRAicR8p2%2FYUuisIgCZV9Gf8dGK0OmeujMk30TefRMxHCINvmPl%2FCoxGlACg5yvsXTV7mUNoID8A%2FzVstOU3kBsEq7CRZk0n%2Bg%2BjewyxiddZNe5WfHIObmL6x%2BQnf9lDk0ldmVwFDo176Pnl21YBLr7iBsZcLphEA%3D&X-Amz-Signature=540727556994063ee75829167247c0b217c9e15420323d35eef9c1bfb0ea46ef&X-Amz-SignedHeaders=host&response-content-disposition=inline
Leilani May,rmcfarla@optonline.net,Assoc Site Mgr,"E&J Gallo Winery – Modesto, CA","Delta - LaGuardia, NY",04/06/2022,7:00 PM,(777) 777-7792,"$9,549.00",Night,https://cdn.4insite.com/assets/1598016323.0497205_CB_t.png,https://cdn.4insite.com/assets/77b3f773d35440b6b2467d1dbd12ba5b_ProfilePicture_t.png?X-Amz-Algorithm=AWS4-HMAC-SHA256&X-Amz-Content-Sha256=UNSIGNED-PAYLOAD&X-Amz-Credential=ASIA3P5EIQBK6SEGSSUC%2F20260612%2Fus-west-2%2Fs3%2Faws4_request&X-Amz-Date=20260612T183908Z&X-Amz-Expires=300&X-Amz-Security-Token=IQoJb3JpZ2luX2VjEFMaCXVzLXdlc3QtMiJHMEUCIFXt64TUcxL0aKV5GKRME99rA6P8orHKHWAkpkMCWrt%2FAiEAu1v6f%2BAyhk7aoTciaX3JcygYZVHl1HR0ohhl57%2FPHtUq7QIIHBAEGgw3OTAwODE2MDE2MjEiDOtMBiERQkJahrCG1irKAlLaTjP7ayIM2ZHBtI8vFP3I2ZNInPqJgoPU%2FtGq6j%2FEKrLOQc%2B4aq012Zs6PPSlABrahFXVvOk7l%2BXaY8jSHhzd0%2FPGln5pm%2FG0cO6zNG4iqXovql0MVNrlTqwBjUa3swSdbsCEfIPbXmkOYH4N3pbCn8L%2FRc2n3C5Xawz0vyLTqNOEn4gAhQVd2i4oigxbWmxFyfEJP3YPdKk%2FR94P3D%2BEa2h3Bfg3skDL0GwVO6g0keFOs%2BEsFMA7BbbaJCWFhc1rQRKp422Pe1gvZg0RJlidtwS74l8bJUdaw%2FUnMkRKdTLF5wd6bnjtEkw6Fy8IU4nqPLhkMHXyHM7g9X5%2FhlCOMDubJz7vZALeSHtn1iL1e6yNY2CtbRJhYpSlDx3jXl571Z7etA0PuE%2BvOAMsKniOO5nHZEc%2BcyBsittY0%2F4ZZCSyGjHG%2FXIQKzC727DRBjqtAqPiTqBi7QTouh0gP5v0rChjoq%2B0e0oVJ%2F%2FQyDc13wTgvVtqB96hq8UpYAiIddp27PT7oiHq92a%2F5gP%2BOvRwQ2VAndowVABhdxUzIxTTDgUkQdKKOXldpzysSKYzuPq64WZQ1DQMn00lssjhqIqbru2%2Bs9XjH%2BFYC8oIKcuKV035y94M1IOStTns3V4Ati%2B9A0zjqCkdrrBvH0gRTlwQijNQMFec5uc0JojnB0HJ%2F7yZyyKFD4cRAicR8p2%2FYUuisIgCZV9Gf8dGK0OmeujMk30TefRMxHCINvmPl%2FCoxGlACg5yvsXTV7mUNoID8A%2FzVstOU3kBsEq7CRZk0n%2Bg%2BjewyxiddZNe5WfHIObmL6x%2BQnf9lDk0ldmVwFDo176Pnl21YBLr7iBsZcLphEA%3D&X-Amz-Signature=742bf439e76aa435393866fd5355c0531b382902230446a5fc6165e7e3618d48&X-Amz-SignedHeaders=host&response-content-disposition=inline
Janessa Ellis,ahuillet@verizon.net,Account Mgr,"GE Aviation – Terre Haute, IN","Delta - Detroit, MI",07/19/2021,7:25 PM,(777) 777-7791,"$3,333.00",Swing,https://cdn.4insite.com/assets/61c4197397a9465383b2fa6fbb46e986_ProfessionalHeadshotCENTERED_t.jpg,https://cdn.4insite.com/assets/323ea52977b44443af678cdd76a1ea8d_GLoriapic_t.png?X-Amz-Algorithm=AWS4-HMAC-SHA256&X-Amz-Content-Sha256=UNSIGNED-PAYLOAD&X-Amz-Credential=ASIA3P5EIQBK6SEGSSUC%2F20260612%2Fus-west-2%2Fs3%2Faws4_request&X-Amz-Date=20260612T183908Z&X-Amz-Expires=300&X-Amz-Security-Token=IQoJb3JpZ2luX2VjEFMaCXVzLXdlc3QtMiJHMEUCIFXt64TUcxL0aKV5GKRME99rA6P8orHKHWAkpkMCWrt%2FAiEAu1v6f%2BAyhk7aoTciaX3JcygYZVHl1HR0ohhl57%2FPHtUq7QIIHBAEGgw3OTAwODE2MDE2MjEiDOtMBiERQkJahrCG1irKAlLaTjP7ayIM2ZHBtI8vFP3I2ZNInPqJgoPU%2FtGq6j%2FEKrLOQc%2B4aq012Zs6PPSlABrahFXVvOk7l%2BXaY8jSHhzd0%2FPGln5pm%2FG0cO6zNG4iqXovql0MVNrlTqwBjUa3swSdbsCEfIPbXmkOYH4N3pbCn8L%2FRc2n3C5Xawz0vyLTqNOEn4gAhQVd2i4oigxbWmxFyfEJP3YPdKk%2FR94P3D%2BEa2h3Bfg3skDL0GwVO6g0keFOs%2BEsFMA7BbbaJCWFhc1rQRKp422Pe1gvZg0RJlidtwS74l8bJUdaw%2FUnMkRKdTLF5wd6bnjtEkw6Fy8IU4nqPLhkMHXyHM7g9X5%2FhlCOMDubJz7vZALeSHtn1iL1e6yNY2CtbRJhYpSlDx3jXl571Z7etA0PuE%2BvOAMsKniOO5nHZEc%2BcyBsittY0%2F4ZZCSyGjHG%2FXIQKzC727DRBjqtAqPiTqBi7QTouh0gP5v0rChjoq%2B0e0oVJ%2F%2FQyDc13wTgvVtqB96hq8UpYAiIddp27PT7oiHq92a%2F5gP%2BOvRwQ2VAndowVABhdxUzIxTTDgUkQdKKOXldpzysSKYzuPq64WZQ1DQMn00lssjhqIqbru2%2Bs9XjH%2BFYC8oIKcuKV035y94M1IOStTns3V4Ati%2B9A0zjqCkdrrBvH0gRTlwQijNQMFec5uc0JojnB0HJ%2F7yZyyKFD4cRAicR8p2%2FYUuisIgCZV9Gf8dGK0OmeujMk30TefRMxHCINvmPl%2FCoxGlACg5yvsXTV7mUNoID8A%2FzVstOU3kBsEq7CRZk0n%2Bg%2BjewyxiddZNe5WfHIObmL6x%2BQnf9lDk0ldmVwFDo176Pnl21YBLr7iBsZcLphEA%3D&X-Amz-Signature=64420e95dc80346b8fa1848db29bb2035a1c90e3ab3834298ab3646b206e1a76&X-Amz-SignedHeaders=host&response-content-disposition=inline
Terrell Harvey,denism@verizon.net,Account Dir,Abbott – Abbott Park,Microsoft (CBRE) – Puget Sound (CBRE),12/12/2020,12:30 PM,(666) 666-6674,"$4,181.00",Graveyard,https://cdn.4insite.com/assets/e5b8147192464b1d978e40c4a3ea44ac_Profilepic_t.jpg,https://cdn.4insite.com/assets/c965d3339f034fe2bf19448110dab4cc_ir_t.png?X-Amz-Algorithm=AWS4-HMAC-SHA256&X-Amz-Content-Sha256=UNSIGNED-PAYLOAD&X-Amz-Credential=ASIA3P5EIQBK6SEGSSUC%2F20260612%2Fus-west-2%2Fs3%2Faws4_request&X-Amz-Date=20260612T183908Z&X-Amz-Expires=300&X-Amz-Security-Token=IQoJb3JpZ2luX2VjEFMaCXVzLXdlc3QtMiJHMEUCIFXt64TUcxL0aKV5GKRME99rA6P8orHKHWAkpkMCWrt%2FAiEAu1v6f%2BAyhk7aoTciaX3JcygYZVHl1HR0ohhl57%2FPHtUq7QIIHBAEGgw3OTAwODE2MDE2MjEiDOtMBiERQkJahrCG1irKAlLaTjP7ayIM2ZHBtI8vFP3I2ZNInPqJgoPU%2FtGq6j%2FEKrLOQc%2B4aq012Zs6PPSlABrahFXVvOk7l%2BXaY8jSHhzd0%2FPGln5pm%2FG0cO6zNG4iqXovql0MVNrlTqwBjUa3swSdbsCEfIPbXmkOYH4N3pbCn8L%2FRc2n3C5Xawz0vyLTqNOEn4gAhQVd2i4oigxbWmxFyfEJP3YPdKk%2FR94P3D%2BEa2h3Bfg3skDL0GwVO6g0keFOs%2BEsFMA7BbbaJCWFhc1rQRKp422Pe1gvZg0RJlidtwS74l8bJUdaw%2FUnMkRKdTLF5wd6bnjtEkw6Fy8IU4nqPLhkMHXyHM7g9X5%2FhlCOMDubJz7vZALeSHtn1iL1e6yNY2CtbRJhYpSlDx3jXl571Z7etA0PuE%2BvOAMsKniOO5nHZEc%2BcyBsittY0%2F4ZZCSyGjHG%2FXIQKzC727DRBjqtAqPiTqBi7QTouh0gP5v0rChjoq%2B0e0oVJ%2F%2FQyDc13wTgvVtqB96hq8UpYAiIddp27PT7oiHq92a%2F5gP%2BOvRwQ2VAndowVABhdxUzIxTTDgUkQdKKOXldpzysSKYzuPq64WZQ1DQMn00lssjhqIqbru2%2Bs9XjH%2BFYC8oIKcuKV035y94M1IOStTns3V4Ati%2B9A0zjqCkdrrBvH0gRTlwQijNQMFec5uc0JojnB0HJ%2F7yZyyKFD4cRAicR8p2%2FYUuisIgCZV9Gf8dGK0OmeujMk30TefRMxHCINvmPl%2FCoxGlACg5yvsXTV7mUNoID8A%2FzVstOU3kBsEq7CRZk0n%2Bg%2BjewyxiddZNe5WfHIObmL6x%2BQnf9lDk0ldmVwFDo176Pnl21YBLr7iBsZcLphEA%3D&X-Amz-Signature=c520b99a9c6a5fca230d92b0336f4706717dfcde49475df1d7d81c0544454767&X-Amz-SignedHeaders=host&response-content-disposition=inline
Ruth Bartlett,marcs800@att.net,Site Mgr,"Anthem – Denver, CO","Delta - LaGuardia, NY",07/25/2021,12:40 PM,(888) 888-8896,"$1,844.00",Day,https://cdn.4insite.com/assets/4a3cd2e66af74e67a86f8141db8a8c50_20240429_174001_t.jpg,https://cdn.4insite.com/assets/bb6ba2cdc8b14c43ae94f3550aa86c00_NicolasVillalobos_t.png?X-Amz-Algorithm=AWS4-HMAC-SHA256&X-Amz-Content-Sha256=UNSIGNED-PAYLOAD&X-Amz-Credential=ASIA3P5EIQBK6SEGSSUC%2F20260612%2Fus-west-2%2Fs3%2Faws4_request&X-Amz-Date=20260612T183908Z&X-Amz-Expires=300&X-Amz-Security-Token=IQoJb3JpZ2luX2VjEFMaCXVzLXdlc3QtMiJHMEUCIFXt64TUcxL0aKV5GKRME99rA6P8orHKHWAkpkMCWrt%2FAiEAu1v6f%2BAyhk7aoTciaX3JcygYZVHl1HR0ohhl57%2FPHtUq7QIIHBAEGgw3OTAwODE2MDE2MjEiDOtMBiERQkJahrCG1irKAlLaTjP7ayIM2ZHBtI8vFP3I2ZNInPqJgoPU%2FtGq6j%2FEKrLOQc%2B4aq012Zs6PPSlABrahFXVvOk7l%2BXaY8jSHhzd0%2FPGln5pm%2FG0cO6zNG4iqXovql0MVNrlTqwBjUa3swSdbsCEfIPbXmkOYH4N3pbCn8L%2FRc2n3C5Xawz0vyLTqNOEn4gAhQVd2i4oigxbWmxFyfEJP3YPdKk%2FR94P3D%2BEa2h3Bfg3skDL0GwVO6g0keFOs%2BEsFMA7BbbaJCWFhc1rQRKp422Pe1gvZg0RJlidtwS74l8bJUdaw%2FUnMkRKdTLF5wd6bnjtEkw6Fy8IU4nqPLhkMHXyHM7g9X5%2FhlCOMDubJz7vZALeSHtn1iL1e6yNY2CtbRJhYpSlDx3jXl571Z7etA0PuE%2BvOAMsKniOO5nHZEc%2BcyBsittY0%2F4ZZCSyGjHG%2FXIQKzC727DRBjqtAqPiTqBi7QTouh0gP5v0rChjoq%2B0e0oVJ%2F%2FQyDc13wTgvVtqB96hq8UpYAiIddp27PT7oiHq92a%2F5gP%2BOvRwQ2VAndowVABhdxUzIxTTDgUkQdKKOXldpzysSKYzuPq64WZQ1DQMn00lssjhqIqbru2%2Bs9XjH%2BFYC8oIKcuKV035y94M1IOStTns3V4Ati%2B9A0zjqCkdrrBvH0gRTlwQijNQMFec5uc0JojnB0HJ%2F7yZyyKFD4cRAicR8p2%2FYUuisIgCZV9Gf8dGK0OmeujMk30TefRMxHCINvmPl%2FCoxGlACg5yvsXTV7mUNoID8A%2FzVstOU3kBsEq7CRZk0n%2Bg%2BjewyxiddZNe5WfHIObmL6x%2BQnf9lDk0ldmVwFDo176Pnl21YBLr7iBsZcLphEA%3D&X-Amz-Signature=a9a6429fc0050f7071ed81b32995e52c8ccb09e12268e098bbe7e104c75d9185&X-Amz-SignedHeaders=host&response-content-disposition=inline
Allison Mccullough,gknauss@gmail.com,Sr Site Mgr,"Microsoft (CBRE) – Des Moines, IA","Delta - Detroit, MI",02/07/2020,11:00 AM,(666) 666-6672,"$9,588.00",Night,https://cdn.4insite.com/assets/eef3bd1dec194713a10441637b71ac70_MOMO_1739539250336_t.png,https://cdn.4insite.com/assets/b4405cbab1e84969aea671be61ad0106_CA_t.png?X-Amz-Algorithm=AWS4-HMAC-SHA256&X-Amz-Content-Sha256=UNSIGNED-PAYLOAD&X-Amz-Credential=ASIA3P5EIQBK6SEGSSUC%2F20260612%2Fus-west-2%2Fs3%2Faws4_request&X-Amz-Date=20260612T183908Z&X-Amz-Expires=300&X-Amz-Security-Token=IQoJb3JpZ2luX2VjEFMaCXVzLXdlc3QtMiJHMEUCIFXt64TUcxL0aKV5GKRME99rA6P8orHKHWAkpkMCWrt%2FAiEAu1v6f%2BAyhk7aoTciaX3JcygYZVHl1HR0ohhl57%2FPHtUq7QIIHBAEGgw3OTAwODE2MDE2MjEiDOtMBiERQkJahrCG1irKAlLaTjP7ayIM2ZHBtI8vFP3I2ZNInPqJgoPU%2FtGq6j%2FEKrLOQc%2B4aq012Zs6PPSlABrahFXVvOk7l%2BXaY8jSHhzd0%2FPGln5pm%2FG0cO6zNG4iqXovql0MVNrlTqwBjUa3swSdbsCEfIPbXmkOYH4N3pbCn8L%2FRc2n3C5Xawz0vyLTqNOEn4gAhQVd2i4oigxbWmxFyfEJP3YPdKk%2FR94P3D%2BEa2h3Bfg3skDL0GwVO6g0keFOs%2BEsFMA7BbbaJCWFhc1rQRKp422Pe1gvZg0RJlidtwS74l8bJUdaw%2FUnMkRKdTLF5wd6bnjtEkw6Fy8IU4nqPLhkMHXyHM7g9X5%2FhlCOMDubJz7vZALeSHtn1iL1e6yNY2CtbRJhYpSlDx3jXl571Z7etA0PuE%2BvOAMsKniOO5nHZEc%2BcyBsittY0%2F4ZZCSyGjHG%2FXIQKzC727DRBjqtAqPiTqBi7QTouh0gP5v0rChjoq%2B0e0oVJ%2F%2FQyDc13wTgvVtqB96hq8UpYAiIddp27PT7oiHq92a%2F5gP%2BOvRwQ2VAndowVABhdxUzIxTTDgUkQdKKOXldpzysSKYzuPq64WZQ1DQMn00lssjhqIqbru2%2Bs9XjH%2BFYC8oIKcuKV035y94M1IOStTns3V4Ati%2B9A0zjqCkdrrBvH0gRTlwQijNQMFec5uc0JojnB0HJ%2F7yZyyKFD4cRAicR8p2%2FYUuisIgCZV9Gf8dGK0OmeujMk30TefRMxHCINvmPl%2FCoxGlACg5yvsXTV7mUNoID8A%2FzVstOU3kBsEq7CRZk0n%2Bg%2BjewyxiddZNe5WfHIObmL6x%2BQnf9lDk0ldmVwFDo176Pnl21YBLr7iBsZcLphEA%3D&X-Amz-Signature=68441e3b426c4f6a894aae9f3c88800c29cf0b05b2c73259ccf671f66ff896cb&X-Amz-SignedHeaders=host&response-content-disposition=inline
Amanda Kidd,warrior@yahoo.com,Assoc Site Mgr,"Admedes – Admedes, Cartago",Microsoft (CBRE) – Puget Sound (CBRE),09/27/2020,8:10 PM,(777) 777-7792,"$9,738.00",Swing,https://cdn.4insite.com/assets/b22e865f595a4535ad2969e93bd53512_Headshot_t.jpg,https://cdn.4insite.com/assets/96869805cb324b1cacd3f9915a8f4bb9_SBMHeadshot1_t.png?X-Amz-Algorithm=AWS4-HMAC-SHA256&X-Amz-Content-Sha256=UNSIGNED-PAYLOAD&X-Amz-Credential=ASIA3P5EIQBK6SEGSSUC%2F20260612%2Fus-west-2%2Fs3%2Faws4_request&X-Amz-Date=20260612T183908Z&X-Amz-Expires=300&X-Amz-Security-Token=IQoJb3JpZ2luX2VjEFMaCXVzLXdlc3QtMiJHMEUCIFXt64TUcxL0aKV5GKRME99rA6P8orHKHWAkpkMCWrt%2FAiEAu1v6f%2BAyhk7aoTciaX3JcygYZVHl1HR0ohhl57%2FPHtUq7QIIHBAEGgw3OTAwODE2MDE2MjEiDOtMBiERQkJahrCG1irKAlLaTjP7ayIM2ZHBtI8vFP3I2ZNInPqJgoPU%2FtGq6j%2FEKrLOQc%2B4aq012Zs6PPSlABrahFXVvOk7l%2BXaY8jSHhzd0%2FPGln5pm%2FG0cO6zNG4iqXovql0MVNrlTqwBjUa3swSdbsCEfIPbXmkOYH4N3pbCn8L%2FRc2n3C5Xawz0vyLTqNOEn4gAhQVd2i4oigxbWmxFyfEJP3YPdKk%2FR94P3D%2BEa2h3Bfg3skDL0GwVO6g0keFOs%2BEsFMA7BbbaJCWFhc1rQRKp422Pe1gvZg0RJlidtwS74l8bJUdaw%2FUnMkRKdTLF5wd6bnjtEkw6Fy8IU4nqPLhkMHXyHM7g9X5%2FhlCOMDubJz7vZALeSHtn1iL1e6yNY2CtbRJhYpSlDx3jXl571Z7etA0PuE%2BvOAMsKniOO5nHZEc%2BcyBsittY0%2F4ZZCSyGjHG%2FXIQKzC727DRBjqtAqPiTqBi7QTouh0gP5v0rChjoq%2B0e0oVJ%2F%2FQyDc13wTgvVtqB96hq8UpYAiIddp27PT7oiHq92a%2F5gP%2BOvRwQ2VAndowVABhdxUzIxTTDgUkQdKKOXldpzysSKYzuPq64WZQ1DQMn00lssjhqIqbru2%2Bs9XjH%2BFYC8oIKcuKV035y94M1IOStTns3V4Ati%2B9A0zjqCkdrrBvH0gRTlwQijNQMFec5uc0JojnB0HJ%2F7yZyyKFD4cRAicR8p2%2FYUuisIgCZV9Gf8dGK0OmeujMk30TefRMxHCINvmPl%2FCoxGlACg5yvsXTV7mUNoID8A%2FzVstOU3kBsEq7CRZk0n%2Bg%2BjewyxiddZNe5WfHIObmL6x%2BQnf9lDk0ldmVwFDo176Pnl21YBLr7iBsZcLphEA%3D&X-Amz-Signature=89f717d59f379d0bc53385490a5f9e56cd882fe83640b7e0d2c09a36a6efa0e3&X-Amz-SignedHeaders=host&response-content-disposition=inline
Bryce Alvarado,cderoove@gmail.com,Account Mgr,"Merck – Boston, MA","Delta - LaGuardia, NY",05/27/2021,7:05 AM,(444) 444-4445,"$1,389.00",Graveyard,https://cdn.4insite.com/assets/326b5870e3164734b1fbdba49bbda344_me_t.jpg,https://cdn.4insite.com/assets/r15538fe9fbf8458b9a9ce7dafabd993f_IMG_8800Medium_t.png?X-Amz-Algorithm=AWS4-HMAC-SHA256&X-Amz-Content-Sha256=UNSIGNED-PAYLOAD&X-Amz-Credential=ASIA3P5EIQBK6SEGSSUC%2F20260612%2Fus-west-2%2Fs3%2Faws4_request&X-Amz-Date=20260612T183908Z&X-Amz-Expires=300&X-Amz-Security-Token=IQoJb3JpZ2luX2VjEFMaCXVzLXdlc3QtMiJHMEUCIFXt64TUcxL0aKV5GKRME99rA6P8orHKHWAkpkMCWrt%2FAiEAu1v6f%2BAyhk7aoTciaX3JcygYZVHl1HR0ohhl57%2FPHtUq7QIIHBAEGgw3OTAwODE2MDE2MjEiDOtMBiERQkJahrCG1irKAlLaTjP7ayIM2ZHBtI8vFP3I2ZNInPqJgoPU%2FtGq6j%2FEKrLOQc%2B4aq012Zs6PPSlABrahFXVvOk7l%2BXaY8jSHhzd0%2FPGln5pm%2FG0cO6zNG4iqXovql0MVNrlTqwBjUa3swSdbsCEfIPbXmkOYH4N3pbCn8L%2FRc2n3C5Xawz0vyLTqNOEn4gAhQVd2i4oigxbWmxFyfEJP3YPdKk%2FR94P3D%2BEa2h3Bfg3skDL0GwVO6g0keFOs%2BEsFMA7BbbaJCWFhc1rQRKp422Pe1gvZg0RJlidtwS74l8bJUdaw%2FUnMkRKdTLF5wd6bnjtEkw6Fy8IU4nqPLhkMHXyHM7g9X5%2FhlCOMDubJz7vZALeSHtn1iL1e6yNY2CtbRJhYpSlDx3jXl571Z7etA0PuE%2BvOAMsKniOO5nHZEc%2BcyBsittY0%2F4ZZCSyGjHG%2FXIQKzC727DRBjqtAqPiTqBi7QTouh0gP5v0rChjoq%2B0e0oVJ%2F%2FQyDc13wTgvVtqB96hq8UpYAiIddp27PT7oiHq92a%2F5gP%2BOvRwQ2VAndowVABhdxUzIxTTDgUkQdKKOXldpzysSKYzuPq64WZQ1DQMn00lssjhqIqbru2%2Bs9XjH%2BFYC8oIKcuKV035y94M1IOStTns3V4Ati%2B9A0zjqCkdrrBvH0gRTlwQijNQMFec5uc0JojnB0HJ%2F7yZyyKFD4cRAicR8p2%2FYUuisIgCZV9Gf8dGK0OmeujMk30TefRMxHCINvmPl%2FCoxGlACg5yvsXTV7mUNoID8A%2FzVstOU3kBsEq7CRZk0n%2Bg%2BjewyxiddZNe5WfHIObmL6x%2BQnf9lDk0ldmVwFDo176Pnl21YBLr7iBsZcLphEA%3D&X-Amz-Signature=cd3b5bd263ba77642781d645613126e7b65191213522d1c2e6c2d4c9ef7abcc3&X-Amz-SignedHeaders=host&response-content-disposition=inline
Kyla Fischer,dmath@msn.com,Account Dir,"Micron (C&W) – Boise, ID","Delta - Detroit, MI",01/26/2020,5:40 PM,(000) 000-0013,"$1,354.00",Day,https://cdn.4insite.com/assets/rb5e8bb61592040a2ae8e8b99ec402783_Kimball_t.jpg,https://cdn.4insite.com/assets/f1b056f6b6874f37b4e23ace9b2ce03d_IMG_5624_t.png?X-Amz-Algorithm=AWS4-HMAC-SHA256&X-Amz-Content-Sha256=UNSIGNED-PAYLOAD&X-Amz-Credential=ASIA3P5EIQBK6SEGSSUC%2F20260612%2Fus-west-2%2Fs3%2Faws4_request&X-Amz-Date=20260612T183908Z&X-Amz-Expires=300&X-Amz-Security-Token=IQoJb3JpZ2luX2VjEFMaCXVzLXdlc3QtMiJHMEUCIFXt64TUcxL0aKV5GKRME99rA6P8orHKHWAkpkMCWrt%2FAiEAu1v6f%2BAyhk7aoTciaX3JcygYZVHl1HR0ohhl57%2FPHtUq7QIIHBAEGgw3OTAwODE2MDE2MjEiDOtMBiERQkJahrCG1irKAlLaTjP7ayIM2ZHBtI8vFP3I2ZNInPqJgoPU%2FtGq6j%2FEKrLOQc%2B4aq012Zs6PPSlABrahFXVvOk7l%2BXaY8jSHhzd0%2FPGln5pm%2FG0cO6zNG4iqXovql0MVNrlTqwBjUa3swSdbsCEfIPbXmkOYH4N3pbCn8L%2FRc2n3C5Xawz0vyLTqNOEn4gAhQVd2i4oigxbWmxFyfEJP3YPdKk%2FR94P3D%2BEa2h3Bfg3skDL0GwVO6g0keFOs%2BEsFMA7BbbaJCWFhc1rQRKp422Pe1gvZg0RJlidtwS74l8bJUdaw%2FUnMkRKdTLF5wd6bnjtEkw6Fy8IU4nqPLhkMHXyHM7g9X5%2FhlCOMDubJz7vZALeSHtn1iL1e6yNY2CtbRJhYpSlDx3jXl571Z7etA0PuE%2BvOAMsKniOO5nHZEc%2BcyBsittY0%2F4ZZCSyGjHG%2FXIQKzC727DRBjqtAqPiTqBi7QTouh0gP5v0rChjoq%2B0e0oVJ%2F%2FQyDc13wTgvVtqB96hq8UpYAiIddp27PT7oiHq92a%2F5gP%2BOvRwQ2VAndowVABhdxUzIxTTDgUkQdKKOXldpzysSKYzuPq64WZQ1DQMn00lssjhqIqbru2%2Bs9XjH%2BFYC8oIKcuKV035y94M1IOStTns3V4Ati%2B9A0zjqCkdrrBvH0gRTlwQijNQMFec5uc0JojnB0HJ%2F7yZyyKFD4cRAicR8p2%2FYUuisIgCZV9Gf8dGK0OmeujMk30TefRMxHCINvmPl%2FCoxGlACg5yvsXTV7mUNoID8A%2FzVstOU3kBsEq7CRZk0n%2Bg%2BjewyxiddZNe5WfHIObmL6x%2BQnf9lDk0ldmVwFDo176Pnl21YBLr7iBsZcLphEA%3D&X-Amz-Signature=ff8c82160ac1540212792cf472bdf762cd7fbb2e43366e582d00afbdc35a10bd&X-Amz-SignedHeaders=host&response-content-disposition=inline
Junior Chang,frosal@live.com,Site Mgr,"Discovery Labs (CBRE) – King of Prussia, PA",Microsoft (CBRE) – Puget Sound (CBRE),02/16/2020,8:50 AM,(777) 777-7780,$300.00,Night,https://cdn.4insite.com/assets/fca0e506f7bf41a798f7c415a0d3833b_Pic.Med_t.jpg,https://cdn.4insite.com/assets/eef3bd1dec194713a10441637b71ac70_MOMO_1739539250336_t.png?X-Amz-Algorithm=AWS4-HMAC-SHA256&X-Amz-Content-Sha256=UNSIGNED-PAYLOAD&X-Amz-Credential=ASIA3P5EIQBK6SEGSSUC%2F20260612%2Fus-west-2%2Fs3%2Faws4_request&X-Amz-Date=20260612T183908Z&X-Amz-Expires=300&X-Amz-Security-Token=IQoJb3JpZ2luX2VjEFMaCXVzLXdlc3QtMiJHMEUCIFXt64TUcxL0aKV5GKRME99rA6P8orHKHWAkpkMCWrt%2FAiEAu1v6f%2BAyhk7aoTciaX3JcygYZVHl1HR0ohhl57%2FPHtUq7QIIHBAEGgw3OTAwODE2MDE2MjEiDOtMBiERQkJahrCG1irKAlLaTjP7ayIM2ZHBtI8vFP3I2ZNInPqJgoPU%2FtGq6j%2FEKrLOQc%2B4aq012Zs6PPSlABrahFXVvOk7l%2BXaY8jSHhzd0%2FPGln5pm%2FG0cO6zNG4iqXovql0MVNrlTqwBjUa3swSdbsCEfIPbXmkOYH4N3pbCn8L%2FRc2n3C5Xawz0vyLTqNOEn4gAhQVd2i4oigxbWmxFyfEJP3YPdKk%2FR94P3D%2BEa2h3Bfg3skDL0GwVO6g0keFOs%2BEsFMA7BbbaJCWFhc1rQRKp422Pe1gvZg0RJlidtwS74l8bJUdaw%2FUnMkRKdTLF5wd6bnjtEkw6Fy8IU4nqPLhkMHXyHM7g9X5%2FhlCOMDubJz7vZALeSHtn1iL1e6yNY2CtbRJhYpSlDx3jXl571Z7etA0PuE%2BvOAMsKniOO5nHZEc%2BcyBsittY0%2F4ZZCSyGjHG%2FXIQKzC727DRBjqtAqPiTqBi7QTouh0gP5v0rChjoq%2B0e0oVJ%2F%2FQyDc13wTgvVtqB96hq8UpYAiIddp27PT7oiHq92a%2F5gP%2BOvRwQ2VAndowVABhdxUzIxTTDgUkQdKKOXldpzysSKYzuPq64WZQ1DQMn00lssjhqIqbru2%2Bs9XjH%2BFYC8oIKcuKV035y94M1IOStTns3V4Ati%2B9A0zjqCkdrrBvH0gRTlwQijNQMFec5uc0JojnB0HJ%2F7yZyyKFD4cRAicR8p2%2FYUuisIgCZV9Gf8dGK0OmeujMk30TefRMxHCINvmPl%2FCoxGlACg5yvsXTV7mUNoID8A%2FzVstOU3kBsEq7CRZk0n%2Bg%2BjewyxiddZNe5WfHIObmL6x%2BQnf9lDk0ldmVwFDo176Pnl21YBLr7iBsZcLphEA%3D&X-Amz-Signature=2e3421557a5c032c6ee9c603e543bc5f1956742607f20fc3899f1b3cd8fc0852&X-Amz-SignedHeaders=host&response-content-disposition=inline
Alden Ayala,ahuillet@hotmail.com,Sr Site Mgr,"Discovery Labs (CBRE) – King of Prussia, PA","Delta - LaGuardia, NY",06/06/2021,11:10 AM,(888) 888-8894,"$5,019.00",Swing,https://cdn.4insite.com/assets/33e587c6abc74a46936483a11efa9669_ValdesJeremy_t.jpg,https://cdn.4insite.com/assets/d00d62b4d550470eae367630d8785362_1714354628162_t.png?X-Amz-Algorithm=AWS4-HMAC-SHA256&X-Amz-Content-Sha256=UNSIGNED-PAYLOAD&X-Amz-Credential=ASIA3P5EIQBK6SEGSSUC%2F20260612%2Fus-west-2%2Fs3%2Faws4_request&X-Amz-Date=20260612T183908Z&X-Amz-Expires=300&X-Amz-Security-Token=IQoJb3JpZ2luX2VjEFMaCXVzLXdlc3QtMiJHMEUCIFXt64TUcxL0aKV5GKRME99rA6P8orHKHWAkpkMCWrt%2FAiEAu1v6f%2BAyhk7aoTciaX3JcygYZVHl1HR0ohhl57%2FPHtUq7QIIHBAEGgw3OTAwODE2MDE2MjEiDOtMBiERQkJahrCG1irKAlLaTjP7ayIM2ZHBtI8vFP3I2ZNInPqJgoPU%2FtGq6j%2FEKrLOQc%2B4aq012Zs6PPSlABrahFXVvOk7l%2BXaY8jSHhzd0%2FPGln5pm%2FG0cO6zNG4iqXovql0MVNrlTqwBjUa3swSdbsCEfIPbXmkOYH4N3pbCn8L%2FRc2n3C5Xawz0vyLTqNOEn4gAhQVd2i4oigxbWmxFyfEJP3YPdKk%2FR94P3D%2BEa2h3Bfg3skDL0GwVO6g0keFOs%2BEsFMA7BbbaJCWFhc1rQRKp422Pe1gvZg0RJlidtwS74l8bJUdaw%2FUnMkRKdTLF5wd6bnjtEkw6Fy8IU4nqPLhkMHXyHM7g9X5%2FhlCOMDubJz7vZALeSHtn1iL1e6yNY2CtbRJhYpSlDx3jXl571Z7etA0PuE%2BvOAMsKniOO5nHZEc%2BcyBsittY0%2F4ZZCSyGjHG%2FXIQKzC727DRBjqtAqPiTqBi7QTouh0gP5v0rChjoq%2B0e0oVJ%2F%2FQyDc13wTgvVtqB96hq8UpYAiIddp27PT7oiHq92a%2F5gP%2BOvRwQ2VAndowVABhdxUzIxTTDgUkQdKKOXldpzysSKYzuPq64WZQ1DQMn00lssjhqIqbru2%2Bs9XjH%2BFYC8oIKcuKV035y94M1IOStTns3V4Ati%2B9A0zjqCkdrrBvH0gRTlwQijNQMFec5uc0JojnB0HJ%2F7yZyyKFD4cRAicR8p2%2FYUuisIgCZV9Gf8dGK0OmeujMk30TefRMxHCINvmPl%2FCoxGlACg5yvsXTV7mUNoID8A%2FzVstOU3kBsEq7CRZk0n%2Bg%2BjewyxiddZNe5WfHIObmL6x%2BQnf9lDk0ldmVwFDo176Pnl21YBLr7iBsZcLphEA%3D&X-Amz-Signature=1d4f896fab42c7e03b6ccbdf4ddfec0d787f306f075dd07c24ffd107ad61c6a0&X-Amz-SignedHeaders=host&response-content-disposition=inline
Armani Webster,dkeeler@live.com,Assoc Site Mgr,Intel (Amentum) – Bowers,"Delta - Detroit, MI",02/19/2020,10:35 AM,(111) 111-1117,"$2,874.00",Graveyard,https://cdn.4insite.com/assets/2b8208b753c942b48b37cf1b7475e89e_Image14_t.jpg,https://cdn.4insite.com/assets/rdd0abc53c0974ef89f3685235a430010_PXL_20211103_113948699_t.png?X-Amz-Algorithm=AWS4-HMAC-SHA256&X-Amz-Content-Sha256=UNSIGNED-PAYLOAD&X-Amz-Credential=ASIA3P5EIQBK6SEGSSUC%2F20260612%2Fus-west-2%2Fs3%2Faws4_request&X-Amz-Date=20260612T183908Z&X-Amz-Expires=300&X-Amz-Security-Token=IQoJb3JpZ2luX2VjEFMaCXVzLXdlc3QtMiJHMEUCIFXt64TUcxL0aKV5GKRME99rA6P8orHKHWAkpkMCWrt%2FAiEAu1v6f%2BAyhk7aoTciaX3JcygYZVHl1HR0ohhl57%2FPHtUq7QIIHBAEGgw3OTAwODE2MDE2MjEiDOtMBiERQkJahrCG1irKAlLaTjP7ayIM2ZHBtI8vFP3I2ZNInPqJgoPU%2FtGq6j%2FEKrLOQc%2B4aq012Zs6PPSlABrahFXVvOk7l%2BXaY8jSHhzd0%2FPGln5pm%2FG0cO6zNG4iqXovql0MVNrlTqwBjUa3swSdbsCEfIPbXmkOYH4N3pbCn8L%2FRc2n3C5Xawz0vyLTqNOEn4gAhQVd2i4oigxbWmxFyfEJP3YPdKk%2FR94P3D%2BEa2h3Bfg3skDL0GwVO6g0keFOs%2BEsFMA7BbbaJCWFhc1rQRKp422Pe1gvZg0RJlidtwS74l8bJUdaw%2FUnMkRKdTLF5wd6bnjtEkw6Fy8IU4nqPLhkMHXyHM7g9X5%2FhlCOMDubJz7vZALeSHtn1iL1e6yNY2CtbRJhYpSlDx3jXl571Z7etA0PuE%2BvOAMsKniOO5nHZEc%2BcyBsittY0%2F4ZZCSyGjHG%2FXIQKzC727DRBjqtAqPiTqBi7QTouh0gP5v0rChjoq%2B0e0oVJ%2F%2FQyDc13wTgvVtqB96hq8UpYAiIddp27PT7oiHq92a%2F5gP%2BOvRwQ2VAndowVABhdxUzIxTTDgUkQdKKOXldpzysSKYzuPq64WZQ1DQMn00lssjhqIqbru2%2Bs9XjH%2BFYC8oIKcuKV035y94M1IOStTns3V4Ati%2B9A0zjqCkdrrBvH0gRTlwQijNQMFec5uc0JojnB0HJ%2F7yZyyKFD4cRAicR8p2%2FYUuisIgCZV9Gf8dGK0OmeujMk30TefRMxHCINvmPl%2FCoxGlACg5yvsXTV7mUNoID8A%2FzVstOU3kBsEq7CRZk0n%2Bg%2BjewyxiddZNe5WfHIObmL6x%2BQnf9lDk0ldmVwFDo176Pnl21YBLr7iBsZcLphEA%3D&X-Amz-Signature=d0d5c656dddd1ce868e5a95a25124715462ac645faac59a0baa9a47323151dac&X-Amz-SignedHeaders=host&response-content-disposition=inline
Iliana Fox,fbriere@hotmail.com,Account Mgr,Abbott – Abbott Park,Microsoft (CBRE) – Puget Sound (CBRE),04/02/2021,9:50 AM,(111) 111-1116,"$5,340.00",Day,https://cdn.4insite.com/assets/r9caff6d0b6b04667bbfebdad11191ea7_StuKelloffsProfilePic_t.png,https://cdn.4insite.com/assets/rff66c5df069444ac97cc4c85ee906d6a_Headshot_t.png?X-Amz-Algorithm=AWS4-HMAC-SHA256&X-Amz-Content-Sha256=UNSIGNED-PAYLOAD&X-Amz-Credential=ASIA3P5EIQBK2EAQQJGJ%2F20260612%2Fus-west-2%2Fs3%2Faws4_request&X-Amz-Date=20260612T182822Z&X-Amz-Expires=300&X-Amz-Security-Token=IQoJb3JpZ2luX2VjEFMaCXVzLXdlc3QtMiJIMEYCIQD7KMRDZFJWYkfGCdXYApkS8K5vx6Z0M%2F6glnpxwSJ0jQIhAP3ShKjrMYxejB3Nt%2B9np%2Buje6TcRvAqgNycgnVOQ3ucKu0CCBwQBBoMNzkwMDgxNjAxNjIxIgwHgLc7ZY7sW841rFEqygJy%2BOAkHJMI%2BAajjHps6ZmL%2FZiXZ8KpOCPeJcLFc2HJmV%2BkS5AS%2BO0PtVkBv3Q4n0veLZ%2FqH3fVLFXBfj4t7W0TQ85CnCnBNXv1E7VAH2dp2qr2X2x7CRChFs5BMNXuxLo1nOnhlgPPtvWy%2BZqTaiP%2FksKv7BXWKtcB2fJkIJlkHXmA66EcGkcXPeSrLJYzb8MmXHxBfpCkn5PtDPg75CGm1JRrPwRhkRojfMlhBn39YcwtXSqbMc4%2F58clKYnArfOxaaDEdV4cYA7iizEftKNKmZxMmRn3%2B9Q8YGBTtZn3UjpWFyV69rXDwg%2F6BfoGcwylsc6%2FM7wRp5wHtECG5Z7Ffuvu%2F6BXVjJjLTiFjjcl3z%2BM%2F%2FTuw5bcdDn2l3ycvSYrTEHdTQlqQpQxV0fR50tDKWklUPrgwtXp2TvdNHnvSlqXZszxTg367uAwu9uw0QY6rAKw6ejecdP8ZQ45dk73KWeJl1w8hn0aWvUHRTIVKV5FizKeOv%2FKQrQ8loAJ4v8IA4v3LA2uIolG9DKOFJfI6WA0uOkIdrcoJhI9r92t%2FG7XPE4KhnWAgAPFY3AWvo0rikBjSXc%2Fu2k9BANoqkG4tXWux6YgvS8CaeZ3p8Pei%2Fv1uLYXUyAQBDMcwv1TGYQAlef3fo9eSN8wUKo3%2FzqHHKyq%2BZFX08HAw7lVlzmUedF8P8e0nj0EK2ohDmfh5VnjDC5hBWBJvzFCugkf9ZGTljbZTyMZNRM46YMmyjmZXyqsAD1JBNce%2F3YEcTPTe54157nE1JHri3DwyFQtIReTxa%2BpJenYenfN30QJNf%2Fy3vGc0ObBk8TonskU4%2B%2F2aaU9hTdOQEmdLW6sW2UtTV8%3D&X-Amz-Signature=5c8a43026e67c784f72e7ca8397943a19b4d92a27b1fe01aa3861fb2f93c4f45&X-Amz-SignedHeaders=host&response-content-disposition=inline
Morgan Rowe,camenisch@hotmail.com,Account Dir,"Illumina – San Diego, CA","Delta - LaGuardia, NY",10/11/2021,6:25 PM,(000) 000-0014,"$8,970.00",Night,https://cdn.4insite.com/assets/1596129880.2201388_LIProfilePic_t.jpg,https://cdn.4insite.com/assets/rf2863015eb7f46ea9c641eec2db424cd_Alex_Picture_t.png?X-Amz-Algorithm=AWS4-HMAC-SHA256&X-Amz-Content-Sha256=UNSIGNED-PAYLOAD&X-Amz-Credential=ASIA3P5EIQBK2EAQQJGJ%2F20260612%2Fus-west-2%2Fs3%2Faws4_request&X-Amz-Date=20260612T182822Z&X-Amz-Expires=300&X-Amz-Security-Token=IQoJb3JpZ2luX2VjEFMaCXVzLXdlc3QtMiJIMEYCIQD7KMRDZFJWYkfGCdXYApkS8K5vx6Z0M%2F6glnpxwSJ0jQIhAP3ShKjrMYxejB3Nt%2B9np%2Buje6TcRvAqgNycgnVOQ3ucKu0CCBwQBBoMNzkwMDgxNjAxNjIxIgwHgLc7ZY7sW841rFEqygJy%2BOAkHJMI%2BAajjHps6ZmL%2FZiXZ8KpOCPeJcLFc2HJmV%2BkS5AS%2BO0PtVkBv3Q4n0veLZ%2FqH3fVLFXBfj4t7W0TQ85CnCnBNXv1E7VAH2dp2qr2X2x7CRChFs5BMNXuxLo1nOnhlgPPtvWy%2BZqTaiP%2FksKv7BXWKtcB2fJkIJlkHXmA66EcGkcXPeSrLJYzb8MmXHxBfpCkn5PtDPg75CGm1JRrPwRhkRojfMlhBn39YcwtXSqbMc4%2F58clKYnArfOxaaDEdV4cYA7iizEftKNKmZxMmRn3%2B9Q8YGBTtZn3UjpWFyV69rXDwg%2F6BfoGcwylsc6%2FM7wRp5wHtECG5Z7Ffuvu%2F6BXVjJjLTiFjjcl3z%2BM%2F%2FTuw5bcdDn2l3ycvSYrTEHdTQlqQpQxV0fR50tDKWklUPrgwtXp2TvdNHnvSlqXZszxTg367uAwu9uw0QY6rAKw6ejecdP8ZQ45dk73KWeJl1w8hn0aWvUHRTIVKV5FizKeOv%2FKQrQ8loAJ4v8IA4v3LA2uIolG9DKOFJfI6WA0uOkIdrcoJhI9r92t%2FG7XPE4KhnWAgAPFY3AWvo0rikBjSXc%2Fu2k9BANoqkG4tXWux6YgvS8CaeZ3p8Pei%2Fv1uLYXUyAQBDMcwv1TGYQAlef3fo9eSN8wUKo3%2FzqHHKyq%2BZFX08HAw7lVlzmUedF8P8e0nj0EK2ohDmfh5VnjDC5hBWBJvzFCugkf9ZGTljbZTyMZNRM46YMmyjmZXyqsAD1JBNce%2F3YEcTPTe54157nE1JHri3DwyFQtIReTxa%2BpJenYenfN30QJNf%2Fy3vGc0ObBk8TonskU4%2B%2F2aaU9hTdOQEmdLW6sW2UtTV8%3D&X-Amz-Signature=d13d1f29e91dda0ffd3a47307356ab53f3df1b3e0505c4a011f5a163f7f59e3a&X-Amz-SignedHeaders=host&response-content-disposition=inline
Cassie Cobb,scarlet@mac.com,Site Mgr,"HP (JLL) – Palo Alto, CA","Delta - Detroit, MI",08/20/2021,3:15 PM,(333) 333-3345,"$7,273.00",Swing,https://cdn.4insite.com/assets/01d82a9297d94fc598e3c7e0f4829bb5_Facetune_27102024070554_t.jpg,https://cdn.4insite.com/assets/re212dd5e42764832b42ea1c3ee805a2d_Screenshot_20230118_203821_Gallery_t.png?X-Amz-Algorithm=AWS4-HMAC-SHA256&X-Amz-Content-Sha256=UNSIGNED-PAYLOAD&X-Amz-Credential=ASIA3P5EIQBK2EAQQJGJ%2F20260612%2Fus-west-2%2Fs3%2Faws4_request&X-Amz-Date=20260612T182822Z&X-Amz-Expires=300&X-Amz-Security-Token=IQoJb3JpZ2luX2VjEFMaCXVzLXdlc3QtMiJIMEYCIQD7KMRDZFJWYkfGCdXYApkS8K5vx6Z0M%2F6glnpxwSJ0jQIhAP3ShKjrMYxejB3Nt%2B9np%2Buje6TcRvAqgNycgnVOQ3ucKu0CCBwQBBoMNzkwMDgxNjAxNjIxIgwHgLc7ZY7sW841rFEqygJy%2BOAkHJMI%2BAajjHps6ZmL%2FZiXZ8KpOCPeJcLFc2HJmV%2BkS5AS%2BO0PtVkBv3Q4n0veLZ%2FqH3fVLFXBfj4t7W0TQ85CnCnBNXv1E7VAH2dp2qr2X2x7CRChFs5BMNXuxLo1nOnhlgPPtvWy%2BZqTaiP%2FksKv7BXWKtcB2fJkIJlkHXmA66EcGkcXPeSrLJYzb8MmXHxBfpCkn5PtDPg75CGm1JRrPwRhkRojfMlhBn39YcwtXSqbMc4%2F58clKYnArfOxaaDEdV4cYA7iizEftKNKmZxMmRn3%2B9Q8YGBTtZn3UjpWFyV69rXDwg%2F6BfoGcwylsc6%2FM7wRp5wHtECG5Z7Ffuvu%2F6BXVjJjLTiFjjcl3z%2BM%2F%2FTuw5bcdDn2l3ycvSYrTEHdTQlqQpQxV0fR50tDKWklUPrgwtXp2TvdNHnvSlqXZszxTg367uAwu9uw0QY6rAKw6ejecdP8ZQ45dk73KWeJl1w8hn0aWvUHRTIVKV5FizKeOv%2FKQrQ8loAJ4v8IA4v3LA2uIolG9DKOFJfI6WA0uOkIdrcoJhI9r92t%2FG7XPE4KhnWAgAPFY3AWvo0rikBjSXc%2Fu2k9BANoqkG4tXWux6YgvS8CaeZ3p8Pei%2Fv1uLYXUyAQBDMcwv1TGYQAlef3fo9eSN8wUKo3%2FzqHHKyq%2BZFX08HAw7lVlzmUedF8P8e0nj0EK2ohDmfh5VnjDC5hBWBJvzFCugkf9ZGTljbZTyMZNRM46YMmyjmZXyqsAD1JBNce%2F3YEcTPTe54157nE1JHri3DwyFQtIReTxa%2BpJenYenfN30QJNf%2Fy3vGc0ObBk8TonskU4%2B%2F2aaU9hTdOQEmdLW6sW2UtTV8%3D&X-Amz-Signature=d410963db18c0aa360ca4a2da89e965e1666102fda4bcafad6c65fb6967d78fb&X-Amz-SignedHeaders=host&response-content-disposition=inline
Reece Marks,farber@hotmail.com,Sr Site Mgr,Abbott – ADD - Great America,Microsoft (CBRE) – Puget Sound (CBRE),12/03/2020,4:35 PM,(111) 111-1125,"$2,618.00",Graveyard,https://cdn.4insite.com/assets/3ae2715a2d9f45b484ec68292049f53a_Headshot_t.jpg,https://cdn.4insite.com/assets/r9caff6d0b6b04667bbfebdad11191ea7_StuKelloffsProfilePic_t.png?X-Amz-Algorithm=AWS4-HMAC-SHA256&X-Amz-Content-Sha256=UNSIGNED-PAYLOAD&X-Amz-Credential=ASIA3P5EIQBK2EAQQJGJ%2F20260612%2Fus-west-2%2Fs3%2Faws4_request&X-Amz-Date=20260612T182822Z&X-Amz-Expires=300&X-Amz-Security-Token=IQoJb3JpZ2luX2VjEFMaCXVzLXdlc3QtMiJIMEYCIQD7KMRDZFJWYkfGCdXYApkS8K5vx6Z0M%2F6glnpxwSJ0jQIhAP3ShKjrMYxejB3Nt%2B9np%2Buje6TcRvAqgNycgnVOQ3ucKu0CCBwQBBoMNzkwMDgxNjAxNjIxIgwHgLc7ZY7sW841rFEqygJy%2BOAkHJMI%2BAajjHps6ZmL%2FZiXZ8KpOCPeJcLFc2HJmV%2BkS5AS%2BO0PtVkBv3Q4n0veLZ%2FqH3fVLFXBfj4t7W0TQ85CnCnBNXv1E7VAH2dp2qr2X2x7CRChFs5BMNXuxLo1nOnhlgPPtvWy%2BZqTaiP%2FksKv7BXWKtcB2fJkIJlkHXmA66EcGkcXPeSrLJYzb8MmXHxBfpCkn5PtDPg75CGm1JRrPwRhkRojfMlhBn39YcwtXSqbMc4%2F58clKYnArfOxaaDEdV4cYA7iizEftKNKmZxMmRn3%2B9Q8YGBTtZn3UjpWFyV69rXDwg%2F6BfoGcwylsc6%2FM7wRp5wHtECG5Z7Ffuvu%2F6BXVjJjLTiFjjcl3z%2BM%2F%2FTuw5bcdDn2l3ycvSYrTEHdTQlqQpQxV0fR50tDKWklUPrgwtXp2TvdNHnvSlqXZszxTg367uAwu9uw0QY6rAKw6ejecdP8ZQ45dk73KWeJl1w8hn0aWvUHRTIVKV5FizKeOv%2FKQrQ8loAJ4v8IA4v3LA2uIolG9DKOFJfI6WA0uOkIdrcoJhI9r92t%2FG7XPE4KhnWAgAPFY3AWvo0rikBjSXc%2Fu2k9BANoqkG4tXWux6YgvS8CaeZ3p8Pei%2Fv1uLYXUyAQBDMcwv1TGYQAlef3fo9eSN8wUKo3%2FzqHHKyq%2BZFX08HAw7lVlzmUedF8P8e0nj0EK2ohDmfh5VnjDC5hBWBJvzFCugkf9ZGTljbZTyMZNRM46YMmyjmZXyqsAD1JBNce%2F3YEcTPTe54157nE1JHri3DwyFQtIReTxa%2BpJenYenfN30QJNf%2Fy3vGc0ObBk8TonskU4%2B%2F2aaU9hTdOQEmdLW6sW2UtTV8%3D&X-Amz-Signature=10eb480cf575158d779b3d8bd638fe193f1102f4077bf07aefb6d848f0d346a3&X-Amz-SignedHeaders=host&response-content-disposition=inline
Zane Burnett,netsfr@me.com,Assoc Site Mgr,"Bayer (JLL) – Chesterfield, MO","Delta - LaGuardia, NY",01/14/2020,1:45 PM,(333) 333-3343,"$6,282.00",Day,https://cdn.4insite.com/assets/1612299821.4215329_MITPhoto_t.jpg,https://cdn.4insite.com/assets/r9ac5ef03f70b45d98e38df6fa721a0e1_PXL_20230328_211357723.PORTRAIT3_t.png?X-Amz-Algorithm=AWS4-HMAC-SHA256&X-Amz-Content-Sha256=UNSIGNED-PAYLOAD&X-Amz-Credential=ASIA3P5EIQBK2EAQQJGJ%2F20260612%2Fus-west-2%2Fs3%2Faws4_request&X-Amz-Date=20260612T182822Z&X-Amz-Expires=300&X-Amz-Security-Token=IQoJb3JpZ2luX2VjEFMaCXVzLXdlc3QtMiJIMEYCIQD7KMRDZFJWYkfGCdXYApkS8K5vx6Z0M%2F6glnpxwSJ0jQIhAP3ShKjrMYxejB3Nt%2B9np%2Buje6TcRvAqgNycgnVOQ3ucKu0CCBwQBBoMNzkwMDgxNjAxNjIxIgwHgLc7ZY7sW841rFEqygJy%2BOAkHJMI%2BAajjHps6ZmL%2FZiXZ8KpOCPeJcLFc2HJmV%2BkS5AS%2BO0PtVkBv3Q4n0veLZ%2FqH3fVLFXBfj4t7W0TQ85CnCnBNXv1E7VAH2dp2qr2X2x7CRChFs5BMNXuxLo1nOnhlgPPtvWy%2BZqTaiP%2FksKv7BXWKtcB2fJkIJlkHXmA66EcGkcXPeSrLJYzb8MmXHxBfpCkn5PtDPg75CGm1JRrPwRhkRojfMlhBn39YcwtXSqbMc4%2F58clKYnArfOxaaDEdV4cYA7iizEftKNKmZxMmRn3%2B9Q8YGBTtZn3UjpWFyV69rXDwg%2F6BfoGcwylsc6%2FM7wRp5wHtECG5Z7Ffuvu%2F6BXVjJjLTiFjjcl3z%2BM%2F%2FTuw5bcdDn2l3ycvSYrTEHdTQlqQpQxV0fR50tDKWklUPrgwtXp2TvdNHnvSlqXZszxTg367uAwu9uw0QY6rAKw6ejecdP8ZQ45dk73KWeJl1w8hn0aWvUHRTIVKV5FizKeOv%2FKQrQ8loAJ4v8IA4v3LA2uIolG9DKOFJfI6WA0uOkIdrcoJhI9r92t%2FG7XPE4KhnWAgAPFY3AWvo0rikBjSXc%2Fu2k9BANoqkG4tXWux6YgvS8CaeZ3p8Pei%2Fv1uLYXUyAQBDMcwv1TGYQAlef3fo9eSN8wUKo3%2FzqHHKyq%2BZFX08HAw7lVlzmUedF8P8e0nj0EK2ohDmfh5VnjDC5hBWBJvzFCugkf9ZGTljbZTyMZNRM46YMmyjmZXyqsAD1JBNce%2F3YEcTPTe54157nE1JHri3DwyFQtIReTxa%2BpJenYenfN30QJNf%2Fy3vGc0ObBk8TonskU4%2B%2F2aaU9hTdOQEmdLW6sW2UtTV8%3D&X-Amz-Signature=00858576427e0e4e18a04b0efd9f20fb4668d16bc02a71007c6eef524046360a&X-Amz-SignedHeaders=host&response-content-disposition=inline
Warren Hudson,wkrebs@comcast.net,Account Mgr,"Moderna (JLL) – Norwood, MA ","Delta - Detroit, MI",01/24/2022,8:00 AM,(666) 666-6668,"$9,663.00",Night,https://cdn.4insite.com/assets/28ab37cc31524df0999ebf10f2628c66_HS1_t.jpg,https://cdn.4insite.com/assets/r7abc65047ed449f686779c191234a98d_temp_file_.jpg?X-Amz-Algorithm=AWS4-HMAC-SHA256&X-Amz-Content-Sha256=UNSIGNED-PAYLOAD&X-Amz-Credential=ASIA3P5EIQBK2EAQQJGJ%2F20260612%2Fus-west-2%2Fs3%2Faws4_request&X-Amz-Date=20260612T182822Z&X-Amz-Expires=300&X-Amz-Security-Token=IQoJb3JpZ2luX2VjEFMaCXVzLXdlc3QtMiJIMEYCIQD7KMRDZFJWYkfGCdXYApkS8K5vx6Z0M%2F6glnpxwSJ0jQIhAP3ShKjrMYxejB3Nt%2B9np%2Buje6TcRvAqgNycgnVOQ3ucKu0CCBwQBBoMNzkwMDgxNjAxNjIxIgwHgLc7ZY7sW841rFEqygJy%2BOAkHJMI%2BAajjHps6ZmL%2FZiXZ8KpOCPeJcLFc2HJmV%2BkS5AS%2BO0PtVkBv3Q4n0veLZ%2FqH3fVLFXBfj4t7W0TQ85CnCnBNXv1E7VAH2dp2qr2X2x7CRChFs5BMNXuxLo1nOnhlgPPtvWy%2BZqTaiP%2FksKv7BXWKtcB2fJkIJlkHXmA66EcGkcXPeSrLJYzb8MmXHxBfpCkn5PtDPg75CGm1JRrPwRhkRojfMlhBn39YcwtXSqbMc4%2F58clKYnArfOxaaDEdV4cYA7iizEftKNKmZxMmRn3%2B9Q8YGBTtZn3UjpWFyV69rXDwg%2F6BfoGcwylsc6%2FM7wRp5wHtECG5Z7Ffuvu%2F6BXVjJjLTiFjjcl3z%2BM%2F%2FTuw5bcdDn2l3ycvSYrTEHdTQlqQpQxV0fR50tDKWklUPrgwtXp2TvdNHnvSlqXZszxTg367uAwu9uw0QY6rAKw6ejecdP8ZQ45dk73KWeJl1w8hn0aWvUHRTIVKV5FizKeOv%2FKQrQ8loAJ4v8IA4v3LA2uIolG9DKOFJfI6WA0uOkIdrcoJhI9r92t%2FG7XPE4KhnWAgAPFY3AWvo0rikBjSXc%2Fu2k9BANoqkG4tXWux6YgvS8CaeZ3p8Pei%2Fv1uLYXUyAQBDMcwv1TGYQAlef3fo9eSN8wUKo3%2FzqHHKyq%2BZFX08HAw7lVlzmUedF8P8e0nj0EK2ohDmfh5VnjDC5hBWBJvzFCugkf9ZGTljbZTyMZNRM46YMmyjmZXyqsAD1JBNce%2F3YEcTPTe54157nE1JHri3DwyFQtIReTxa%2BpJenYenfN30QJNf%2Fy3vGc0ObBk8TonskU4%2B%2F2aaU9hTdOQEmdLW6sW2UtTV8%3D&X-Amz-Signature=b4de03fabe427fe9ae73139e5f8d0516bab3af32016e7b51294dbad29ceaa47f&X-Amz-SignedHeaders=host&response-content-disposition=inline
Craig Juarez,preneel@msn.com,Account Dir,"GE Healthcare – Chicago, IL",Microsoft (CBRE) – Puget Sound (CBRE),05/04/2020,7:15 AM,(666) 666-6667,"$1,382.00",Swing,https://cdn.4insite.com/assets/1597337609.0038068_joshgrady_t.jpg,https://cdn.4insite.com/assets/r6fa7e5e9447f412ea5d19152cd587135_Screenshot20250923111350_t.png?X-Amz-Algorithm=AWS4-HMAC-SHA256&X-Amz-Content-Sha256=UNSIGNED-PAYLOAD&X-Amz-Credential=ASIA3P5EIQBK2EAQQJGJ%2F20260612%2Fus-west-2%2Fs3%2Faws4_request&X-Amz-Date=20260612T182822Z&X-Amz-Expires=300&X-Amz-Security-Token=IQoJb3JpZ2luX2VjEFMaCXVzLXdlc3QtMiJIMEYCIQD7KMRDZFJWYkfGCdXYApkS8K5vx6Z0M%2F6glnpxwSJ0jQIhAP3ShKjrMYxejB3Nt%2B9np%2Buje6TcRvAqgNycgnVOQ3ucKu0CCBwQBBoMNzkwMDgxNjAxNjIxIgwHgLc7ZY7sW841rFEqygJy%2BOAkHJMI%2BAajjHps6ZmL%2FZiXZ8KpOCPeJcLFc2HJmV%2BkS5AS%2BO0PtVkBv3Q4n0veLZ%2FqH3fVLFXBfj4t7W0TQ85CnCnBNXv1E7VAH2dp2qr2X2x7CRChFs5BMNXuxLo1nOnhlgPPtvWy%2BZqTaiP%2FksKv7BXWKtcB2fJkIJlkHXmA66EcGkcXPeSrLJYzb8MmXHxBfpCkn5PtDPg75CGm1JRrPwRhkRojfMlhBn39YcwtXSqbMc4%2F58clKYnArfOxaaDEdV4cYA7iizEftKNKmZxMmRn3%2B9Q8YGBTtZn3UjpWFyV69rXDwg%2F6BfoGcwylsc6%2FM7wRp5wHtECG5Z7Ffuvu%2F6BXVjJjLTiFjjcl3z%2BM%2F%2FTuw5bcdDn2l3ycvSYrTEHdTQlqQpQxV0fR50tDKWklUPrgwtXp2TvdNHnvSlqXZszxTg367uAwu9uw0QY6rAKw6ejecdP8ZQ45dk73KWeJl1w8hn0aWvUHRTIVKV5FizKeOv%2FKQrQ8loAJ4v8IA4v3LA2uIolG9DKOFJfI6WA0uOkIdrcoJhI9r92t%2FG7XPE4KhnWAgAPFY3AWvo0rikBjSXc%2Fu2k9BANoqkG4tXWux6YgvS8CaeZ3p8Pei%2Fv1uLYXUyAQBDMcwv1TGYQAlef3fo9eSN8wUKo3%2FzqHHKyq%2BZFX08HAw7lVlzmUedF8P8e0nj0EK2ohDmfh5VnjDC5hBWBJvzFCugkf9ZGTljbZTyMZNRM46YMmyjmZXyqsAD1JBNce%2F3YEcTPTe54157nE1JHri3DwyFQtIReTxa%2BpJenYenfN30QJNf%2Fy3vGc0ObBk8TonskU4%2B%2F2aaU9hTdOQEmdLW6sW2UtTV8%3D&X-Amz-Signature=121177e02f8d2b8b817644508ab68b1984375780894f2e3fba0b0a944a5448b8&X-Amz-SignedHeaders=host&response-content-disposition=inline
Nancy Ayers,gregh@mac.com,Site Mgr,"Merck (Sodexo) – Branchburg, NJ","Delta - LaGuardia, NY",01/15/2020,8:25 AM,(222) 222-225,"$7,607.00",Graveyard,https://cdn.4insite.com/assets/ba725c4f8816402fa5b98f2bcde79224_LinkedInPic_t.jpg,https://cdn.4insite.com/assets/r613ecdcb4b794920b91e3ba16b79e62b_44d6d6963a0a4b6cad8dc78bba16e639_t.png?X-Amz-Algorithm=AWS4-HMAC-SHA256&X-Amz-Content-Sha256=UNSIGNED-PAYLOAD&X-Amz-Credential=ASIA3P5EIQBK2EAQQJGJ%2F20260612%2Fus-west-2%2Fs3%2Faws4_request&X-Amz-Date=20260612T182822Z&X-Amz-Expires=300&X-Amz-Security-Token=IQoJb3JpZ2luX2VjEFMaCXVzLXdlc3QtMiJIMEYCIQD7KMRDZFJWYkfGCdXYApkS8K5vx6Z0M%2F6glnpxwSJ0jQIhAP3ShKjrMYxejB3Nt%2B9np%2Buje6TcRvAqgNycgnVOQ3ucKu0CCBwQBBoMNzkwMDgxNjAxNjIxIgwHgLc7ZY7sW841rFEqygJy%2BOAkHJMI%2BAajjHps6ZmL%2FZiXZ8KpOCPeJcLFc2HJmV%2BkS5AS%2BO0PtVkBv3Q4n0veLZ%2FqH3fVLFXBfj4t7W0TQ85CnCnBNXv1E7VAH2dp2qr2X2x7CRChFs5BMNXuxLo1nOnhlgPPtvWy%2BZqTaiP%2FksKv7BXWKtcB2fJkIJlkHXmA66EcGkcXPeSrLJYzb8MmXHxBfpCkn5PtDPg75CGm1JRrPwRhkRojfMlhBn39YcwtXSqbMc4%2F58clKYnArfOxaaDEdV4cYA7iizEftKNKmZxMmRn3%2B9Q8YGBTtZn3UjpWFyV69rXDwg%2F6BfoGcwylsc6%2FM7wRp5wHtECG5Z7Ffuvu%2F6BXVjJjLTiFjjcl3z%2BM%2F%2FTuw5bcdDn2l3ycvSYrTEHdTQlqQpQxV0fR50tDKWklUPrgwtXp2TvdNHnvSlqXZszxTg367uAwu9uw0QY6rAKw6ejecdP8ZQ45dk73KWeJl1w8hn0aWvUHRTIVKV5FizKeOv%2FKQrQ8loAJ4v8IA4v3LA2uIolG9DKOFJfI6WA0uOkIdrcoJhI9r92t%2FG7XPE4KhnWAgAPFY3AWvo0rikBjSXc%2Fu2k9BANoqkG4tXWux6YgvS8CaeZ3p8Pei%2Fv1uLYXUyAQBDMcwv1TGYQAlef3fo9eSN8wUKo3%2FzqHHKyq%2BZFX08HAw7lVlzmUedF8P8e0nj0EK2ohDmfh5VnjDC5hBWBJvzFCugkf9ZGTljbZTyMZNRM46YMmyjmZXyqsAD1JBNce%2F3YEcTPTe54157nE1JHri3DwyFQtIReTxa%2BpJenYenfN30QJNf%2Fy3vGc0ObBk8TonskU4%2B%2F2aaU9hTdOQEmdLW6sW2UtTV8%3D&X-Amz-Signature=21fd81431a42035a2e2ccc9ee62a4cdd8d4e44af34632e23ed19a90c378f9d80&X-Amz-SignedHeaders=host&response-content-disposition=inline
Alannah Black,flakeg@att.net,Sr Site Mgr,"Micron (C&W) – Folsom, CA","Delta - Detroit, MI",01/22/2021,12:20 PM,(444) 444-4452,"$8,903.00",Day,https://cdn.4insite.com/assets/r880c04faa1ab469689a84ac1ee3967db_NewPic_t.png,https://cdn.4insite.com/assets/r4449dd9505c248e89ba62e382c91f9ad_thumbnail_IMG_6398_t.png?X-Amz-Algorithm=AWS4-HMAC-SHA256&X-Amz-Content-Sha256=UNSIGNED-PAYLOAD&X-Amz-Credential=ASIA3P5EIQBK2EAQQJGJ%2F20260612%2Fus-west-2%2Fs3%2Faws4_request&X-Amz-Date=20260612T182822Z&X-Amz-Expires=300&X-Amz-Security-Token=IQoJb3JpZ2luX2VjEFMaCXVzLXdlc3QtMiJIMEYCIQD7KMRDZFJWYkfGCdXYApkS8K5vx6Z0M%2F6glnpxwSJ0jQIhAP3ShKjrMYxejB3Nt%2B9np%2Buje6TcRvAqgNycgnVOQ3ucKu0CCBwQBBoMNzkwMDgxNjAxNjIxIgwHgLc7ZY7sW841rFEqygJy%2BOAkHJMI%2BAajjHps6ZmL%2FZiXZ8KpOCPeJcLFc2HJmV%2BkS5AS%2BO0PtVkBv3Q4n0veLZ%2FqH3fVLFXBfj4t7W0TQ85CnCnBNXv1E7VAH2dp2qr2X2x7CRChFs5BMNXuxLo1nOnhlgPPtvWy%2BZqTaiP%2FksKv7BXWKtcB2fJkIJlkHXmA66EcGkcXPeSrLJYzb8MmXHxBfpCkn5PtDPg75CGm1JRrPwRhkRojfMlhBn39YcwtXSqbMc4%2F58clKYnArfOxaaDEdV4cYA7iizEftKNKmZxMmRn3%2B9Q8YGBTtZn3UjpWFyV69rXDwg%2F6BfoGcwylsc6%2FM7wRp5wHtECG5Z7Ffuvu%2F6BXVjJjLTiFjjcl3z%2BM%2F%2FTuw5bcdDn2l3ycvSYrTEHdTQlqQpQxV0fR50tDKWklUPrgwtXp2TvdNHnvSlqXZszxTg367uAwu9uw0QY6rAKw6ejecdP8ZQ45dk73KWeJl1w8hn0aWvUHRTIVKV5FizKeOv%2FKQrQ8loAJ4v8IA4v3LA2uIolG9DKOFJfI6WA0uOkIdrcoJhI9r92t%2FG7XPE4KhnWAgAPFY3AWvo0rikBjSXc%2Fu2k9BANoqkG4tXWux6YgvS8CaeZ3p8Pei%2Fv1uLYXUyAQBDMcwv1TGYQAlef3fo9eSN8wUKo3%2FzqHHKyq%2BZFX08HAw7lVlzmUedF8P8e0nj0EK2ohDmfh5VnjDC5hBWBJvzFCugkf9ZGTljbZTyMZNRM46YMmyjmZXyqsAD1JBNce%2F3YEcTPTe54157nE1JHri3DwyFQtIReTxa%2BpJenYenfN30QJNf%2Fy3vGc0ObBk8TonskU4%2B%2F2aaU9hTdOQEmdLW6sW2UtTV8%3D&X-Amz-Signature=cafa53c4a5b37c22b833dbbab4828837de83e6138f3d858442e3f9b31ea54c9e&X-Amz-SignedHeaders=host&response-content-disposition=inline
Teagan Schroeder,gravyface@msn.com,Assoc Site Mgr,"Microsoft (CBRE) – Puget Sound, WA",Microsoft (CBRE) – Puget Sound (CBRE),04/10/2022,6:05 AM,(111) 111-1111,"$7,093.12",Night,https://cdn.4insite.com/assets/r6fa7e5e9447f412ea5d19152cd587135_Screenshot20250923111350_t.png,https://cdn.4insite.com/assets/r32c977234fe949efb2318c4db1ba0de4_ProfilePic_091056_t.png?X-Amz-Algorithm=AWS4-HMAC-SHA256&X-Amz-Content-Sha256=UNSIGNED-PAYLOAD&X-Amz-Credential=ASIA3P5EIQBK2EAQQJGJ%2F20260612%2Fus-west-2%2Fs3%2Faws4_request&X-Amz-Date=20260612T182822Z&X-Amz-Expires=300&X-Amz-Security-Token=IQoJb3JpZ2luX2VjEFMaCXVzLXdlc3QtMiJIMEYCIQD7KMRDZFJWYkfGCdXYApkS8K5vx6Z0M%2F6glnpxwSJ0jQIhAP3ShKjrMYxejB3Nt%2B9np%2Buje6TcRvAqgNycgnVOQ3ucKu0CCBwQBBoMNzkwMDgxNjAxNjIxIgwHgLc7ZY7sW841rFEqygJy%2BOAkHJMI%2BAajjHps6ZmL%2FZiXZ8KpOCPeJcLFc2HJmV%2BkS5AS%2BO0PtVkBv3Q4n0veLZ%2FqH3fVLFXBfj4t7W0TQ85CnCnBNXv1E7VAH2dp2qr2X2x7CRChFs5BMNXuxLo1nOnhlgPPtvWy%2BZqTaiP%2FksKv7BXWKtcB2fJkIJlkHXmA66EcGkcXPeSrLJYzb8MmXHxBfpCkn5PtDPg75CGm1JRrPwRhkRojfMlhBn39YcwtXSqbMc4%2F58clKYnArfOxaaDEdV4cYA7iizEftKNKmZxMmRn3%2B9Q8YGBTtZn3UjpWFyV69rXDwg%2F6BfoGcwylsc6%2FM7wRp5wHtECG5Z7Ffuvu%2F6BXVjJjLTiFjjcl3z%2BM%2F%2FTuw5bcdDn2l3ycvSYrTEHdTQlqQpQxV0fR50tDKWklUPrgwtXp2TvdNHnvSlqXZszxTg367uAwu9uw0QY6rAKw6ejecdP8ZQ45dk73KWeJl1w8hn0aWvUHRTIVKV5FizKeOv%2FKQrQ8loAJ4v8IA4v3LA2uIolG9DKOFJfI6WA0uOkIdrcoJhI9r92t%2FG7XPE4KhnWAgAPFY3AWvo0rikBjSXc%2Fu2k9BANoqkG4tXWux6YgvS8CaeZ3p8Pei%2Fv1uLYXUyAQBDMcwv1TGYQAlef3fo9eSN8wUKo3%2FzqHHKyq%2BZFX08HAw7lVlzmUedF8P8e0nj0EK2ohDmfh5VnjDC5hBWBJvzFCugkf9ZGTljbZTyMZNRM46YMmyjmZXyqsAD1JBNce%2F3YEcTPTe54157nE1JHri3DwyFQtIReTxa%2BpJenYenfN30QJNf%2Fy3vGc0ObBk8TonskU4%2B%2F2aaU9hTdOQEmdLW6sW2UtTV8%3D&X-Amz-Signature=124136e06cc14da8e82f661cf78edb492cc317153b4ffb6f018ab1a9211d77e8&X-Amz-SignedHeaders=host&response-content-disposition=inline
Roger Carson,esbeck@att.net,Account Mgr,"Mercedes Benz – Ann Arbor, MI","Delta - LaGuardia, NY",11/30/2021,9:15 PM,(666) 666-6681,"$5,570.00",Swing,https://cdn.4insite.com/assets/r638204abf8a74c6588ae0706550a87bc_Wittekind_Kim_WHT_t.jpg,https://cdn.4insite.com/assets/r2d096b1a4ca24d0ea8034d7a248f708e_78321_t.png?X-Amz-Algorithm=AWS4-HMAC-SHA256&X-Amz-Content-Sha256=UNSIGNED-PAYLOAD&X-Amz-Credential=ASIA3P5EIQBK2EAQQJGJ%2F20260612%2Fus-west-2%2Fs3%2Faws4_request&X-Amz-Date=20260612T182822Z&X-Amz-Expires=300&X-Amz-Security-Token=IQoJb3JpZ2luX2VjEFMaCXVzLXdlc3QtMiJIMEYCIQD7KMRDZFJWYkfGCdXYApkS8K5vx6Z0M%2F6glnpxwSJ0jQIhAP3ShKjrMYxejB3Nt%2B9np%2Buje6TcRvAqgNycgnVOQ3ucKu0CCBwQBBoMNzkwMDgxNjAxNjIxIgwHgLc7ZY7sW841rFEqygJy%2BOAkHJMI%2BAajjHps6ZmL%2FZiXZ8KpOCPeJcLFc2HJmV%2BkS5AS%2BO0PtVkBv3Q4n0veLZ%2FqH3fVLFXBfj4t7W0TQ85CnCnBNXv1E7VAH2dp2qr2X2x7CRChFs5BMNXuxLo1nOnhlgPPtvWy%2BZqTaiP%2FksKv7BXWKtcB2fJkIJlkHXmA66EcGkcXPeSrLJYzb8MmXHxBfpCkn5PtDPg75CGm1JRrPwRhkRojfMlhBn39YcwtXSqbMc4%2F58clKYnArfOxaaDEdV4cYA7iizEftKNKmZxMmRn3%2B9Q8YGBTtZn3UjpWFyV69rXDwg%2F6BfoGcwylsc6%2FM7wRp5wHtECG5Z7Ffuvu%2F6BXVjJjLTiFjjcl3z%2BM%2F%2FTuw5bcdDn2l3ycvSYrTEHdTQlqQpQxV0fR50tDKWklUPrgwtXp2TvdNHnvSlqXZszxTg367uAwu9uw0QY6rAKw6ejecdP8ZQ45dk73KWeJl1w8hn0aWvUHRTIVKV5FizKeOv%2FKQrQ8loAJ4v8IA4v3LA2uIolG9DKOFJfI6WA0uOkIdrcoJhI9r92t%2FG7XPE4KhnWAgAPFY3AWvo0rikBjSXc%2Fu2k9BANoqkG4tXWux6YgvS8CaeZ3p8Pei%2Fv1uLYXUyAQBDMcwv1TGYQAlef3fo9eSN8wUKo3%2FzqHHKyq%2BZFX08HAw7lVlzmUedF8P8e0nj0EK2ohDmfh5VnjDC5hBWBJvzFCugkf9ZGTljbZTyMZNRM46YMmyjmZXyqsAD1JBNce%2F3YEcTPTe54157nE1JHri3DwyFQtIReTxa%2BpJenYenfN30QJNf%2Fy3vGc0ObBk8TonskU4%2B%2F2aaU9hTdOQEmdLW6sW2UtTV8%3D&X-Amz-Signature=3b3d2aa62d2ee3d5e19d657664b7692fe6f11f1ef9e5bb2f3a772d0707cd3478&X-Amz-SignedHeaders=host&response-content-disposition=inline
Reese Hicks,tskirvin@yahoo.com,Account Dir,"GE Healthcare – Chicago, IL","Delta - Detroit, MI",02/19/2021,9:40 PM,(222) 222-238,"$3,724.00",Graveyard,https://cdn.4insite.com/assets/r9517ad7ffd7446e9b1dc043c720689fd_NickCullinanHeadshotcopy_t.png,https://cdn.4insite.com/assets/r1dbcefaac33f472b8bab87d886872314_UberEE_t.png?X-Amz-Algorithm=AWS4-HMAC-SHA256&X-Amz-Content-Sha256=UNSIGNED-PAYLOAD&X-Amz-Credential=ASIA3P5EIQBK2EAQQJGJ%2F20260612%2Fus-west-2%2Fs3%2Faws4_request&X-Amz-Date=20260612T182822Z&X-Amz-Expires=300&X-Amz-Security-Token=IQoJb3JpZ2luX2VjEFMaCXVzLXdlc3QtMiJIMEYCIQD7KMRDZFJWYkfGCdXYApkS8K5vx6Z0M%2F6glnpxwSJ0jQIhAP3ShKjrMYxejB3Nt%2B9np%2Buje6TcRvAqgNycgnVOQ3ucKu0CCBwQBBoMNzkwMDgxNjAxNjIxIgwHgLc7ZY7sW841rFEqygJy%2BOAkHJMI%2BAajjHps6ZmL%2FZiXZ8KpOCPeJcLFc2HJmV%2BkS5AS%2BO0PtVkBv3Q4n0veLZ%2FqH3fVLFXBfj4t7W0TQ85CnCnBNXv1E7VAH2dp2qr2X2x7CRChFs5BMNXuxLo1nOnhlgPPtvWy%2BZqTaiP%2FksKv7BXWKtcB2fJkIJlkHXmA66EcGkcXPeSrLJYzb8MmXHxBfpCkn5PtDPg75CGm1JRrPwRhkRojfMlhBn39YcwtXSqbMc4%2F58clKYnArfOxaaDEdV4cYA7iizEftKNKmZxMmRn3%2B9Q8YGBTtZn3UjpWFyV69rXDwg%2F6BfoGcwylsc6%2FM7wRp5wHtECG5Z7Ffuvu%2F6BXVjJjLTiFjjcl3z%2BM%2F%2FTuw5bcdDn2l3ycvSYrTEHdTQlqQpQxV0fR50tDKWklUPrgwtXp2TvdNHnvSlqXZszxTg367uAwu9uw0QY6rAKw6ejecdP8ZQ45dk73KWeJl1w8hn0aWvUHRTIVKV5FizKeOv%2FKQrQ8loAJ4v8IA4v3LA2uIolG9DKOFJfI6WA0uOkIdrcoJhI9r92t%2FG7XPE4KhnWAgAPFY3AWvo0rikBjSXc%2Fu2k9BANoqkG4tXWux6YgvS8CaeZ3p8Pei%2Fv1uLYXUyAQBDMcwv1TGYQAlef3fo9eSN8wUKo3%2FzqHHKyq%2BZFX08HAw7lVlzmUedF8P8e0nj0EK2ohDmfh5VnjDC5hBWBJvzFCugkf9ZGTljbZTyMZNRM46YMmyjmZXyqsAD1JBNce%2F3YEcTPTe54157nE1JHri3DwyFQtIReTxa%2BpJenYenfN30QJNf%2Fy3vGc0ObBk8TonskU4%2B%2F2aaU9hTdOQEmdLW6sW2UtTV8%3D&X-Amz-Signature=4827ef774cf40f00787e3ceedc3b7de53a0f3e55db61f38a500b0f25a8c8197a&X-Amz-SignedHeaders=host&response-content-disposition=inline
Emely Decker,flaviog@live.com,Site Mgr,"Micron (C&W) – Folsom, CA",Microsoft (CBRE) – Puget Sound (CBRE),09/01/2020,12:15 PM,(333) 333-3341,$140.00,Day,https://cdn.4insite.com/assets/1578959432.5334392_Mypic_t.jpg,https://cdn.4insite.com/assets/r0a1cee2e179841c9b22f813f635edc13_portrait_t.png?X-Amz-Algorithm=AWS4-HMAC-SHA256&X-Amz-Content-Sha256=UNSIGNED-PAYLOAD&X-Amz-Credential=ASIA3P5EIQBK2EAQQJGJ%2F20260612%2Fus-west-2%2Fs3%2Faws4_request&X-Amz-Date=20260612T182822Z&X-Amz-Expires=300&X-Amz-Security-Token=IQoJb3JpZ2luX2VjEFMaCXVzLXdlc3QtMiJIMEYCIQD7KMRDZFJWYkfGCdXYApkS8K5vx6Z0M%2F6glnpxwSJ0jQIhAP3ShKjrMYxejB3Nt%2B9np%2Buje6TcRvAqgNycgnVOQ3ucKu0CCBwQBBoMNzkwMDgxNjAxNjIxIgwHgLc7ZY7sW841rFEqygJy%2BOAkHJMI%2BAajjHps6ZmL%2FZiXZ8KpOCPeJcLFc2HJmV%2BkS5AS%2BO0PtVkBv3Q4n0veLZ%2FqH3fVLFXBfj4t7W0TQ85CnCnBNXv1E7VAH2dp2qr2X2x7CRChFs5BMNXuxLo1nOnhlgPPtvWy%2BZqTaiP%2FksKv7BXWKtcB2fJkIJlkHXmA66EcGkcXPeSrLJYzb8MmXHxBfpCkn5PtDPg75CGm1JRrPwRhkRojfMlhBn39YcwtXSqbMc4%2F58clKYnArfOxaaDEdV4cYA7iizEftKNKmZxMmRn3%2B9Q8YGBTtZn3UjpWFyV69rXDwg%2F6BfoGcwylsc6%2FM7wRp5wHtECG5Z7Ffuvu%2F6BXVjJjLTiFjjcl3z%2BM%2F%2FTuw5bcdDn2l3ycvSYrTEHdTQlqQpQxV0fR50tDKWklUPrgwtXp2TvdNHnvSlqXZszxTg367uAwu9uw0QY6rAKw6ejecdP8ZQ45dk73KWeJl1w8hn0aWvUHRTIVKV5FizKeOv%2FKQrQ8loAJ4v8IA4v3LA2uIolG9DKOFJfI6WA0uOkIdrcoJhI9r92t%2FG7XPE4KhnWAgAPFY3AWvo0rikBjSXc%2Fu2k9BANoqkG4tXWux6YgvS8CaeZ3p8Pei%2Fv1uLYXUyAQBDMcwv1TGYQAlef3fo9eSN8wUKo3%2FzqHHKyq%2BZFX08HAw7lVlzmUedF8P8e0nj0EK2ohDmfh5VnjDC5hBWBJvzFCugkf9ZGTljbZTyMZNRM46YMmyjmZXyqsAD1JBNce%2F3YEcTPTe54157nE1JHri3DwyFQtIReTxa%2BpJenYenfN30QJNf%2Fy3vGc0ObBk8TonskU4%2B%2F2aaU9hTdOQEmdLW6sW2UtTV8%3D&X-Amz-Signature=c01b808cf4b89db0d15ac5d4cdb2db34db6f636a0c09e301b33845735b38b565&X-Amz-SignedHeaders=host&response-content-disposition=inline
Ruby Barnett,meinkej@aol.com,Sr Site Mgr,"GM (JLL) – Chandler, AZ","Delta - LaGuardia, NY",12/23/2021,4:40 PM,(222) 222-236,"$6,663.00",Night,https://cdn.4insite.com/assets/r90341859da1b44df8b9859f8860a58df_Screenshot20240116233449_t.png,https://cdn.4insite.com/assets/fca0e506f7bf41a798f7c415a0d3833b_Pic.Med_t.png?X-Amz-Algorithm=AWS4-HMAC-SHA256&X-Amz-Content-Sha256=UNSIGNED-PAYLOAD&X-Amz-Credential=ASIA3P5EIQBK2EAQQJGJ%2F20260612%2Fus-west-2%2Fs3%2Faws4_request&X-Amz-Date=20260612T182822Z&X-Amz-Expires=300&X-Amz-Security-Token=IQoJb3JpZ2luX2VjEFMaCXVzLXdlc3QtMiJIMEYCIQD7KMRDZFJWYkfGCdXYApkS8K5vx6Z0M%2F6glnpxwSJ0jQIhAP3ShKjrMYxejB3Nt%2B9np%2Buje6TcRvAqgNycgnVOQ3ucKu0CCBwQBBoMNzkwMDgxNjAxNjIxIgwHgLc7ZY7sW841rFEqygJy%2BOAkHJMI%2BAajjHps6ZmL%2FZiXZ8KpOCPeJcLFc2HJmV%2BkS5AS%2BO0PtVkBv3Q4n0veLZ%2FqH3fVLFXBfj4t7W0TQ85CnCnBNXv1E7VAH2dp2qr2X2x7CRChFs5BMNXuxLo1nOnhlgPPtvWy%2BZqTaiP%2FksKv7BXWKtcB2fJkIJlkHXmA66EcGkcXPeSrLJYzb8MmXHxBfpCkn5PtDPg75CGm1JRrPwRhkRojfMlhBn39YcwtXSqbMc4%2F58clKYnArfOxaaDEdV4cYA7iizEftKNKmZxMmRn3%2B9Q8YGBTtZn3UjpWFyV69rXDwg%2F6BfoGcwylsc6%2FM7wRp5wHtECG5Z7Ffuvu%2F6BXVjJjLTiFjjcl3z%2BM%2F%2FTuw5bcdDn2l3ycvSYrTEHdTQlqQpQxV0fR50tDKWklUPrgwtXp2TvdNHnvSlqXZszxTg367uAwu9uw0QY6rAKw6ejecdP8ZQ45dk73KWeJl1w8hn0aWvUHRTIVKV5FizKeOv%2FKQrQ8loAJ4v8IA4v3LA2uIolG9DKOFJfI6WA0uOkIdrcoJhI9r92t%2FG7XPE4KhnWAgAPFY3AWvo0rikBjSXc%2Fu2k9BANoqkG4tXWux6YgvS8CaeZ3p8Pei%2Fv1uLYXUyAQBDMcwv1TGYQAlef3fo9eSN8wUKo3%2FzqHHKyq%2BZFX08HAw7lVlzmUedF8P8e0nj0EK2ohDmfh5VnjDC5hBWBJvzFCugkf9ZGTljbZTyMZNRM46YMmyjmZXyqsAD1JBNce%2F3YEcTPTe54157nE1JHri3DwyFQtIReTxa%2BpJenYenfN30QJNf%2Fy3vGc0ObBk8TonskU4%2B%2F2aaU9hTdOQEmdLW6sW2UtTV8%3D&X-Amz-Signature=2855d231249686bf93579edfea06cec83bae2050559ad087907a1d137b2fa658&X-Amz-SignedHeaders=host&response-content-disposition=inline
Jeramiah Vance,marioph@yahoo.ca,Assoc Site Mgr,"GM (JLL) – Chandler, AZ","Delta - Detroit, MI",07/03/2020,9:05 AM,(111) 111-1115,"$4,798.00",Swing,https://cdn.4insite.com/assets/61615d212b634c3fafc1a841455d8f96_TLheadshot_t.jpg,https://cdn.4insite.com/assets/efefa9b9532a4182bf4b181ac1290f2e_JohnSimHeadshot_t.png?X-Amz-Algorithm=AWS4-HMAC-SHA256&X-Amz-Content-Sha256=UNSIGNED-PAYLOAD&X-Amz-Credential=ASIA3P5EIQBK2EAQQJGJ%2F20260612%2Fus-west-2%2Fs3%2Faws4_request&X-Amz-Date=20260612T182822Z&X-Amz-Expires=300&X-Amz-Security-Token=IQoJb3JpZ2luX2VjEFMaCXVzLXdlc3QtMiJIMEYCIQD7KMRDZFJWYkfGCdXYApkS8K5vx6Z0M%2F6glnpxwSJ0jQIhAP3ShKjrMYxejB3Nt%2B9np%2Buje6TcRvAqgNycgnVOQ3ucKu0CCBwQBBoMNzkwMDgxNjAxNjIxIgwHgLc7ZY7sW841rFEqygJy%2BOAkHJMI%2BAajjHps6ZmL%2FZiXZ8KpOCPeJcLFc2HJmV%2BkS5AS%2BO0PtVkBv3Q4n0veLZ%2FqH3fVLFXBfj4t7W0TQ85CnCnBNXv1E7VAH2dp2qr2X2x7CRChFs5BMNXuxLo1nOnhlgPPtvWy%2BZqTaiP%2FksKv7BXWKtcB2fJkIJlkHXmA66EcGkcXPeSrLJYzb8MmXHxBfpCkn5PtDPg75CGm1JRrPwRhkRojfMlhBn39YcwtXSqbMc4%2F58clKYnArfOxaaDEdV4cYA7iizEftKNKmZxMmRn3%2B9Q8YGBTtZn3UjpWFyV69rXDwg%2F6BfoGcwylsc6%2FM7wRp5wHtECG5Z7Ffuvu%2F6BXVjJjLTiFjjcl3z%2BM%2F%2FTuw5bcdDn2l3ycvSYrTEHdTQlqQpQxV0fR50tDKWklUPrgwtXp2TvdNHnvSlqXZszxTg367uAwu9uw0QY6rAKw6ejecdP8ZQ45dk73KWeJl1w8hn0aWvUHRTIVKV5FizKeOv%2FKQrQ8loAJ4v8IA4v3LA2uIolG9DKOFJfI6WA0uOkIdrcoJhI9r92t%2FG7XPE4KhnWAgAPFY3AWvo0rikBjSXc%2Fu2k9BANoqkG4tXWux6YgvS8CaeZ3p8Pei%2Fv1uLYXUyAQBDMcwv1TGYQAlef3fo9eSN8wUKo3%2FzqHHKyq%2BZFX08HAw7lVlzmUedF8P8e0nj0EK2ohDmfh5VnjDC5hBWBJvzFCugkf9ZGTljbZTyMZNRM46YMmyjmZXyqsAD1JBNce%2F3YEcTPTe54157nE1JHri3DwyFQtIReTxa%2BpJenYenfN30QJNf%2Fy3vGc0ObBk8TonskU4%2B%2F2aaU9hTdOQEmdLW6sW2UtTV8%3D&X-Amz-Signature=d6b8cf4f5a18812203fe106bac29e18ec7a9eb863d6d870a3079d9bae4dd8876&X-Amz-SignedHeaders=host&response-content-disposition=inline
Amiah Conner,retoh@optonline.net,Account Mgr,IBM (SG) (CBRE) – MBFC,Microsoft (CBRE) – Puget Sound (CBRE),08/16/2021,6:10 AM,(222) 222-222,"$136,432.49",Graveyard,https://cdn.4insite.com/assets/2cbc7b25e22345be91eed9e2fbfa8387_Upright2_t.jpg,https://cdn.4insite.com/assets/d59260db4c624794aa21a73c958b5e09_FB_IMG_1750046846456_t.png?X-Amz-Algorithm=AWS4-HMAC-SHA256&X-Amz-Content-Sha256=UNSIGNED-PAYLOAD&X-Amz-Credential=ASIA3P5EIQBK2EAQQJGJ%2F20260612%2Fus-west-2%2Fs3%2Faws4_request&X-Amz-Date=20260612T182822Z&X-Amz-Expires=300&X-Amz-Security-Token=IQoJb3JpZ2luX2VjEFMaCXVzLXdlc3QtMiJIMEYCIQD7KMRDZFJWYkfGCdXYApkS8K5vx6Z0M%2F6glnpxwSJ0jQIhAP3ShKjrMYxejB3Nt%2B9np%2Buje6TcRvAqgNycgnVOQ3ucKu0CCBwQBBoMNzkwMDgxNjAxNjIxIgwHgLc7ZY7sW841rFEqygJy%2BOAkHJMI%2BAajjHps6ZmL%2FZiXZ8KpOCPeJcLFc2HJmV%2BkS5AS%2BO0PtVkBv3Q4n0veLZ%2FqH3fVLFXBfj4t7W0TQ85CnCnBNXv1E7VAH2dp2qr2X2x7CRChFs5BMNXuxLo1nOnhlgPPtvWy%2BZqTaiP%2FksKv7BXWKtcB2fJkIJlkHXmA66EcGkcXPeSrLJYzb8MmXHxBfpCkn5PtDPg75CGm1JRrPwRhkRojfMlhBn39YcwtXSqbMc4%2F58clKYnArfOxaaDEdV4cYA7iizEftKNKmZxMmRn3%2B9Q8YGBTtZn3UjpWFyV69rXDwg%2F6BfoGcwylsc6%2FM7wRp5wHtECG5Z7Ffuvu%2F6BXVjJjLTiFjjcl3z%2BM%2F%2FTuw5bcdDn2l3ycvSYrTEHdTQlqQpQxV0fR50tDKWklUPrgwtXp2TvdNHnvSlqXZszxTg367uAwu9uw0QY6rAKw6ejecdP8ZQ45dk73KWeJl1w8hn0aWvUHRTIVKV5FizKeOv%2FKQrQ8loAJ4v8IA4v3LA2uIolG9DKOFJfI6WA0uOkIdrcoJhI9r92t%2FG7XPE4KhnWAgAPFY3AWvo0rikBjSXc%2Fu2k9BANoqkG4tXWux6YgvS8CaeZ3p8Pei%2Fv1uLYXUyAQBDMcwv1TGYQAlef3fo9eSN8wUKo3%2FzqHHKyq%2BZFX08HAw7lVlzmUedF8P8e0nj0EK2ohDmfh5VnjDC5hBWBJvzFCugkf9ZGTljbZTyMZNRM46YMmyjmZXyqsAD1JBNce%2F3YEcTPTe54157nE1JHri3DwyFQtIReTxa%2BpJenYenfN30QJNf%2Fy3vGc0ObBk8TonskU4%2B%2F2aaU9hTdOQEmdLW6sW2UtTV8%3D&X-Amz-Signature=971ed70553b0464c2b817cf5b3eceb6b68d881c62449ceb50272a042c7160a7e&X-Amz-SignedHeaders=host&response-content-disposition=inline
Jayleen Bowman,wmszeliga@mac.com,Account Dir,Abbott – Abbott Park,"Delta - LaGuardia, NY",08/15/2020,5:15 PM,(000) 000-0014,$270.00,Day,https://cdn.4insite.com/assets/6401bf1e6e514db68398fc24c05c6d4f_phan_tai_h_t.png,https://cdn.4insite.com/assets/cca80b92793e43c79e40e57a6d83311c_Headshot_t.png?X-Amz-Algorithm=AWS4-HMAC-SHA256&X-Amz-Content-Sha256=UNSIGNED-PAYLOAD&X-Amz-Credential=ASIA3P5EIQBK2EAQQJGJ%2F20260612%2Fus-west-2%2Fs3%2Faws4_request&X-Amz-Date=20260612T182822Z&X-Amz-Expires=300&X-Amz-Security-Token=IQoJb3JpZ2luX2VjEFMaCXVzLXdlc3QtMiJIMEYCIQD7KMRDZFJWYkfGCdXYApkS8K5vx6Z0M%2F6glnpxwSJ0jQIhAP3ShKjrMYxejB3Nt%2B9np%2Buje6TcRvAqgNycgnVOQ3ucKu0CCBwQBBoMNzkwMDgxNjAxNjIxIgwHgLc7ZY7sW841rFEqygJy%2BOAkHJMI%2BAajjHps6ZmL%2FZiXZ8KpOCPeJcLFc2HJmV%2BkS5AS%2BO0PtVkBv3Q4n0veLZ%2FqH3fVLFXBfj4t7W0TQ85CnCnBNXv1E7VAH2dp2qr2X2x7CRChFs5BMNXuxLo1nOnhlgPPtvWy%2BZqTaiP%2FksKv7BXWKtcB2fJkIJlkHXmA66EcGkcXPeSrLJYzb8MmXHxBfpCkn5PtDPg75CGm1JRrPwRhkRojfMlhBn39YcwtXSqbMc4%2F58clKYnArfOxaaDEdV4cYA7iizEftKNKmZxMmRn3%2B9Q8YGBTtZn3UjpWFyV69rXDwg%2F6BfoGcwylsc6%2FM7wRp5wHtECG5Z7Ffuvu%2F6BXVjJjLTiFjjcl3z%2BM%2F%2FTuw5bcdDn2l3ycvSYrTEHdTQlqQpQxV0fR50tDKWklUPrgwtXp2TvdNHnvSlqXZszxTg367uAwu9uw0QY6rAKw6ejecdP8ZQ45dk73KWeJl1w8hn0aWvUHRTIVKV5FizKeOv%2FKQrQ8loAJ4v8IA4v3LA2uIolG9DKOFJfI6WA0uOkIdrcoJhI9r92t%2FG7XPE4KhnWAgAPFY3AWvo0rikBjSXc%2Fu2k9BANoqkG4tXWux6YgvS8CaeZ3p8Pei%2Fv1uLYXUyAQBDMcwv1TGYQAlef3fo9eSN8wUKo3%2FzqHHKyq%2BZFX08HAw7lVlzmUedF8P8e0nj0EK2ohDmfh5VnjDC5hBWBJvzFCugkf9ZGTljbZTyMZNRM46YMmyjmZXyqsAD1JBNce%2F3YEcTPTe54157nE1JHri3DwyFQtIReTxa%2BpJenYenfN30QJNf%2Fy3vGc0ObBk8TonskU4%2B%2F2aaU9hTdOQEmdLW6sW2UtTV8%3D&X-Amz-Signature=0c0a530f44261bdc038a463cae6216610b526f24c1f66dac578b62f16d86971d&X-Amz-SignedHeaders=host&response-content-disposition=inline
Emiliano Lee,bastian@mac.com,Site Mgr,"Micron (C&W) – Folsom, CA","Delta - Detroit, MI",12/19/2020,2:25 PM,(222) 222-233,"$3,292.00",Night,https://cdn.4insite.com/assets/de4f4480374045e580a2548316c68c8e_540995e8902e4461a0770dc70e7eb48e_t.jpg,https://cdn.4insite.com/assets/c13088edc05c450eb6aaf9e409785659_thumbnail_image0_t.png?X-Amz-Algorithm=AWS4-HMAC-SHA256&X-Amz-Content-Sha256=UNSIGNED-PAYLOAD&X-Amz-Credential=ASIA3P5EIQBK2EAQQJGJ%2F20260612%2Fus-west-2%2Fs3%2Faws4_request&X-Amz-Date=20260612T182822Z&X-Amz-Expires=300&X-Amz-Security-Token=IQoJb3JpZ2luX2VjEFMaCXVzLXdlc3QtMiJIMEYCIQD7KMRDZFJWYkfGCdXYApkS8K5vx6Z0M%2F6glnpxwSJ0jQIhAP3ShKjrMYxejB3Nt%2B9np%2Buje6TcRvAqgNycgnVOQ3ucKu0CCBwQBBoMNzkwMDgxNjAxNjIxIgwHgLc7ZY7sW841rFEqygJy%2BOAkHJMI%2BAajjHps6ZmL%2FZiXZ8KpOCPeJcLFc2HJmV%2BkS5AS%2BO0PtVkBv3Q4n0veLZ%2FqH3fVLFXBfj4t7W0TQ85CnCnBNXv1E7VAH2dp2qr2X2x7CRChFs5BMNXuxLo1nOnhlgPPtvWy%2BZqTaiP%2FksKv7BXWKtcB2fJkIJlkHXmA66EcGkcXPeSrLJYzb8MmXHxBfpCkn5PtDPg75CGm1JRrPwRhkRojfMlhBn39YcwtXSqbMc4%2F58clKYnArfOxaaDEdV4cYA7iizEftKNKmZxMmRn3%2B9Q8YGBTtZn3UjpWFyV69rXDwg%2F6BfoGcwylsc6%2FM7wRp5wHtECG5Z7Ffuvu%2F6BXVjJjLTiFjjcl3z%2BM%2F%2FTuw5bcdDn2l3ycvSYrTEHdTQlqQpQxV0fR50tDKWklUPrgwtXp2TvdNHnvSlqXZszxTg367uAwu9uw0QY6rAKw6ejecdP8ZQ45dk73KWeJl1w8hn0aWvUHRTIVKV5FizKeOv%2FKQrQ8loAJ4v8IA4v3LA2uIolG9DKOFJfI6WA0uOkIdrcoJhI9r92t%2FG7XPE4KhnWAgAPFY3AWvo0rikBjSXc%2Fu2k9BANoqkG4tXWux6YgvS8CaeZ3p8Pei%2Fv1uLYXUyAQBDMcwv1TGYQAlef3fo9eSN8wUKo3%2FzqHHKyq%2BZFX08HAw7lVlzmUedF8P8e0nj0EK2ohDmfh5VnjDC5hBWBJvzFCugkf9ZGTljbZTyMZNRM46YMmyjmZXyqsAD1JBNce%2F3YEcTPTe54157nE1JHri3DwyFQtIReTxa%2BpJenYenfN30QJNf%2Fy3vGc0ObBk8TonskU4%2B%2F2aaU9hTdOQEmdLW6sW2UtTV8%3D&X-Amz-Signature=645984a83ef9952fde2c9f5f96fb368e6a1a83dafa7fbd9f1886eb434d0311f4&X-Amz-SignedHeaders=host&response-content-disposition=inline
Rodrigo Combs,peoplesr@msn.com,Sr Site Mgr,"Nestle – ST. Joseph, MO - Purina ",Microsoft (CBRE) – Puget Sound (CBRE),09/04/2021,10:50 AM,(444) 444-4450,"$2,413.00",Swing,https://cdn.4insite.com/assets/efefa9b9532a4182bf4b181ac1290f2e_JohnSimHeadshot_t.jpg,https://cdn.4insite.com/assets/b8b0155003b141ec97c94c251ecbf1ad_b0d2d80c36974c318013ee5b1d157348_t.png?X-Amz-Algorithm=AWS4-HMAC-SHA256&X-Amz-Content-Sha256=UNSIGNED-PAYLOAD&X-Amz-Credential=ASIA3P5EIQBK2EAQQJGJ%2F20260612%2Fus-west-2%2Fs3%2Faws4_request&X-Amz-Date=20260612T182822Z&X-Amz-Expires=300&X-Amz-Security-Token=IQoJb3JpZ2luX2VjEFMaCXVzLXdlc3QtMiJIMEYCIQD7KMRDZFJWYkfGCdXYApkS8K5vx6Z0M%2F6glnpxwSJ0jQIhAP3ShKjrMYxejB3Nt%2B9np%2Buje6TcRvAqgNycgnVOQ3ucKu0CCBwQBBoMNzkwMDgxNjAxNjIxIgwHgLc7ZY7sW841rFEqygJy%2BOAkHJMI%2BAajjHps6ZmL%2FZiXZ8KpOCPeJcLFc2HJmV%2BkS5AS%2BO0PtVkBv3Q4n0veLZ%2FqH3fVLFXBfj4t7W0TQ85CnCnBNXv1E7VAH2dp2qr2X2x7CRChFs5BMNXuxLo1nOnhlgPPtvWy%2BZqTaiP%2FksKv7BXWKtcB2fJkIJlkHXmA66EcGkcXPeSrLJYzb8MmXHxBfpCkn5PtDPg75CGm1JRrPwRhkRojfMlhBn39YcwtXSqbMc4%2F58clKYnArfOxaaDEdV4cYA7iizEftKNKmZxMmRn3%2B9Q8YGBTtZn3UjpWFyV69rXDwg%2F6BfoGcwylsc6%2FM7wRp5wHtECG5Z7Ffuvu%2F6BXVjJjLTiFjjcl3z%2BM%2F%2FTuw5bcdDn2l3ycvSYrTEHdTQlqQpQxV0fR50tDKWklUPrgwtXp2TvdNHnvSlqXZszxTg367uAwu9uw0QY6rAKw6ejecdP8ZQ45dk73KWeJl1w8hn0aWvUHRTIVKV5FizKeOv%2FKQrQ8loAJ4v8IA4v3LA2uIolG9DKOFJfI6WA0uOkIdrcoJhI9r92t%2FG7XPE4KhnWAgAPFY3AWvo0rikBjSXc%2Fu2k9BANoqkG4tXWux6YgvS8CaeZ3p8Pei%2Fv1uLYXUyAQBDMcwv1TGYQAlef3fo9eSN8wUKo3%2FzqHHKyq%2BZFX08HAw7lVlzmUedF8P8e0nj0EK2ohDmfh5VnjDC5hBWBJvzFCugkf9ZGTljbZTyMZNRM46YMmyjmZXyqsAD1JBNce%2F3YEcTPTe54157nE1JHri3DwyFQtIReTxa%2BpJenYenfN30QJNf%2Fy3vGc0ObBk8TonskU4%2B%2F2aaU9hTdOQEmdLW6sW2UtTV8%3D&X-Amz-Signature=0c3b86b05f0b324ad05b9ec390f353a1ad054f5f7916cb91244f30c8b3d87831&X-Amz-SignedHeaders=host&response-content-disposition=inline
Landon Graves,redingtn@comcast.net,Assoc Site Mgr,Abbott – ADD - Great America,"Delta - LaGuardia, NY",07/03/2021,6:15 PM,(777) 777-7791,"$6,821.00",Graveyard,https://cdn.4insite.com/assets/e7f7acbcca5749318687b48ededea6bc_Screenshot20240306095329_t.png,https://cdn.4insite.com/assets/b410b7defaf74300a45a5d7613d4d26e_1000001389_t.png?X-Amz-Algorithm=AWS4-HMAC-SHA256&X-Amz-Content-Sha256=UNSIGNED-PAYLOAD&X-Amz-Credential=ASIA3P5EIQBK2EAQQJGJ%2F20260612%2Fus-west-2%2Fs3%2Faws4_request&X-Amz-Date=20260612T182822Z&X-Amz-Expires=300&X-Amz-Security-Token=IQoJb3JpZ2luX2VjEFMaCXVzLXdlc3QtMiJIMEYCIQD7KMRDZFJWYkfGCdXYApkS8K5vx6Z0M%2F6glnpxwSJ0jQIhAP3ShKjrMYxejB3Nt%2B9np%2Buje6TcRvAqgNycgnVOQ3ucKu0CCBwQBBoMNzkwMDgxNjAxNjIxIgwHgLc7ZY7sW841rFEqygJy%2BOAkHJMI%2BAajjHps6ZmL%2FZiXZ8KpOCPeJcLFc2HJmV%2BkS5AS%2BO0PtVkBv3Q4n0veLZ%2FqH3fVLFXBfj4t7W0TQ85CnCnBNXv1E7VAH2dp2qr2X2x7CRChFs5BMNXuxLo1nOnhlgPPtvWy%2BZqTaiP%2FksKv7BXWKtcB2fJkIJlkHXmA66EcGkcXPeSrLJYzb8MmXHxBfpCkn5PtDPg75CGm1JRrPwRhkRojfMlhBn39YcwtXSqbMc4%2F58clKYnArfOxaaDEdV4cYA7iizEftKNKmZxMmRn3%2B9Q8YGBTtZn3UjpWFyV69rXDwg%2F6BfoGcwylsc6%2FM7wRp5wHtECG5Z7Ffuvu%2F6BXVjJjLTiFjjcl3z%2BM%2F%2FTuw5bcdDn2l3ycvSYrTEHdTQlqQpQxV0fR50tDKWklUPrgwtXp2TvdNHnvSlqXZszxTg367uAwu9uw0QY6rAKw6ejecdP8ZQ45dk73KWeJl1w8hn0aWvUHRTIVKV5FizKeOv%2FKQrQ8loAJ4v8IA4v3LA2uIolG9DKOFJfI6WA0uOkIdrcoJhI9r92t%2FG7XPE4KhnWAgAPFY3AWvo0rikBjSXc%2Fu2k9BANoqkG4tXWux6YgvS8CaeZ3p8Pei%2Fv1uLYXUyAQBDMcwv1TGYQAlef3fo9eSN8wUKo3%2FzqHHKyq%2BZFX08HAw7lVlzmUedF8P8e0nj0EK2ohDmfh5VnjDC5hBWBJvzFCugkf9ZGTljbZTyMZNRM46YMmyjmZXyqsAD1JBNce%2F3YEcTPTe54157nE1JHri3DwyFQtIReTxa%2BpJenYenfN30QJNf%2Fy3vGc0ObBk8TonskU4%2B%2F2aaU9hTdOQEmdLW6sW2UtTV8%3D&X-Amz-Signature=468514fb9163c1d963a2fac243e50cbff7fdd6966494be25c5af4c224d9a81c9&X-Amz-SignedHeaders=host&response-content-disposition=inline
Kassandra Cline,neonatus@att.net,Account Mgr,"Clorox (CBRE) – Oakland, CA ","Delta - Detroit, MI",03/23/2021,7:30 AM,(000) 000-0001,"$1,033.00",Day,https://cdn.4insite.com/assets/b3aac23b813844779bd6508dddd5a62e_SBMProfilePicture_t.jpg,https://cdn.4insite.com/assets/b285f90a676f4b62b0d2fb74a940bae3_REALESTATEPIC_t.png?X-Amz-Algorithm=AWS4-HMAC-SHA256&X-Amz-Content-Sha256=UNSIGNED-PAYLOAD&X-Amz-Credential=ASIA3P5EIQBK2EAQQJGJ%2F20260612%2Fus-west-2%2Fs3%2Faws4_request&X-Amz-Date=20260612T182822Z&X-Amz-Expires=300&X-Amz-Security-Token=IQoJb3JpZ2luX2VjEFMaCXVzLXdlc3QtMiJIMEYCIQD7KMRDZFJWYkfGCdXYApkS8K5vx6Z0M%2F6glnpxwSJ0jQIhAP3ShKjrMYxejB3Nt%2B9np%2Buje6TcRvAqgNycgnVOQ3ucKu0CCBwQBBoMNzkwMDgxNjAxNjIxIgwHgLc7ZY7sW841rFEqygJy%2BOAkHJMI%2BAajjHps6ZmL%2FZiXZ8KpOCPeJcLFc2HJmV%2BkS5AS%2BO0PtVkBv3Q4n0veLZ%2FqH3fVLFXBfj4t7W0TQ85CnCnBNXv1E7VAH2dp2qr2X2x7CRChFs5BMNXuxLo1nOnhlgPPtvWy%2BZqTaiP%2FksKv7BXWKtcB2fJkIJlkHXmA66EcGkcXPeSrLJYzb8MmXHxBfpCkn5PtDPg75CGm1JRrPwRhkRojfMlhBn39YcwtXSqbMc4%2F58clKYnArfOxaaDEdV4cYA7iizEftKNKmZxMmRn3%2B9Q8YGBTtZn3UjpWFyV69rXDwg%2F6BfoGcwylsc6%2FM7wRp5wHtECG5Z7Ffuvu%2F6BXVjJjLTiFjjcl3z%2BM%2F%2FTuw5bcdDn2l3ycvSYrTEHdTQlqQpQxV0fR50tDKWklUPrgwtXp2TvdNHnvSlqXZszxTg367uAwu9uw0QY6rAKw6ejecdP8ZQ45dk73KWeJl1w8hn0aWvUHRTIVKV5FizKeOv%2FKQrQ8loAJ4v8IA4v3LA2uIolG9DKOFJfI6WA0uOkIdrcoJhI9r92t%2FG7XPE4KhnWAgAPFY3AWvo0rikBjSXc%2Fu2k9BANoqkG4tXWux6YgvS8CaeZ3p8Pei%2Fv1uLYXUyAQBDMcwv1TGYQAlef3fo9eSN8wUKo3%2FzqHHKyq%2BZFX08HAw7lVlzmUedF8P8e0nj0EK2ohDmfh5VnjDC5hBWBJvzFCugkf9ZGTljbZTyMZNRM46YMmyjmZXyqsAD1JBNce%2F3YEcTPTe54157nE1JHri3DwyFQtIReTxa%2BpJenYenfN30QJNf%2Fy3vGc0ObBk8TonskU4%2B%2F2aaU9hTdOQEmdLW6sW2UtTV8%3D&X-Amz-Signature=4785d93360f0a68cca74cfa54bdb2e0c025ae6b2dbfd86bd8ba86269ab87a018&X-Amz-SignedHeaders=host&response-content-disposition=inline
Jose Larson,mddallara@optonline.net,Account Dir,Wells Fargo (CBRE) – Campus - MN,Microsoft (CBRE) – Puget Sound (CBRE),12/12/2021,1:25 PM,(888) 888-8897,"$8,283.00",Night,https://cdn.4insite.com/assets/1597972659.6729383_PaulVolkerdingInSitePhoto4_t.jpg,https://cdn.4insite.com/assets/b023bd3e186f4a198bc6a16b8730b43e_IMG_4897_t.png?X-Amz-Algorithm=AWS4-HMAC-SHA256&X-Amz-Content-Sha256=UNSIGNED-PAYLOAD&X-Amz-Credential=ASIA3P5EIQBK2EAQQJGJ%2F20260612%2Fus-west-2%2Fs3%2Faws4_request&X-Amz-Date=20260612T182822Z&X-Amz-Expires=300&X-Amz-Security-Token=IQoJb3JpZ2luX2VjEFMaCXVzLXdlc3QtMiJIMEYCIQD7KMRDZFJWYkfGCdXYApkS8K5vx6Z0M%2F6glnpxwSJ0jQIhAP3ShKjrMYxejB3Nt%2B9np%2Buje6TcRvAqgNycgnVOQ3ucKu0CCBwQBBoMNzkwMDgxNjAxNjIxIgwHgLc7ZY7sW841rFEqygJy%2BOAkHJMI%2BAajjHps6ZmL%2FZiXZ8KpOCPeJcLFc2HJmV%2BkS5AS%2BO0PtVkBv3Q4n0veLZ%2FqH3fVLFXBfj4t7W0TQ85CnCnBNXv1E7VAH2dp2qr2X2x7CRChFs5BMNXuxLo1nOnhlgPPtvWy%2BZqTaiP%2FksKv7BXWKtcB2fJkIJlkHXmA66EcGkcXPeSrLJYzb8MmXHxBfpCkn5PtDPg75CGm1JRrPwRhkRojfMlhBn39YcwtXSqbMc4%2F58clKYnArfOxaaDEdV4cYA7iizEftKNKmZxMmRn3%2B9Q8YGBTtZn3UjpWFyV69rXDwg%2F6BfoGcwylsc6%2FM7wRp5wHtECG5Z7Ffuvu%2F6BXVjJjLTiFjjcl3z%2BM%2F%2FTuw5bcdDn2l3ycvSYrTEHdTQlqQpQxV0fR50tDKWklUPrgwtXp2TvdNHnvSlqXZszxTg367uAwu9uw0QY6rAKw6ejecdP8ZQ45dk73KWeJl1w8hn0aWvUHRTIVKV5FizKeOv%2FKQrQ8loAJ4v8IA4v3LA2uIolG9DKOFJfI6WA0uOkIdrcoJhI9r92t%2FG7XPE4KhnWAgAPFY3AWvo0rikBjSXc%2Fu2k9BANoqkG4tXWux6YgvS8CaeZ3p8Pei%2Fv1uLYXUyAQBDMcwv1TGYQAlef3fo9eSN8wUKo3%2FzqHHKyq%2BZFX08HAw7lVlzmUedF8P8e0nj0EK2ohDmfh5VnjDC5hBWBJvzFCugkf9ZGTljbZTyMZNRM46YMmyjmZXyqsAD1JBNce%2F3YEcTPTe54157nE1JHri3DwyFQtIReTxa%2BpJenYenfN30QJNf%2Fy3vGc0ObBk8TonskU4%2B%2F2aaU9hTdOQEmdLW6sW2UtTV8%3D&X-Amz-Signature=e76427c803b53beb74b7e25aca6a664ede4bcfe94fa3d255f2bbf3b79135b630&X-Amz-SignedHeaders=host&response-content-disposition=inline
Rene Mendoza,grothoff@outlook.com,Site Mgr,"Technicolor (CBRE) – Memphis, TN","Delta - LaGuardia, NY",09/07/2021,5:10 PM,(888) 888-8902,$70.00,Swing,https://cdn.4insite.com/assets/16ab09b15705453394c90c1bdefcc920_Jasmine_Campos_057_Websize_t.jpg,https://cdn.4insite.com/assets/a750b029139a49e483b90d485b951f26_IMG_2981_t.png?X-Amz-Algorithm=AWS4-HMAC-SHA256&X-Amz-Content-Sha256=UNSIGNED-PAYLOAD&X-Amz-Credential=ASIA3P5EIQBK2EAQQJGJ%2F20260612%2Fus-west-2%2Fs3%2Faws4_request&X-Amz-Date=20260612T182822Z&X-Amz-Expires=300&X-Amz-Security-Token=IQoJb3JpZ2luX2VjEFMaCXVzLXdlc3QtMiJIMEYCIQD7KMRDZFJWYkfGCdXYApkS8K5vx6Z0M%2F6glnpxwSJ0jQIhAP3ShKjrMYxejB3Nt%2B9np%2Buje6TcRvAqgNycgnVOQ3ucKu0CCBwQBBoMNzkwMDgxNjAxNjIxIgwHgLc7ZY7sW841rFEqygJy%2BOAkHJMI%2BAajjHps6ZmL%2FZiXZ8KpOCPeJcLFc2HJmV%2BkS5AS%2BO0PtVkBv3Q4n0veLZ%2FqH3fVLFXBfj4t7W0TQ85CnCnBNXv1E7VAH2dp2qr2X2x7CRChFs5BMNXuxLo1nOnhlgPPtvWy%2BZqTaiP%2FksKv7BXWKtcB2fJkIJlkHXmA66EcGkcXPeSrLJYzb8MmXHxBfpCkn5PtDPg75CGm1JRrPwRhkRojfMlhBn39YcwtXSqbMc4%2F58clKYnArfOxaaDEdV4cYA7iizEftKNKmZxMmRn3%2B9Q8YGBTtZn3UjpWFyV69rXDwg%2F6BfoGcwylsc6%2FM7wRp5wHtECG5Z7Ffuvu%2F6BXVjJjLTiFjjcl3z%2BM%2F%2FTuw5bcdDn2l3ycvSYrTEHdTQlqQpQxV0fR50tDKWklUPrgwtXp2TvdNHnvSlqXZszxTg367uAwu9uw0QY6rAKw6ejecdP8ZQ45dk73KWeJl1w8hn0aWvUHRTIVKV5FizKeOv%2FKQrQ8loAJ4v8IA4v3LA2uIolG9DKOFJfI6WA0uOkIdrcoJhI9r92t%2FG7XPE4KhnWAgAPFY3AWvo0rikBjSXc%2Fu2k9BANoqkG4tXWux6YgvS8CaeZ3p8Pei%2Fv1uLYXUyAQBDMcwv1TGYQAlef3fo9eSN8wUKo3%2FzqHHKyq%2BZFX08HAw7lVlzmUedF8P8e0nj0EK2ohDmfh5VnjDC5hBWBJvzFCugkf9ZGTljbZTyMZNRM46YMmyjmZXyqsAD1JBNce%2F3YEcTPTe54157nE1JHri3DwyFQtIReTxa%2BpJenYenfN30QJNf%2Fy3vGc0ObBk8TonskU4%2B%2F2aaU9hTdOQEmdLW6sW2UtTV8%3D&X-Amz-Signature=6a6595c201139647fde3a92c4b72f6032600e40639e54fe81c8a5c2c8b7d96c3&X-Amz-SignedHeaders=host&response-content-disposition=inline
Georgia Horn,dsugal@outlook.com,Sr Site Mgr,"State Farm (CBRE) – Duluth, GA","Delta - Detroit, MI",07/03/2021,8:15 PM,(888) 888-8903,$240.00,Graveyard,https://cdn.4insite.com/assets/c965d3339f034fe2bf19448110dab4cc_ir_t.jpg,https://cdn.4insite.com/assets/a686535912b44ebca3bc8933686b93e9_jhfgyuf_t.png?X-Amz-Algorithm=AWS4-HMAC-SHA256&X-Amz-Content-Sha256=UNSIGNED-PAYLOAD&X-Amz-Credential=ASIA3P5EIQBK2EAQQJGJ%2F20260612%2Fus-west-2%2Fs3%2Faws4_request&X-Amz-Date=20260612T182822Z&X-Amz-Expires=300&X-Amz-Security-Token=IQoJb3JpZ2luX2VjEFMaCXVzLXdlc3QtMiJIMEYCIQD7KMRDZFJWYkfGCdXYApkS8K5vx6Z0M%2F6glnpxwSJ0jQIhAP3ShKjrMYxejB3Nt%2B9np%2Buje6TcRvAqgNycgnVOQ3ucKu0CCBwQBBoMNzkwMDgxNjAxNjIxIgwHgLc7ZY7sW841rFEqygJy%2BOAkHJMI%2BAajjHps6ZmL%2FZiXZ8KpOCPeJcLFc2HJmV%2BkS5AS%2BO0PtVkBv3Q4n0veLZ%2FqH3fVLFXBfj4t7W0TQ85CnCnBNXv1E7VAH2dp2qr2X2x7CRChFs5BMNXuxLo1nOnhlgPPtvWy%2BZqTaiP%2FksKv7BXWKtcB2fJkIJlkHXmA66EcGkcXPeSrLJYzb8MmXHxBfpCkn5PtDPg75CGm1JRrPwRhkRojfMlhBn39YcwtXSqbMc4%2F58clKYnArfOxaaDEdV4cYA7iizEftKNKmZxMmRn3%2B9Q8YGBTtZn3UjpWFyV69rXDwg%2F6BfoGcwylsc6%2FM7wRp5wHtECG5Z7Ffuvu%2F6BXVjJjLTiFjjcl3z%2BM%2F%2FTuw5bcdDn2l3ycvSYrTEHdTQlqQpQxV0fR50tDKWklUPrgwtXp2TvdNHnvSlqXZszxTg367uAwu9uw0QY6rAKw6ejecdP8ZQ45dk73KWeJl1w8hn0aWvUHRTIVKV5FizKeOv%2FKQrQ8loAJ4v8IA4v3LA2uIolG9DKOFJfI6WA0uOkIdrcoJhI9r92t%2FG7XPE4KhnWAgAPFY3AWvo0rikBjSXc%2Fu2k9BANoqkG4tXWux6YgvS8CaeZ3p8Pei%2Fv1uLYXUyAQBDMcwv1TGYQAlef3fo9eSN8wUKo3%2FzqHHKyq%2BZFX08HAw7lVlzmUedF8P8e0nj0EK2ohDmfh5VnjDC5hBWBJvzFCugkf9ZGTljbZTyMZNRM46YMmyjmZXyqsAD1JBNce%2F3YEcTPTe54157nE1JHri3DwyFQtIReTxa%2BpJenYenfN30QJNf%2Fy3vGc0ObBk8TonskU4%2B%2F2aaU9hTdOQEmdLW6sW2UtTV8%3D&X-Amz-Signature=ab2700ba7b7fe4a8141d48aa0fbfe27274200e15bc7fe7db4decad1a28e5d41b&X-Amz-SignedHeaders=host&response-content-disposition=inline
Reagan Glenn,ajlitt@mac.com,Assoc Site Mgr,General Dynamics – Bloomington,Microsoft (CBRE) – Puget Sound (CBRE),01/22/2020,2:35 PM,(444) 444-4455,"$6,524.00",Day,https://cdn.4insite.com/assets/r5f3b444f682142be910bcc8571fe54d7_Screenshot20250604105003_t.png,https://cdn.4insite.com/assets/a5722943188c44dfad5f47f12f274998_HS_t.png?X-Amz-Algorithm=AWS4-HMAC-SHA256&X-Amz-Content-Sha256=UNSIGNED-PAYLOAD&X-Amz-Credential=ASIA3P5EIQBK2EAQQJGJ%2F20260612%2Fus-west-2%2Fs3%2Faws4_request&X-Amz-Date=20260612T182822Z&X-Amz-Expires=300&X-Amz-Security-Token=IQoJb3JpZ2luX2VjEFMaCXVzLXdlc3QtMiJIMEYCIQD7KMRDZFJWYkfGCdXYApkS8K5vx6Z0M%2F6glnpxwSJ0jQIhAP3ShKjrMYxejB3Nt%2B9np%2Buje6TcRvAqgNycgnVOQ3ucKu0CCBwQBBoMNzkwMDgxNjAxNjIxIgwHgLc7ZY7sW841rFEqygJy%2BOAkHJMI%2BAajjHps6ZmL%2FZiXZ8KpOCPeJcLFc2HJmV%2BkS5AS%2BO0PtVkBv3Q4n0veLZ%2FqH3fVLFXBfj4t7W0TQ85CnCnBNXv1E7VAH2dp2qr2X2x7CRChFs5BMNXuxLo1nOnhlgPPtvWy%2BZqTaiP%2FksKv7BXWKtcB2fJkIJlkHXmA66EcGkcXPeSrLJYzb8MmXHxBfpCkn5PtDPg75CGm1JRrPwRhkRojfMlhBn39YcwtXSqbMc4%2F58clKYnArfOxaaDEdV4cYA7iizEftKNKmZxMmRn3%2B9Q8YGBTtZn3UjpWFyV69rXDwg%2F6BfoGcwylsc6%2FM7wRp5wHtECG5Z7Ffuvu%2F6BXVjJjLTiFjjcl3z%2BM%2F%2FTuw5bcdDn2l3ycvSYrTEHdTQlqQpQxV0fR50tDKWklUPrgwtXp2TvdNHnvSlqXZszxTg367uAwu9uw0QY6rAKw6ejecdP8ZQ45dk73KWeJl1w8hn0aWvUHRTIVKV5FizKeOv%2FKQrQ8loAJ4v8IA4v3LA2uIolG9DKOFJfI6WA0uOkIdrcoJhI9r92t%2FG7XPE4KhnWAgAPFY3AWvo0rikBjSXc%2Fu2k9BANoqkG4tXWux6YgvS8CaeZ3p8Pei%2Fv1uLYXUyAQBDMcwv1TGYQAlef3fo9eSN8wUKo3%2FzqHHKyq%2BZFX08HAw7lVlzmUedF8P8e0nj0EK2ohDmfh5VnjDC5hBWBJvzFCugkf9ZGTljbZTyMZNRM46YMmyjmZXyqsAD1JBNce%2F3YEcTPTe54157nE1JHri3DwyFQtIReTxa%2BpJenYenfN30QJNf%2Fy3vGc0ObBk8TonskU4%2B%2F2aaU9hTdOQEmdLW6sW2UtTV8%3D&X-Amz-Signature=a34ad5cbf5f62c45757ca07d4a53687a7c89461fc2a0bd8f0765f9cd790e177c&X-Amz-SignedHeaders=host&response-content-disposition=inline
Viviana Gill,portscan@me.com,Account Mgr,"GE Aviation – Terre Haute, IN","Delta - LaGuardia, NY",03/27/2022,1:20 PM,(777) 777-7786,"$9,152.00",Night,https://cdn.4insite.com/assets/076efe35141a4e04a9328866d7a796b2_C._t.png,https://cdn.4insite.com/assets/7fc87ad42a274fe69b2087f3387d5e35_received_1255780525445749_t.png?X-Amz-Algorithm=AWS4-HMAC-SHA256&X-Amz-Content-Sha256=UNSIGNED-PAYLOAD&X-Amz-Credential=ASIA3P5EIQBK2EAQQJGJ%2F20260612%2Fus-west-2%2Fs3%2Faws4_request&X-Amz-Date=20260612T182822Z&X-Amz-Expires=300&X-Amz-Security-Token=IQoJb3JpZ2luX2VjEFMaCXVzLXdlc3QtMiJIMEYCIQD7KMRDZFJWYkfGCdXYApkS8K5vx6Z0M%2F6glnpxwSJ0jQIhAP3ShKjrMYxejB3Nt%2B9np%2Buje6TcRvAqgNycgnVOQ3ucKu0CCBwQBBoMNzkwMDgxNjAxNjIxIgwHgLc7ZY7sW841rFEqygJy%2BOAkHJMI%2BAajjHps6ZmL%2FZiXZ8KpOCPeJcLFc2HJmV%2BkS5AS%2BO0PtVkBv3Q4n0veLZ%2FqH3fVLFXBfj4t7W0TQ85CnCnBNXv1E7VAH2dp2qr2X2x7CRChFs5BMNXuxLo1nOnhlgPPtvWy%2BZqTaiP%2FksKv7BXWKtcB2fJkIJlkHXmA66EcGkcXPeSrLJYzb8MmXHxBfpCkn5PtDPg75CGm1JRrPwRhkRojfMlhBn39YcwtXSqbMc4%2F58clKYnArfOxaaDEdV4cYA7iizEftKNKmZxMmRn3%2B9Q8YGBTtZn3UjpWFyV69rXDwg%2F6BfoGcwylsc6%2FM7wRp5wHtECG5Z7Ffuvu%2F6BXVjJjLTiFjjcl3z%2BM%2F%2FTuw5bcdDn2l3ycvSYrTEHdTQlqQpQxV0fR50tDKWklUPrgwtXp2TvdNHnvSlqXZszxTg367uAwu9uw0QY6rAKw6ejecdP8ZQ45dk73KWeJl1w8hn0aWvUHRTIVKV5FizKeOv%2FKQrQ8loAJ4v8IA4v3LA2uIolG9DKOFJfI6WA0uOkIdrcoJhI9r92t%2FG7XPE4KhnWAgAPFY3AWvo0rikBjSXc%2Fu2k9BANoqkG4tXWux6YgvS8CaeZ3p8Pei%2Fv1uLYXUyAQBDMcwv1TGYQAlef3fo9eSN8wUKo3%2FzqHHKyq%2BZFX08HAw7lVlzmUedF8P8e0nj0EK2ohDmfh5VnjDC5hBWBJvzFCugkf9ZGTljbZTyMZNRM46YMmyjmZXyqsAD1JBNce%2F3YEcTPTe54157nE1JHri3DwyFQtIReTxa%2BpJenYenfN30QJNf%2Fy3vGc0ObBk8TonskU4%2B%2F2aaU9hTdOQEmdLW6sW2UtTV8%3D&X-Amz-Signature=25032598663d6c47c4306e25de3563a16a8980c77dc356f3c603d900d4c9326a&X-Amz-SignedHeaders=host&response-content-disposition=inline
Howard Jimenez,anicolao@yahoo.com,Account Dir,"Endo Pharmaceuticals Inc – Malvern, PA","Delta - Detroit, MI",08/23/2020,1:00 PM,(333) 333-3342,"$8,287.00",Swing,https://cdn.4insite.com/assets/d1e07d0700fa4b0189e6ac5acc5ddaf7_KS924IMG_5297_t.jpg,https://cdn.4insite.com/assets/69fee21232c14e0ea0e26b8e42ffe817_1715277802227_t.png?X-Amz-Algorithm=AWS4-HMAC-SHA256&X-Amz-Content-Sha256=UNSIGNED-PAYLOAD&X-Amz-Credential=ASIA3P5EIQBK2EAQQJGJ%2F20260612%2Fus-west-2%2Fs3%2Faws4_request&X-Amz-Date=20260612T182822Z&X-Amz-Expires=300&X-Amz-Security-Token=IQoJb3JpZ2luX2VjEFMaCXVzLXdlc3QtMiJIMEYCIQD7KMRDZFJWYkfGCdXYApkS8K5vx6Z0M%2F6glnpxwSJ0jQIhAP3ShKjrMYxejB3Nt%2B9np%2Buje6TcRvAqgNycgnVOQ3ucKu0CCBwQBBoMNzkwMDgxNjAxNjIxIgwHgLc7ZY7sW841rFEqygJy%2BOAkHJMI%2BAajjHps6ZmL%2FZiXZ8KpOCPeJcLFc2HJmV%2BkS5AS%2BO0PtVkBv3Q4n0veLZ%2FqH3fVLFXBfj4t7W0TQ85CnCnBNXv1E7VAH2dp2qr2X2x7CRChFs5BMNXuxLo1nOnhlgPPtvWy%2BZqTaiP%2FksKv7BXWKtcB2fJkIJlkHXmA66EcGkcXPeSrLJYzb8MmXHxBfpCkn5PtDPg75CGm1JRrPwRhkRojfMlhBn39YcwtXSqbMc4%2F58clKYnArfOxaaDEdV4cYA7iizEftKNKmZxMmRn3%2B9Q8YGBTtZn3UjpWFyV69rXDwg%2F6BfoGcwylsc6%2FM7wRp5wHtECG5Z7Ffuvu%2F6BXVjJjLTiFjjcl3z%2BM%2F%2FTuw5bcdDn2l3ycvSYrTEHdTQlqQpQxV0fR50tDKWklUPrgwtXp2TvdNHnvSlqXZszxTg367uAwu9uw0QY6rAKw6ejecdP8ZQ45dk73KWeJl1w8hn0aWvUHRTIVKV5FizKeOv%2FKQrQ8loAJ4v8IA4v3LA2uIolG9DKOFJfI6WA0uOkIdrcoJhI9r92t%2FG7XPE4KhnWAgAPFY3AWvo0rikBjSXc%2Fu2k9BANoqkG4tXWux6YgvS8CaeZ3p8Pei%2Fv1uLYXUyAQBDMcwv1TGYQAlef3fo9eSN8wUKo3%2FzqHHKyq%2BZFX08HAw7lVlzmUedF8P8e0nj0EK2ohDmfh5VnjDC5hBWBJvzFCugkf9ZGTljbZTyMZNRM46YMmyjmZXyqsAD1JBNce%2F3YEcTPTe54157nE1JHri3DwyFQtIReTxa%2BpJenYenfN30QJNf%2Fy3vGc0ObBk8TonskU4%2B%2F2aaU9hTdOQEmdLW6sW2UtTV8%3D&X-Amz-Signature=fa549b22da73547c71a96512c1e2549a1f0440fa607f0d29fc5e9daf5a5ba5c3&X-Amz-SignedHeaders=host&response-content-disposition=inline
Lillian Newman,birddog@optonline.net,Site Mgr,"Genentech – Hillsboro, OR",Microsoft (CBRE) – Puget Sound (CBRE),01/28/2020,9:55 PM,(555) 555-5571,"$2,525.00",Graveyard,https://cdn.4insite.com/assets/d00d62b4d550470eae367630d8785362_1714354628162_t.jpg,https://cdn.4insite.com/assets/6401bf1e6e514db68398fc24c05c6d4f_phan_tai_h_t.png?X-Amz-Algorithm=AWS4-HMAC-SHA256&X-Amz-Content-Sha256=UNSIGNED-PAYLOAD&X-Amz-Credential=ASIA3P5EIQBK2EAQQJGJ%2F20260612%2Fus-west-2%2Fs3%2Faws4_request&X-Amz-Date=20260612T182822Z&X-Amz-Expires=300&X-Amz-Security-Token=IQoJb3JpZ2luX2VjEFMaCXVzLXdlc3QtMiJIMEYCIQD7KMRDZFJWYkfGCdXYApkS8K5vx6Z0M%2F6glnpxwSJ0jQIhAP3ShKjrMYxejB3Nt%2B9np%2Buje6TcRvAqgNycgnVOQ3ucKu0CCBwQBBoMNzkwMDgxNjAxNjIxIgwHgLc7ZY7sW841rFEqygJy%2BOAkHJMI%2BAajjHps6ZmL%2FZiXZ8KpOCPeJcLFc2HJmV%2BkS5AS%2BO0PtVkBv3Q4n0veLZ%2FqH3fVLFXBfj4t7W0TQ85CnCnBNXv1E7VAH2dp2qr2X2x7CRChFs5BMNXuxLo1nOnhlgPPtvWy%2BZqTaiP%2FksKv7BXWKtcB2fJkIJlkHXmA66EcGkcXPeSrLJYzb8MmXHxBfpCkn5PtDPg75CGm1JRrPwRhkRojfMlhBn39YcwtXSqbMc4%2F58clKYnArfOxaaDEdV4cYA7iizEftKNKmZxMmRn3%2B9Q8YGBTtZn3UjpWFyV69rXDwg%2F6BfoGcwylsc6%2FM7wRp5wHtECG5Z7Ffuvu%2F6BXVjJjLTiFjjcl3z%2BM%2F%2FTuw5bcdDn2l3ycvSYrTEHdTQlqQpQxV0fR50tDKWklUPrgwtXp2TvdNHnvSlqXZszxTg367uAwu9uw0QY6rAKw6ejecdP8ZQ45dk73KWeJl1w8hn0aWvUHRTIVKV5FizKeOv%2FKQrQ8loAJ4v8IA4v3LA2uIolG9DKOFJfI6WA0uOkIdrcoJhI9r92t%2FG7XPE4KhnWAgAPFY3AWvo0rikBjSXc%2Fu2k9BANoqkG4tXWux6YgvS8CaeZ3p8Pei%2Fv1uLYXUyAQBDMcwv1TGYQAlef3fo9eSN8wUKo3%2FzqHHKyq%2BZFX08HAw7lVlzmUedF8P8e0nj0EK2ohDmfh5VnjDC5hBWBJvzFCugkf9ZGTljbZTyMZNRM46YMmyjmZXyqsAD1JBNce%2F3YEcTPTe54157nE1JHri3DwyFQtIReTxa%2BpJenYenfN30QJNf%2Fy3vGc0ObBk8TonskU4%2B%2F2aaU9hTdOQEmdLW6sW2UtTV8%3D&X-Amz-Signature=be7a9ae0f0b4d7310b78330efc5d61890014080eef09c392cae6c0d21cef55a1&X-Amz-SignedHeaders=host&response-content-disposition=inline
Akira Holder,draper@gmail.com,Sr Site Mgr,"McKesson (CBRE) – Irving, TX","Delta - LaGuardia, NY",09/22/2020,8:30 AM,(333) 333-3336,"$5,345.00",Day,https://cdn.4insite.com/assets/565bfdbaac2a4262a5ac04091553d5ec_Screenshot20250701163710_t.png,https://cdn.4insite.com/assets/61c4197397a9465383b2fa6fbb46e986_ProfessionalHeadshotCENTERED_t.png?X-Amz-Algorithm=AWS4-HMAC-SHA256&X-Amz-Content-Sha256=UNSIGNED-PAYLOAD&X-Amz-Credential=ASIA3P5EIQBK2EAQQJGJ%2F20260612%2Fus-west-2%2Fs3%2Faws4_request&X-Amz-Date=20260612T182822Z&X-Amz-Expires=300&X-Amz-Security-Token=IQoJb3JpZ2luX2VjEFMaCXVzLXdlc3QtMiJIMEYCIQD7KMRDZFJWYkfGCdXYApkS8K5vx6Z0M%2F6glnpxwSJ0jQIhAP3ShKjrMYxejB3Nt%2B9np%2Buje6TcRvAqgNycgnVOQ3ucKu0CCBwQBBoMNzkwMDgxNjAxNjIxIgwHgLc7ZY7sW841rFEqygJy%2BOAkHJMI%2BAajjHps6ZmL%2FZiXZ8KpOCPeJcLFc2HJmV%2BkS5AS%2BO0PtVkBv3Q4n0veLZ%2FqH3fVLFXBfj4t7W0TQ85CnCnBNXv1E7VAH2dp2qr2X2x7CRChFs5BMNXuxLo1nOnhlgPPtvWy%2BZqTaiP%2FksKv7BXWKtcB2fJkIJlkHXmA66EcGkcXPeSrLJYzb8MmXHxBfpCkn5PtDPg75CGm1JRrPwRhkRojfMlhBn39YcwtXSqbMc4%2F58clKYnArfOxaaDEdV4cYA7iizEftKNKmZxMmRn3%2B9Q8YGBTtZn3UjpWFyV69rXDwg%2F6BfoGcwylsc6%2FM7wRp5wHtECG5Z7Ffuvu%2F6BXVjJjLTiFjjcl3z%2BM%2F%2FTuw5bcdDn2l3ycvSYrTEHdTQlqQpQxV0fR50tDKWklUPrgwtXp2TvdNHnvSlqXZszxTg367uAwu9uw0QY6rAKw6ejecdP8ZQ45dk73KWeJl1w8hn0aWvUHRTIVKV5FizKeOv%2FKQrQ8loAJ4v8IA4v3LA2uIolG9DKOFJfI6WA0uOkIdrcoJhI9r92t%2FG7XPE4KhnWAgAPFY3AWvo0rikBjSXc%2Fu2k9BANoqkG4tXWux6YgvS8CaeZ3p8Pei%2Fv1uLYXUyAQBDMcwv1TGYQAlef3fo9eSN8wUKo3%2FzqHHKyq%2BZFX08HAw7lVlzmUedF8P8e0nj0EK2ohDmfh5VnjDC5hBWBJvzFCugkf9ZGTljbZTyMZNRM46YMmyjmZXyqsAD1JBNce%2F3YEcTPTe54157nE1JHri3DwyFQtIReTxa%2BpJenYenfN30QJNf%2Fy3vGc0ObBk8TonskU4%2B%2F2aaU9hTdOQEmdLW6sW2UtTV8%3D&X-Amz-Signature=ff2e4b8cd56162d0c7c3a529a422a3470e2d112f487994cf746816f79222ea2e&X-Amz-SignedHeaders=host&response-content-disposition=inline
Trevin Gamble,santif212@gmail.com,Assoc Site Mgr,Asurion (JLL) – Gulch,"Delta - Detroit, MI",09/10/2020,10:30 PM,(333) 333-3350,"$9,351.00",Night,https://cdn.4insite.com/assets/rcc6afba07d254bf89928b722f362caba_JR2023_t.jpg,https://cdn.4insite.com/assets/5cc0d9763ca748b7bc433e5824ffc29b_img_5928_t.png?X-Amz-Algorithm=AWS4-HMAC-SHA256&X-Amz-Content-Sha256=UNSIGNED-PAYLOAD&X-Amz-Credential=ASIA3P5EIQBK2EAQQJGJ%2F20260612%2Fus-west-2%2Fs3%2Faws4_request&X-Amz-Date=20260612T182822Z&X-Amz-Expires=300&X-Amz-Security-Token=IQoJb3JpZ2luX2VjEFMaCXVzLXdlc3QtMiJIMEYCIQD7KMRDZFJWYkfGCdXYApkS8K5vx6Z0M%2F6glnpxwSJ0jQIhAP3ShKjrMYxejB3Nt%2B9np%2Buje6TcRvAqgNycgnVOQ3ucKu0CCBwQBBoMNzkwMDgxNjAxNjIxIgwHgLc7ZY7sW841rFEqygJy%2BOAkHJMI%2BAajjHps6ZmL%2FZiXZ8KpOCPeJcLFc2HJmV%2BkS5AS%2BO0PtVkBv3Q4n0veLZ%2FqH3fVLFXBfj4t7W0TQ85CnCnBNXv1E7VAH2dp2qr2X2x7CRChFs5BMNXuxLo1nOnhlgPPtvWy%2BZqTaiP%2FksKv7BXWKtcB2fJkIJlkHXmA66EcGkcXPeSrLJYzb8MmXHxBfpCkn5PtDPg75CGm1JRrPwRhkRojfMlhBn39YcwtXSqbMc4%2F58clKYnArfOxaaDEdV4cYA7iizEftKNKmZxMmRn3%2B9Q8YGBTtZn3UjpWFyV69rXDwg%2F6BfoGcwylsc6%2FM7wRp5wHtECG5Z7Ffuvu%2F6BXVjJjLTiFjjcl3z%2BM%2F%2FTuw5bcdDn2l3ycvSYrTEHdTQlqQpQxV0fR50tDKWklUPrgwtXp2TvdNHnvSlqXZszxTg367uAwu9uw0QY6rAKw6ejecdP8ZQ45dk73KWeJl1w8hn0aWvUHRTIVKV5FizKeOv%2FKQrQ8loAJ4v8IA4v3LA2uIolG9DKOFJfI6WA0uOkIdrcoJhI9r92t%2FG7XPE4KhnWAgAPFY3AWvo0rikBjSXc%2Fu2k9BANoqkG4tXWux6YgvS8CaeZ3p8Pei%2Fv1uLYXUyAQBDMcwv1TGYQAlef3fo9eSN8wUKo3%2FzqHHKyq%2BZFX08HAw7lVlzmUedF8P8e0nj0EK2ohDmfh5VnjDC5hBWBJvzFCugkf9ZGTljbZTyMZNRM46YMmyjmZXyqsAD1JBNce%2F3YEcTPTe54157nE1JHri3DwyFQtIReTxa%2BpJenYenfN30QJNf%2Fy3vGc0ObBk8TonskU4%2B%2F2aaU9hTdOQEmdLW6sW2UtTV8%3D&X-Amz-Signature=cb2241d80bb65807f57fcdb9e5c64d999264066367abeb9512e80a394b99f738&X-Amz-SignedHeaders=host&response-content-disposition=inline
Tanner Mcmahon,sabren@att.net,Account Mgr,Lockheed Martin Space – North Denver Metro,Microsoft (CBRE) – Puget Sound (CBRE),04/21/2020,11:35 AM,(444) 444-4451,"$2,389.00",Swing,https://cdn.4insite.com/assets/1b5f1cdd74ae46a1a28ff280bc63762c_RayLopez_t.jpg,https://cdn.4insite.com/assets/4b1edb2c76e84ad59c7aa5633efa9591_Gus_t.png?X-Amz-Algorithm=AWS4-HMAC-SHA256&X-Amz-Content-Sha256=UNSIGNED-PAYLOAD&X-Amz-Credential=ASIA3P5EIQBK2EAQQJGJ%2F20260612%2Fus-west-2%2Fs3%2Faws4_request&X-Amz-Date=20260612T182822Z&X-Amz-Expires=300&X-Amz-Security-Token=IQoJb3JpZ2luX2VjEFMaCXVzLXdlc3QtMiJIMEYCIQD7KMRDZFJWYkfGCdXYApkS8K5vx6Z0M%2F6glnpxwSJ0jQIhAP3ShKjrMYxejB3Nt%2B9np%2Buje6TcRvAqgNycgnVOQ3ucKu0CCBwQBBoMNzkwMDgxNjAxNjIxIgwHgLc7ZY7sW841rFEqygJy%2BOAkHJMI%2BAajjHps6ZmL%2FZiXZ8KpOCPeJcLFc2HJmV%2BkS5AS%2BO0PtVkBv3Q4n0veLZ%2FqH3fVLFXBfj4t7W0TQ85CnCnBNXv1E7VAH2dp2qr2X2x7CRChFs5BMNXuxLo1nOnhlgPPtvWy%2BZqTaiP%2FksKv7BXWKtcB2fJkIJlkHXmA66EcGkcXPeSrLJYzb8MmXHxBfpCkn5PtDPg75CGm1JRrPwRhkRojfMlhBn39YcwtXSqbMc4%2F58clKYnArfOxaaDEdV4cYA7iizEftKNKmZxMmRn3%2B9Q8YGBTtZn3UjpWFyV69rXDwg%2F6BfoGcwylsc6%2FM7wRp5wHtECG5Z7Ffuvu%2F6BXVjJjLTiFjjcl3z%2BM%2F%2FTuw5bcdDn2l3ycvSYrTEHdTQlqQpQxV0fR50tDKWklUPrgwtXp2TvdNHnvSlqXZszxTg367uAwu9uw0QY6rAKw6ejecdP8ZQ45dk73KWeJl1w8hn0aWvUHRTIVKV5FizKeOv%2FKQrQ8loAJ4v8IA4v3LA2uIolG9DKOFJfI6WA0uOkIdrcoJhI9r92t%2FG7XPE4KhnWAgAPFY3AWvo0rikBjSXc%2Fu2k9BANoqkG4tXWux6YgvS8CaeZ3p8Pei%2Fv1uLYXUyAQBDMcwv1TGYQAlef3fo9eSN8wUKo3%2FzqHHKyq%2BZFX08HAw7lVlzmUedF8P8e0nj0EK2ohDmfh5VnjDC5hBWBJvzFCugkf9ZGTljbZTyMZNRM46YMmyjmZXyqsAD1JBNce%2F3YEcTPTe54157nE1JHri3DwyFQtIReTxa%2BpJenYenfN30QJNf%2Fy3vGc0ObBk8TonskU4%2B%2F2aaU9hTdOQEmdLW6sW2UtTV8%3D&X-Amz-Signature=0e947a4653374910eaab9e85e16e39947322312b16d456f57ec836f80735935d&X-Amz-SignedHeaders=host&response-content-disposition=inline